dataset,sequence_id,modality,frames_dir,num_frames,has_depth,has_mask,has_stereo,split,sample_frame,domain
C3VD,cecum_t1_a\cecum_t1_a,rgb,datasets/C3VD/cecum_t1_a/cecum_t1_a,1379,False,False,False,train,datasets/C3VD/cecum_t1_a/cecum_t1_a/0000_depth.tiff,gi
Cholec80-Boxes,Images\Images\video_41,rgb,datasets/Cholec80-Boxes/Images/Images/video_41,3103,False,False,False,train,datasets/Cholec80-Boxes/Images/Images/video_41/Video_41_00001.png,laparo
Cholec80-Boxes,Images\Images\video_42,rgb,datasets/Cholec80-Boxes/Images/Images/video_42,3712,False,False,False,test,datasets/Cholec80-Boxes/Images/Images/video_42/Video_42_00001.png,laparo
Cholec80-Boxes,Images\Images\video_43,rgb,datasets/Cholec80-Boxes/Images/Images/video_43,2362,False,False,False,train,datasets/Cholec80-Boxes/Images/Images/video_43/Video_43_00001.png,laparo
Cholec80-Boxes,Images\Images\video_44,rgb,datasets/Cholec80-Boxes/Images/Images/video_44,3127,False,False,False,train,datasets/Cholec80-Boxes/Images/Images/video_44/Video_44_00001.png,laparo
Cholec80-Boxes,Images\Images\video_45,rgb,datasets/Cholec80-Boxes/Images/Images/video_45,3387,False,False,False,train,datasets/Cholec80-Boxes/Images/Images/video_45/Video_45_00001.png,laparo
CholecSeg8k,images,rgb,datasets/CholecSeg8k/images,8080,False,True,False,train,datasets/CholecSeg8k/images/video01_frame_100_endo.png,laparo
EndoNeRF,pulling_soft_tissues\masks\left_video.mp4,video,datasets/EndoNeRF/pulling_soft_tissues/masks,-1,False,False,False,train,datasets/EndoNeRF/pulling_soft_tissues/masks/left_video.mp4,laparo
EndoNeRF,cutting_tissues_twice\images,rgbd,datasets/EndoNeRF/cutting_tissues_twice/images,156,True,True,True,train,datasets/EndoNeRF/cutting_tissues_twice/images/000000.png,laparo
EndoNeRF,pulling_soft_tissues\images,rgbd,datasets/EndoNeRF/pulling_soft_tissues/images,63,True,True,True,val,datasets/EndoNeRF/pulling_soft_tissues/images/frame-000000.color.png,laparo
endoscapes,endoscapes,rgb,datasets/endoscapes/endoscapes,2,False,False,False,train,datasets/endoscapes/endoscapes/endoscapes_examples.png,laparo
endoscapes,endoscapes\12_5\train_0,rgb,datasets/endoscapes/endoscapes/12_5/train_0,3660,False,False,False,train,datasets/endoscapes/endoscapes/12_5/train_0/101_39800.jpg,laparo
endoscapes,endoscapes\12_5\train_1,rgb,datasets/endoscapes/endoscapes/12_5/train_1,2010,False,False,False,train,datasets/endoscapes/endoscapes/12_5/train_1/107_50325.jpg,laparo
endoscapes,endoscapes\12_5\train_2,rgb,datasets/endoscapes/endoscapes/12_5/train_2,3915,False,False,False,train,datasets/endoscapes/endoscapes/12_5/train_2/107_50325.jpg,laparo
endoscapes,endoscapes\25\train_0,rgb,datasets/endoscapes/endoscapes/25/train_0,8235,False,False,False,train,datasets/endoscapes/endoscapes/25/train_0/101_39800.jpg,laparo
endoscapes,endoscapes\25\train_1,rgb,datasets/endoscapes/endoscapes/25/train_1,8299,False,False,False,train,datasets/endoscapes/endoscapes/25/train_1/100_27200.jpg,laparo
endoscapes,endoscapes\25\train_2,rgb,datasets/endoscapes/endoscapes/25/train_2,10380,False,False,False,train,datasets/endoscapes/endoscapes/25/train_2/100_27200.jpg,laparo
endoscapes,endoscapes\all,rgb,datasets/endoscapes/endoscapes/all,58585,False,True,False,train,datasets/endoscapes/endoscapes/all/100_27200.jpg,laparo
endoscapes,endoscapes\test,rgb,datasets/endoscapes/endoscapes/test,9747,False,True,False,test,datasets/endoscapes/endoscapes/test/162_5850.jpg,laparo
endoscapes,endoscapes\train,rgb,datasets/endoscapes/endoscapes/train,36694,False,True,False,train,datasets/endoscapes/endoscapes/train/100_27200.jpg,laparo
endoscapes,endoscapes\val,rgb,datasets/endoscapes/endoscapes/val,12372,False,True,False,val,datasets/endoscapes/endoscapes/val/121_14850.jpg,laparo
endovis2017_full,endovis2017\train\image,rgb,datasets/endovis2017_full/endovis2017/train/image,1800,False,True,False,train,datasets/endovis2017_full/endovis2017/train/image/seq_1_frame000.bmp,laparo
endovis2017_full,endovis2017\val1\image,rgb,datasets/endovis2017_full/endovis2017/val1/image,75,False,True,False,val,datasets/endovis2017_full/endovis2017/val1/image/seq_1_frame225.bmp,laparo
endovis2017_full,endovis2017\val10\image,rgb,datasets/endovis2017_full/endovis2017/val10/image,300,False,True,False,val,datasets/endovis2017_full/endovis2017/val10/image/seq_10_frame000.bmp,laparo
endovis2017_full,endovis2017\val2\image,rgb,datasets/endovis2017_full/endovis2017/val2/image,75,False,True,False,val,datasets/endovis2017_full/endovis2017/val2/image/seq_2_frame225.bmp,laparo
endovis2017_full,endovis2017\val3\image,rgb,datasets/endovis2017_full/endovis2017/val3/image,75,False,True,False,val,datasets/endovis2017_full/endovis2017/val3/image/seq_3_frame225.bmp,laparo
endovis2017_full,endovis2017\val4\image,rgb,datasets/endovis2017_full/endovis2017/val4/image,75,False,True,False,val,datasets/endovis2017_full/endovis2017/val4/image/seq_4_frame225.bmp,laparo
endovis2017_full,endovis2017\val5\image,rgb,datasets/endovis2017_full/endovis2017/val5/image,75,False,True,False,val,datasets/endovis2017_full/endovis2017/val5/image/seq_5_frame225.bmp,laparo
endovis2017_full,endovis2017\val6\image,rgb,datasets/endovis2017_full/endovis2017/val6/image,75,False,True,False,val,datasets/endovis2017_full/endovis2017/val6/image/seq_6_frame225.bmp,laparo
endovis2017_full,endovis2017\val7\image,rgb,datasets/endovis2017_full/endovis2017/val7/image,75,False,True,False,val,datasets/endovis2017_full/endovis2017/val7/image/seq_7_frame225.bmp,laparo
endovis2017_full,endovis2017\val8\image,rgb,datasets/endovis2017_full/endovis2017/val8/image,75,False,True,False,val,datasets/endovis2017_full/endovis2017/val8/image/seq_8_frame225.bmp,laparo
endovis2017_full,endovis2017\val9\image,rgb,datasets/endovis2017_full/endovis2017/val9/image,1,False,True,False,val,datasets/endovis2017_full/endovis2017/val9/image/seq_9_frame299.bmp,laparo
endovis2018_full,endovis2018\train\image,rgb,datasets/endovis2018_full/endovis2018/train/image,1800,False,True,False,train,datasets/endovis2018_full/endovis2018/train/image/seq_1_frame000.bmp,laparo
endovis2018_full,endovis2018\val\image,rgb,datasets/endovis2018_full/endovis2018/val/image,1200,False,True,False,val,datasets/endovis2018_full/endovis2018/val/image/seq_10_frame000.bmp,laparo
Kvasir-Instrument,images\images,rgb,datasets/Kvasir-Instrument/images/images,590,False,False,False,train,datasets/Kvasir-Instrument/images/images/ckcu8ty6z00003b5yzfaezbs5.jpg,gi
Stereo_Lap,rectified01\rectified01\image01,rgbd,datasets/Stereo_Lap/rectified01/rectified01/image01,1058,True,False,False,val,datasets/Stereo_Lap/rectified01/rectified01/image01/0000000000.jpg,laparo
Stereo_Lap,rectified01\rectified01\image02,rgbd,datasets/Stereo_Lap/rectified01/rectified01/image02,1058,True,False,False,train,datasets/Stereo_Lap/rectified01/rectified01/image02/0000000000.jpg,laparo
Stereo_Lap,rectified04\rectified04\image01,rgbd,datasets/Stereo_Lap/rectified04/rectified04/image01,1573,True,False,False,train,datasets/Stereo_Lap/rectified04/rectified04/image01/0000000000.jpg,laparo
Stereo_Lap,rectified04\rectified04\image02,rgbd,datasets/Stereo_Lap/rectified04/rectified04/image02,1573,True,False,False,train,datasets/Stereo_Lap/rectified04/rectified04/image02/0000000000.jpg,laparo
Stereo_Lap,rectified05\rectified05\image01,rgbd,datasets/Stereo_Lap/rectified05/rectified05/image01,899,True,False,False,train,datasets/Stereo_Lap/rectified05/rectified05/image01/0000000000.jpg,laparo
Stereo_Lap,rectified05\rectified05\image02,rgbd,datasets/Stereo_Lap/rectified05/rectified05/image02,899,True,False,False,train,datasets/Stereo_Lap/rectified05/rectified05/image02/0000000000.jpg,laparo
Stereo_Lap,rectified06\rectified06\image01,rgbd,datasets/Stereo_Lap/rectified06/rectified06/image01,1237,True,False,False,train,datasets/Stereo_Lap/rectified06/rectified06/image01/0000000000.jpg,laparo
Stereo_Lap,rectified06\rectified06\image02,rgbd,datasets/Stereo_Lap/rectified06/rectified06/image02,1237,True,False,False,train,datasets/Stereo_Lap/rectified06/rectified06/image02/0000000000.jpg,laparo
Stereo_Lap,rectified08\rectified08\image01,rgbd,datasets/Stereo_Lap/rectified08/rectified08/image01,14393,True,False,False,test,datasets/Stereo_Lap/rectified08/rectified08/image01/0000000000.jpg,laparo
Stereo_Lap,rectified08\rectified08\image02,rgbd,datasets/Stereo_Lap/rectified08/rectified08/image02,14393,True,False,False,test,datasets/Stereo_Lap/rectified08/rectified08/image02/0000000000.jpg,laparo
Stereo_Lap,rectified09\rectified09\image01,rgbd,datasets/Stereo_Lap/rectified09/rectified09/image01,806,True,False,False,train,datasets/Stereo_Lap/rectified09/rectified09/image01/0000000000.jpg,laparo
Stereo_Lap,rectified09\rectified09\image02,rgbd,datasets/Stereo_Lap/rectified09/rectified09/image02,806,True,False,False,train,datasets/Stereo_Lap/rectified09/rectified09/image02/0000000000.jpg,laparo
Stereo_Lap,rectified11\rectified11\image01,rgbd,datasets/Stereo_Lap/rectified11/rectified11/image01,2427,True,False,False,train,datasets/Stereo_Lap/rectified11/rectified11/image01/0000000000.jpg,laparo
Stereo_Lap,rectified11\rectified11\image02,rgbd,datasets/Stereo_Lap/rectified11/rectified11/image02,2427,True,False,False,train,datasets/Stereo_Lap/rectified11/rectified11/image02/0000000000.jpg,laparo
Stereo_Lap,rectified12\rectified12\image01,rgbd,datasets/Stereo_Lap/rectified12/rectified12/image01,3389,True,False,False,train,datasets/Stereo_Lap/rectified12/rectified12/image01/0000000000.jpg,laparo
Stereo_Lap,rectified12\rectified12\image02,rgbd,datasets/Stereo_Lap/rectified12/rectified12/image02,3389,True,False,False,test,datasets/Stereo_Lap/rectified12/rectified12/image02/0000000000.jpg,laparo
Stereo_Lap,rectified14\rectified14\image01,rgbd,datasets/Stereo_Lap/rectified14/rectified14/image01,5742,True,False,False,val,datasets/Stereo_Lap/rectified14/rectified14/image01/0000000000.jpg,laparo
Stereo_Lap,rectified14\rectified14\image02,rgbd,datasets/Stereo_Lap/rectified14/rectified14/image02,5742,True,False,False,train,datasets/Stereo_Lap/rectified14/rectified14/image02/0000000000.jpg,laparo
Stereo_Lap,rectified15\rectified15\image01,rgbd,datasets/Stereo_Lap/rectified15/rectified15/image01,4155,True,False,False,train,datasets/Stereo_Lap/rectified15/rectified15/image01/0000000000.jpg,laparo
Stereo_Lap,rectified15\rectified15\image02,rgbd,datasets/Stereo_Lap/rectified15/rectified15/image02,4155,True,False,False,train,datasets/Stereo_Lap/rectified15/rectified15/image02/0000000000.jpg,laparo
Stereo_Lap,rectified16\rectified16\image01,rgbd,datasets/Stereo_Lap/rectified16/rectified16/image01,4169,True,False,False,train,datasets/Stereo_Lap/rectified16/rectified16/image01/0000000000.jpg,laparo
Stereo_Lap,rectified16\rectified16\image02,rgbd,datasets/Stereo_Lap/rectified16/rectified16/image02,4169,True,False,False,train,datasets/Stereo_Lap/rectified16/rectified16/image02/0000000000.jpg,laparo
Stereo_Lap,rectified17\rectified17\image01,rgbd,datasets/Stereo_Lap/rectified17/rectified17/image01,3651,True,False,False,train,datasets/Stereo_Lap/rectified17/rectified17/image01/0000000000.jpg,laparo
Stereo_Lap,rectified17\rectified17\image02,rgbd,datasets/Stereo_Lap/rectified17/rectified17/image02,3651,True,False,False,train,datasets/Stereo_Lap/rectified17/rectified17/image02/0000000000.jpg,laparo
Stereo_Lap,rectified18\rectified18\image01,rgbd,datasets/Stereo_Lap/rectified18/rectified18/image01,5596,True,False,False,val,datasets/Stereo_Lap/rectified18/rectified18/image01/0000000000.jpg,laparo
Stereo_Lap,rectified18\rectified18\image02,rgbd,datasets/Stereo_Lap/rectified18/rectified18/image02,5596,True,False,False,train,datasets/Stereo_Lap/rectified18/rectified18/image02/0000000000.jpg,laparo
Stereo_Lap,rectified19\rectified19\image01,rgbd,datasets/Stereo_Lap/rectified19/rectified19/image01,10622,True,False,False,train,datasets/Stereo_Lap/rectified19/rectified19/image01/0000000000.jpg,laparo
Stereo_Lap,rectified19\rectified19\image02,rgbd,datasets/Stereo_Lap/rectified19/rectified19/image02,10622,True,False,False,train,datasets/Stereo_Lap/rectified19/rectified19/image02/0000000000.jpg,laparo
Stereo_Lap,rectified20\rectified20\image01,rgbd,datasets/Stereo_Lap/rectified20/rectified20/image01,2619,True,False,False,train,datasets/Stereo_Lap/rectified20/rectified20/image01/0000000000.jpg,laparo
Stereo_Lap,rectified20\rectified20\image02,rgbd,datasets/Stereo_Lap/rectified20/rectified20/image02,2619,True,False,False,train,datasets/Stereo_Lap/rectified20/rectified20/image02/0000000000.jpg,laparo
Stereo_Lap,rectified21\rectified21\image01,rgbd,datasets/Stereo_Lap/rectified21/rectified21/image01,5367,True,False,False,train,datasets/Stereo_Lap/rectified21/rectified21/image01/0000000000.jpg,laparo
Stereo_Lap,rectified21\rectified21\image02,rgbd,datasets/Stereo_Lap/rectified21/rectified21/image02,5367,True,False,False,train,datasets/Stereo_Lap/rectified21/rectified21/image02/0000000000.jpg,laparo
Stereo_Lap,rectified22\rectified22\image01,rgbd,datasets/Stereo_Lap/rectified22/rectified22/image01,2016,True,False,False,train,datasets/Stereo_Lap/rectified22/rectified22/image01/0000000000.jpg,laparo
Stereo_Lap,rectified22\rectified22\image02,rgbd,datasets/Stereo_Lap/rectified22/rectified22/image02,2016,True,False,False,test,datasets/Stereo_Lap/rectified22/rectified22/image02/0000000000.jpg,laparo
Stereo_Lap,rectified23\rectified23\image01,rgbd,datasets/Stereo_Lap/rectified23/rectified23/image01,11255,True,False,False,train,datasets/Stereo_Lap/rectified23/rectified23/image01/0000000000.jpg,laparo
Stereo_Lap,rectified23\rectified23\image02,rgbd,datasets/Stereo_Lap/rectified23/rectified23/image02,11255,True,False,False,test,datasets/Stereo_Lap/rectified23/rectified23/image02/0000000000.jpg,laparo
Stereo_Lap,rectified24\rectified24\image01,rgbd,datasets/Stereo_Lap/rectified24/rectified24/image01,3674,True,False,False,train,datasets/Stereo_Lap/rectified24/rectified24/image01/0000000000.jpg,laparo
Stereo_Lap,rectified24\rectified24\image02,rgbd,datasets/Stereo_Lap/rectified24/rectified24/image02,3674,True,False,False,train,datasets/Stereo_Lap/rectified24/rectified24/image02/0000000000.jpg,laparo
Stereo_Lap,rectified25\rectified25\image01,rgbd,datasets/Stereo_Lap/rectified25/rectified25/image01,2121,True,False,False,train,datasets/Stereo_Lap/rectified25/rectified25/image01/0000000000.jpg,laparo
Stereo_Lap,rectified25\rectified25\image02,rgbd,datasets/Stereo_Lap/rectified25/rectified25/image02,2121,True,False,False,train,datasets/Stereo_Lap/rectified25/rectified25/image02/0000000000.jpg,laparo
Stereo_Lap,rectified26\rectified26\image01,rgbd,datasets/Stereo_Lap/rectified26/rectified26/image01,3257,True,False,False,train,datasets/Stereo_Lap/rectified26/rectified26/image01/0000000000.jpg,laparo
Stereo_Lap,rectified26\rectified26\image02,rgbd,datasets/Stereo_Lap/rectified26/rectified26/image02,3257,True,False,False,train,datasets/Stereo_Lap/rectified26/rectified26/image02/0000000000.jpg,laparo
Stereo_Lap,rectified27\rectified27\image01,rgbd,datasets/Stereo_Lap/rectified27/rectified27/image01,2646,True,False,False,train,datasets/Stereo_Lap/rectified27/rectified27/image01/0000000000.jpg,laparo
Stereo_Lap,rectified27\rectified27\image02,rgbd,datasets/Stereo_Lap/rectified27/rectified27/image02,2646,True,False,False,train,datasets/Stereo_Lap/rectified27/rectified27/image02/0000000000.jpg,laparo
STIR,STIRChallenge_2024\02\left\seq05\frames\00078760ms-00081600ms-visible.mp4,video,datasets/STIR/STIRChallenge_2024/02/left/seq05/frames,-1,False,False,False,train,datasets/STIR/STIRChallenge_2024/02/left/seq05/frames/00078760ms-00081600ms-visible.mp4,laparo
STIR,STIRChallenge_2024\02\left\seq08\frames\00095800ms-00102880ms-visible.mp4,video,datasets/STIR/STIRChallenge_2024/02/left/seq08/frames,-1,False,False,False,train,datasets/STIR/STIRChallenge_2024/02/left/seq08/frames/00095800ms-00102880ms-visible.mp4,laparo
STIR,STIRChallenge_2024\02\left\seq09\frames\00104320ms-00105640ms-visible.mp4,video,datasets/STIR/STIRChallenge_2024/02/left/seq09/frames,-1,False,False,False,test,datasets/STIR/STIRChallenge_2024/02/left/seq09/frames/00104320ms-00105640ms-visible.mp4,laparo
STIR,STIRChallenge_2024\02\left\seq11\frames\00111280ms-00117000ms-visible.mp4,video,datasets/STIR/STIRChallenge_2024/02/left/seq11/frames,-1,False,False,False,train,datasets/STIR/STIRChallenge_2024/02/left/seq11/frames/00111280ms-00117000ms-visible.mp4,laparo
STIR,STIRChallenge_2024\02\left\seq15\frames\00149160ms-00152040ms-visible.mp4,video,datasets/STIR/STIRChallenge_2024/02/left/seq15/frames,-1,False,False,False,train,datasets/STIR/STIRChallenge_2024/02/left/seq15/frames/00149160ms-00152040ms-visible.mp4,laparo
STIR,STIRChallenge_2024\02\left\seq20\frames\00179400ms-00184040ms-visible.mp4,video,datasets/STIR/STIRChallenge_2024/02/left/seq20/frames,-1,False,False,False,train,datasets/STIR/STIRChallenge_2024/02/left/seq20/frames/00179400ms-00184040ms-visible.mp4,laparo
STIR,STIRChallenge_2024\02\left\seq23\frames\00195800ms-00211800ms-visible.mp4,video,datasets/STIR/STIRChallenge_2024/02/left/seq23/frames,-1,False,False,False,train,datasets/STIR/STIRChallenge_2024/02/left/seq23/frames/00195800ms-00211800ms-visible.mp4,laparo
STIR,STIRChallenge_2024\02\left\seq24\frames\00213000ms-00218200ms-visible.mp4,video,datasets/STIR/STIRChallenge_2024/02/left/seq24/frames,-1,False,False,False,train,datasets/STIR/STIRChallenge_2024/02/left/seq24/frames/00213000ms-00218200ms-visible.mp4,laparo
STIR,STIRChallenge_2024\02\left\seq26\frames\00224760ms-00230960ms-visible.mp4,video,datasets/STIR/STIRChallenge_2024/02/left/seq26/frames,-1,False,False,False,train,datasets/STIR/STIRChallenge_2024/02/left/seq26/frames/00224760ms-00230960ms-visible.mp4,laparo
STIR,STIRChallenge_2024\02\left\seq28\frames\00297680ms-00304720ms-visible.mp4,video,datasets/STIR/STIRChallenge_2024/02/left/seq28/frames,-1,False,False,False,train,datasets/STIR/STIRChallenge_2024/02/left/seq28/frames/00297680ms-00304720ms-visible.mp4,laparo
STIR,STIRChallenge_2024\02\left\seq32\frames\00332600ms-00336880ms-visible.mp4,video,datasets/STIR/STIRChallenge_2024/02/left/seq32/frames,-1,False,False,False,train,datasets/STIR/STIRChallenge_2024/02/left/seq32/frames/00332600ms-00336880ms-visible.mp4,laparo
STIR,STIRChallenge_2024\02\left\seq35\frames\00356880ms-00364440ms-visible.mp4,video,datasets/STIR/STIRChallenge_2024/02/left/seq35/frames,-1,False,False,False,test,datasets/STIR/STIRChallenge_2024/02/left/seq35/frames/00356880ms-00364440ms-visible.mp4,laparo
STIR,STIRChallenge_2024\02\right\seq05\frames\00078760ms-00081600ms-visible.mp4,video,datasets/STIR/STIRChallenge_2024/02/right/seq05/frames,-1,False,False,False,train,datasets/STIR/STIRChallenge_2024/02/right/seq05/frames/00078760ms-00081600ms-visible.mp4,laparo
STIR,STIRChallenge_2024\02\right\seq08\frames\00095800ms-00102880ms-visible.mp4,video,datasets/STIR/STIRChallenge_2024/02/right/seq08/frames,-1,False,False,False,test,datasets/STIR/STIRChallenge_2024/02/right/seq08/frames/00095800ms-00102880ms-visible.mp4,laparo
STIR,STIRChallenge_2024\02\right\seq09\frames\00104320ms-00105640ms-visible.mp4,video,datasets/STIR/STIRChallenge_2024/02/right/seq09/frames,-1,False,False,False,train,datasets/STIR/STIRChallenge_2024/02/right/seq09/frames/00104320ms-00105640ms-visible.mp4,laparo
STIR,STIRChallenge_2024\02\right\seq11\frames\00111280ms-00117000ms-visible.mp4,video,datasets/STIR/STIRChallenge_2024/02/right/seq11/frames,-1,False,False,False,train,datasets/STIR/STIRChallenge_2024/02/right/seq11/frames/00111280ms-00117000ms-visible.mp4,laparo
STIR,STIRChallenge_2024\02\right\seq15\frames\00149160ms-00152040ms-visible.mp4,video,datasets/STIR/STIRChallenge_2024/02/right/seq15/frames,-1,False,False,False,train,datasets/STIR/STIRChallenge_2024/02/right/seq15/frames/00149160ms-00152040ms-visible.mp4,laparo
STIR,STIRChallenge_2024\02\right\seq20\frames\00179400ms-00184040ms-visible.mp4,video,datasets/STIR/STIRChallenge_2024/02/right/seq20/frames,-1,False,False,False,test,datasets/STIR/STIRChallenge_2024/02/right/seq20/frames/00179400ms-00184040ms-visible.mp4,laparo
STIR,STIRChallenge_2024\02\right\seq23\frames\00195800ms-00211800ms-visible.mp4,video,datasets/STIR/STIRChallenge_2024/02/right/seq23/frames,-1,False,False,False,train,datasets/STIR/STIRChallenge_2024/02/right/seq23/frames/00195800ms-00211800ms-visible.mp4,laparo
STIR,STIRChallenge_2024\02\right\seq24\frames\00213000ms-00218200ms-visible.mp4,video,datasets/STIR/STIRChallenge_2024/02/right/seq24/frames,-1,False,False,False,train,datasets/STIR/STIRChallenge_2024/02/right/seq24/frames/00213000ms-00218200ms-visible.mp4,laparo
STIR,STIRChallenge_2024\02\right\seq26\frames\00224760ms-00230960ms-visible.mp4,video,datasets/STIR/STIRChallenge_2024/02/right/seq26/frames,-1,False,False,False,train,datasets/STIR/STIRChallenge_2024/02/right/seq26/frames/00224760ms-00230960ms-visible.mp4,laparo
STIR,STIRChallenge_2024\02\right\seq28\frames\00297680ms-00304720ms-visible.mp4,video,datasets/STIR/STIRChallenge_2024/02/right/seq28/frames,-1,False,False,False,train,datasets/STIR/STIRChallenge_2024/02/right/seq28/frames/00297680ms-00304720ms-visible.mp4,laparo
STIR,STIRChallenge_2024\02\right\seq32\frames\00332600ms-00336880ms-visible.mp4,video,datasets/STIR/STIRChallenge_2024/02/right/seq32/frames,-1,False,False,False,test,datasets/STIR/STIRChallenge_2024/02/right/seq32/frames/00332600ms-00336880ms-visible.mp4,laparo
STIR,STIRChallenge_2024\02\right\seq35\frames\00356880ms-00364440ms-visible.mp4,video,datasets/STIR/STIRChallenge_2024/02/right/seq35/frames,-1,False,False,False,test,datasets/STIR/STIRChallenge_2024/02/right/seq35/frames/00356880ms-00364440ms-visible.mp4,laparo
STIR,STIRChallenge_2024\03\left\seq00\frames\00417960ms-00420680ms-visible.mp4,video,datasets/STIR/STIRChallenge_2024/03/left/seq00/frames,-1,False,False,False,train,datasets/STIR/STIRChallenge_2024/03/left/seq00/frames/00417960ms-00420680ms-visible.mp4,laparo
STIR,STIRChallenge_2024\03\left\seq02\frames\00468720ms-00475720ms-visible.mp4,video,datasets/STIR/STIRChallenge_2024/03/left/seq02/frames,-1,False,False,False,train,datasets/STIR/STIRChallenge_2024/03/left/seq02/frames/00468720ms-00475720ms-visible.mp4,laparo
STIR,STIRChallenge_2024\03\left\seq05\frames\00509680ms-00530200ms-visible.mp4,video,datasets/STIR/STIRChallenge_2024/03/left/seq05/frames,-1,False,False,False,test,datasets/STIR/STIRChallenge_2024/03/left/seq05/frames/00509680ms-00530200ms-visible.mp4,laparo
STIR,STIRChallenge_2024\03\right\seq00\frames\00417960ms-00420680ms-visible.mp4,video,datasets/STIR/STIRChallenge_2024/03/right/seq00/frames,-1,False,False,False,test,datasets/STIR/STIRChallenge_2024/03/right/seq00/frames/00417960ms-00420680ms-visible.mp4,laparo
STIR,STIRChallenge_2024\03\right\seq02\frames\00468720ms-00475720ms-visible.mp4,video,datasets/STIR/STIRChallenge_2024/03/right/seq02/frames,-1,False,False,False,val,datasets/STIR/STIRChallenge_2024/03/right/seq02/frames/00468720ms-00475720ms-visible.mp4,laparo
STIR,STIRChallenge_2024\03\right\seq05\frames\00509680ms-00530200ms-visible.mp4,video,datasets/STIR/STIRChallenge_2024/03/right/seq05/frames,-1,False,False,False,train,datasets/STIR/STIRChallenge_2024/03/right/seq05/frames/00509680ms-00530200ms-visible.mp4,laparo
STIR,STIRChallenge_2024\04\left\seq07\frames\01053360ms-01067880ms-visible.mp4,video,datasets/STIR/STIRChallenge_2024/04/left/seq07/frames,-1,False,False,False,train,datasets/STIR/STIRChallenge_2024/04/left/seq07/frames/01053360ms-01067880ms-visible.mp4,laparo
STIR,STIRChallenge_2024\04\left\seq10\frames\01179560ms-01201680ms-visible.mp4,video,datasets/STIR/STIRChallenge_2024/04/left/seq10/frames,-1,False,False,False,train,datasets/STIR/STIRChallenge_2024/04/left/seq10/frames/01179560ms-01201680ms-visible.mp4,laparo
STIR,STIRChallenge_2024\04\right\seq07\frames\01053360ms-01067880ms-visible.mp4,video,datasets/STIR/STIRChallenge_2024/04/right/seq07/frames,-1,False,False,False,train,datasets/STIR/STIRChallenge_2024/04/right/seq07/frames/01053360ms-01067880ms-visible.mp4,laparo
STIR,STIRChallenge_2024\04\right\seq10\frames\01179560ms-01201680ms-visible.mp4,video,datasets/STIR/STIRChallenge_2024/04/right/seq10/frames,-1,False,False,False,train,datasets/STIR/STIRChallenge_2024/04/right/seq10/frames/01179560ms-01201680ms-visible.mp4,laparo
STIR,STIRChallenge_2024\05\left\seq02\frames\00084840ms-00090280ms-visible.mp4,video,datasets/STIR/STIRChallenge_2024/05/left/seq02/frames,-1,False,False,False,train,datasets/STIR/STIRChallenge_2024/05/left/seq02/frames/00084840ms-00090280ms-visible.mp4,laparo
STIR,STIRChallenge_2024\05\left\seq06\frames\00108120ms-00118680ms-visible.mp4,video,datasets/STIR/STIRChallenge_2024/05/left/seq06/frames,-1,False,False,False,train,datasets/STIR/STIRChallenge_2024/05/left/seq06/frames/00108120ms-00118680ms-visible.mp4,laparo
STIR,STIRChallenge_2024\05\left\seq09\frames\00138800ms-00142440ms-visible.mp4,video,datasets/STIR/STIRChallenge_2024/05/left/seq09/frames,-1,False,False,False,train,datasets/STIR/STIRChallenge_2024/05/left/seq09/frames/00138800ms-00142440ms-visible.mp4,laparo
STIR,STIRChallenge_2024\05\left\seq15\frames\00194600ms-00200440ms-visible.mp4,video,datasets/STIR/STIRChallenge_2024/05/left/seq15/frames,-1,False,False,False,val,datasets/STIR/STIRChallenge_2024/05/left/seq15/frames/00194600ms-00200440ms-visible.mp4,laparo
STIR,STIRChallenge_2024\05\left\seq16\frames\00201960ms-00204000ms-visible.mp4,video,datasets/STIR/STIRChallenge_2024/05/left/seq16/frames,-1,False,False,False,train,datasets/STIR/STIRChallenge_2024/05/left/seq16/frames/00201960ms-00204000ms-visible.mp4,laparo
STIR,STIRChallenge_2024\05\left\seq24\frames\00259880ms-00264000ms-visible.mp4,video,datasets/STIR/STIRChallenge_2024/05/left/seq24/frames,-1,False,False,False,train,datasets/STIR/STIRChallenge_2024/05/left/seq24/frames/00259880ms-00264000ms-visible.mp4,laparo
STIR,STIRChallenge_2024\05\left\seq30\frames\00308080ms-00312440ms-visible.mp4,video,datasets/STIR/STIRChallenge_2024/05/left/seq30/frames,-1,False,False,False,train,datasets/STIR/STIRChallenge_2024/05/left/seq30/frames/00308080ms-00312440ms-visible.mp4,laparo
STIR,STIRChallenge_2024\05\left\seq33\frames\00327360ms-00332800ms-visible.mp4,video,datasets/STIR/STIRChallenge_2024/05/left/seq33/frames,-1,False,False,False,train,datasets/STIR/STIRChallenge_2024/05/left/seq33/frames/00327360ms-00332800ms-visible.mp4,laparo
STIR,STIRChallenge_2024\05\left\seq39\frames\00374480ms-00380040ms-visible.mp4,video,datasets/STIR/STIRChallenge_2024/05/left/seq39/frames,-1,False,False,False,train,datasets/STIR/STIRChallenge_2024/05/left/seq39/frames/00374480ms-00380040ms-visible.mp4,laparo
STIR,STIRChallenge_2024\05\left\seq51\frames\00569720ms-00572880ms-visible.mp4,video,datasets/STIR/STIRChallenge_2024/05/left/seq51/frames,-1,False,False,False,train,datasets/STIR/STIRChallenge_2024/05/left/seq51/frames/00569720ms-00572880ms-visible.mp4,laparo
STIR,STIRChallenge_2024\05\left\seq59\frames\00618000ms-00622320ms-visible.mp4,video,datasets/STIR/STIRChallenge_2024/05/left/seq59/frames,-1,False,False,False,val,datasets/STIR/STIRChallenge_2024/05/left/seq59/frames/00618000ms-00622320ms-visible.mp4,laparo
STIR,STIRChallenge_2024\05\left\seq60\frames\00624200ms-00627440ms-visible.mp4,video,datasets/STIR/STIRChallenge_2024/05/left/seq60/frames,-1,False,False,False,train,datasets/STIR/STIRChallenge_2024/05/left/seq60/frames/00624200ms-00627440ms-visible.mp4,laparo
STIR,STIRChallenge_2024\05\left\seq63\frames\00645040ms-00655120ms-visible.mp4,video,datasets/STIR/STIRChallenge_2024/05/left/seq63/frames,-1,False,False,False,train,datasets/STIR/STIRChallenge_2024/05/left/seq63/frames/00645040ms-00655120ms-visible.mp4,laparo
STIR,STIRChallenge_2024\05\left\seq70\frames\00698240ms-00702400ms-visible.mp4,video,datasets/STIR/STIRChallenge_2024/05/left/seq70/frames,-1,False,False,False,train,datasets/STIR/STIRChallenge_2024/05/left/seq70/frames/00698240ms-00702400ms-visible.mp4,laparo
STIR,STIRChallenge_2024\05\left\seq71\frames\00704240ms-00707600ms-visible.mp4,video,datasets/STIR/STIRChallenge_2024/05/left/seq71/frames,-1,False,False,False,train,datasets/STIR/STIRChallenge_2024/05/left/seq71/frames/00704240ms-00707600ms-visible.mp4,laparo
STIR,STIRChallenge_2024\05\right\seq02\frames\00084840ms-00090280ms-visible.mp4,video,datasets/STIR/STIRChallenge_2024/05/right/seq02/frames,-1,False,False,False,test,datasets/STIR/STIRChallenge_2024/05/right/seq02/frames/00084840ms-00090280ms-visible.mp4,laparo
STIR,STIRChallenge_2024\05\right\seq06\frames\00108120ms-00118680ms-visible.mp4,video,datasets/STIR/STIRChallenge_2024/05/right/seq06/frames,-1,False,False,False,train,datasets/STIR/STIRChallenge_2024/05/right/seq06/frames/00108120ms-00118680ms-visible.mp4,laparo
STIR,STIRChallenge_2024\05\right\seq09\frames\00138800ms-00142440ms-visible.mp4,video,datasets/STIR/STIRChallenge_2024/05/right/seq09/frames,-1,False,False,False,test,datasets/STIR/STIRChallenge_2024/05/right/seq09/frames/00138800ms-00142440ms-visible.mp4,laparo
STIR,STIRChallenge_2024\05\right\seq15\frames\00194600ms-00200440ms-visible.mp4,video,datasets/STIR/STIRChallenge_2024/05/right/seq15/frames,-1,False,False,False,test,datasets/STIR/STIRChallenge_2024/05/right/seq15/frames/00194600ms-00200440ms-visible.mp4,laparo
STIR,STIRChallenge_2024\05\right\seq16\frames\00201960ms-00204000ms-visible.mp4,video,datasets/STIR/STIRChallenge_2024/05/right/seq16/frames,-1,False,False,False,test,datasets/STIR/STIRChallenge_2024/05/right/seq16/frames/00201960ms-00204000ms-visible.mp4,laparo
STIR,STIRChallenge_2024\05\right\seq24\frames\00259880ms-00264000ms-visible.mp4,video,datasets/STIR/STIRChallenge_2024/05/right/seq24/frames,-1,False,False,False,train,datasets/STIR/STIRChallenge_2024/05/right/seq24/frames/00259880ms-00264000ms-visible.mp4,laparo
STIR,STIRChallenge_2024\05\right\seq30\frames\00308080ms-00312440ms-visible.mp4,video,datasets/STIR/STIRChallenge_2024/05/right/seq30/frames,-1,False,False,False,train,datasets/STIR/STIRChallenge_2024/05/right/seq30/frames/00308080ms-00312440ms-visible.mp4,laparo
STIR,STIRChallenge_2024\05\right\seq33\frames\00327360ms-00332800ms-visible.mp4,video,datasets/STIR/STIRChallenge_2024/05/right/seq33/frames,-1,False,False,False,train,datasets/STIR/STIRChallenge_2024/05/right/seq33/frames/00327360ms-00332800ms-visible.mp4,laparo
STIR,STIRChallenge_2024\05\right\seq39\frames\00374480ms-00380040ms-visible.mp4,video,datasets/STIR/STIRChallenge_2024/05/right/seq39/frames,-1,False,False,False,train,datasets/STIR/STIRChallenge_2024/05/right/seq39/frames/00374480ms-00380040ms-visible.mp4,laparo
STIR,STIRChallenge_2024\05\right\seq51\frames\00569720ms-00572880ms-visible.mp4,video,datasets/STIR/STIRChallenge_2024/05/right/seq51/frames,-1,False,False,False,train,datasets/STIR/STIRChallenge_2024/05/right/seq51/frames/00569720ms-00572880ms-visible.mp4,laparo
STIR,STIRChallenge_2024\05\right\seq59\frames\00618000ms-00622320ms-visible.mp4,video,datasets/STIR/STIRChallenge_2024/05/right/seq59/frames,-1,False,False,False,train,datasets/STIR/STIRChallenge_2024/05/right/seq59/frames/00618000ms-00622320ms-visible.mp4,laparo
STIR,STIRChallenge_2024\05\right\seq60\frames\00624200ms-00627440ms-visible.mp4,video,datasets/STIR/STIRChallenge_2024/05/right/seq60/frames,-1,False,False,False,train,datasets/STIR/STIRChallenge_2024/05/right/seq60/frames/00624200ms-00627440ms-visible.mp4,laparo
STIR,STIRChallenge_2024\05\right\seq63\frames\00645040ms-00655120ms-visible.mp4,video,datasets/STIR/STIRChallenge_2024/05/right/seq63/frames,-1,False,False,False,test,datasets/STIR/STIRChallenge_2024/05/right/seq63/frames/00645040ms-00655120ms-visible.mp4,laparo
STIR,STIRChallenge_2024\05\right\seq70\frames\00698240ms-00702400ms-visible.mp4,video,datasets/STIR/STIRChallenge_2024/05/right/seq70/frames,-1,False,False,False,train,datasets/STIR/STIRChallenge_2024/05/right/seq70/frames/00698240ms-00702400ms-visible.mp4,laparo
STIR,STIRChallenge_2024\05\right\seq71\frames\00704240ms-00707600ms-visible.mp4,video,datasets/STIR/STIRChallenge_2024/05/right/seq71/frames,-1,False,False,False,train,datasets/STIR/STIRChallenge_2024/05/right/seq71/frames/00704240ms-00707600ms-visible.mp4,laparo
STIR,STIRChallenge_2024\06\left\seq01\frames\00025160ms-00031040ms-visible.mp4,video,datasets/STIR/STIRChallenge_2024/06/left/seq01/frames,-1,False,False,False,val,datasets/STIR/STIRChallenge_2024/06/left/seq01/frames/00025160ms-00031040ms-visible.mp4,laparo
STIR,STIRChallenge_2024\06\left\seq04\frames\00069080ms-00069560ms-visible.mp4,video,datasets/STIR/STIRChallenge_2024/06/left/seq04/frames,-1,False,False,False,test,datasets/STIR/STIRChallenge_2024/06/left/seq04/frames/00069080ms-00069560ms-visible.mp4,laparo
STIR,STIRChallenge_2024\06\left\seq09\frames\00096680ms-00099360ms-visible.mp4,video,datasets/STIR/STIRChallenge_2024/06/left/seq09/frames,-1,False,False,False,train,datasets/STIR/STIRChallenge_2024/06/left/seq09/frames/00096680ms-00099360ms-visible.mp4,laparo
STIR,STIRChallenge_2024\06\left\seq14\frames\00125000ms-00127760ms-visible.mp4,video,datasets/STIR/STIRChallenge_2024/06/left/seq14/frames,-1,False,False,False,train,datasets/STIR/STIRChallenge_2024/06/left/seq14/frames/00125000ms-00127760ms-visible.mp4,laparo
STIR,STIRChallenge_2024\06\left\seq23\frames\00178320ms-00185920ms-visible.mp4,video,datasets/STIR/STIRChallenge_2024/06/left/seq23/frames,-1,False,False,False,val,datasets/STIR/STIRChallenge_2024/06/left/seq23/frames/00178320ms-00185920ms-visible.mp4,laparo
STIR,STIRChallenge_2024\06\left\seq24\frames\00187360ms-00193000ms-visible.mp4,video,datasets/STIR/STIRChallenge_2024/06/left/seq24/frames,-1,False,False,False,train,datasets/STIR/STIRChallenge_2024/06/left/seq24/frames/00187360ms-00193000ms-visible.mp4,laparo
STIR,STIRChallenge_2024\06\left\seq33\frames\00243520ms-00247600ms-visible.mp4,video,datasets/STIR/STIRChallenge_2024/06/left/seq33/frames,-1,False,False,False,train,datasets/STIR/STIRChallenge_2024/06/left/seq33/frames/00243520ms-00247600ms-visible.mp4,laparo
STIR,STIRChallenge_2024\06\left\seq34\frames\00250280ms-00253120ms-visible.mp4,video,datasets/STIR/STIRChallenge_2024/06/left/seq34/frames,-1,False,False,False,train,datasets/STIR/STIRChallenge_2024/06/left/seq34/frames/00250280ms-00253120ms-visible.mp4,laparo
STIR,STIRChallenge_2024\06\left\seq39\frames\00279880ms-00284720ms-visible.mp4,video,datasets/STIR/STIRChallenge_2024/06/left/seq39/frames,-1,False,False,False,train,datasets/STIR/STIRChallenge_2024/06/left/seq39/frames/00279880ms-00284720ms-visible.mp4,laparo
STIR,STIRChallenge_2024\06\left\seq41\frames\00290000ms-00316400ms-visible.mp4,video,datasets/STIR/STIRChallenge_2024/06/left/seq41/frames,-1,False,False,False,train,datasets/STIR/STIRChallenge_2024/06/left/seq41/frames/00290000ms-00316400ms-visible.mp4,laparo
STIR,STIRChallenge_2024\06\left\seq47\frames\00349720ms-00352000ms-visible.mp4,video,datasets/STIR/STIRChallenge_2024/06/left/seq47/frames,-1,False,False,False,train,datasets/STIR/STIRChallenge_2024/06/left/seq47/frames/00349720ms-00352000ms-visible.mp4,laparo
STIR,STIRChallenge_2024\06\left\seq49\frames\00356720ms-00358520ms-visible.mp4,video,datasets/STIR/STIRChallenge_2024/06/left/seq49/frames,-1,False,False,False,train,datasets/STIR/STIRChallenge_2024/06/left/seq49/frames/00356720ms-00358520ms-visible.mp4,laparo
STIR,STIRChallenge_2024\06\left\seq59\frames\00425520ms-00429320ms-visible.mp4,video,datasets/STIR/STIRChallenge_2024/06/left/seq59/frames,-1,False,False,False,train,datasets/STIR/STIRChallenge_2024/06/left/seq59/frames/00425520ms-00429320ms-visible.mp4,laparo
STIR,STIRChallenge_2024\06\left\seq65\frames\00465360ms-00467760ms-visible.mp4,video,datasets/STIR/STIRChallenge_2024/06/left/seq65/frames,-1,False,False,False,train,datasets/STIR/STIRChallenge_2024/06/left/seq65/frames/00465360ms-00467760ms-visible.mp4,laparo
STIR,STIRChallenge_2024\06\right\seq01\frames\00025160ms-00031040ms-visible.mp4,video,datasets/STIR/STIRChallenge_2024/06/right/seq01/frames,-1,False,False,False,train,datasets/STIR/STIRChallenge_2024/06/right/seq01/frames/00025160ms-00031040ms-visible.mp4,laparo
STIR,STIRChallenge_2024\06\right\seq04\frames\00069080ms-00069560ms-visible.mp4,video,datasets/STIR/STIRChallenge_2024/06/right/seq04/frames,-1,False,False,False,val,datasets/STIR/STIRChallenge_2024/06/right/seq04/frames/00069080ms-00069560ms-visible.mp4,laparo
STIR,STIRChallenge_2024\06\right\seq09\frames\00096680ms-00099360ms-visible.mp4,video,datasets/STIR/STIRChallenge_2024/06/right/seq09/frames,-1,False,False,False,test,datasets/STIR/STIRChallenge_2024/06/right/seq09/frames/00096680ms-00099360ms-visible.mp4,laparo
STIR,STIRChallenge_2024\06\right\seq14\frames\00125000ms-00127760ms-visible.mp4,video,datasets/STIR/STIRChallenge_2024/06/right/seq14/frames,-1,False,False,False,train,datasets/STIR/STIRChallenge_2024/06/right/seq14/frames/00125000ms-00127760ms-visible.mp4,laparo
STIR,STIRChallenge_2024\06\right\seq23\frames\00178320ms-00185920ms-visible.mp4,video,datasets/STIR/STIRChallenge_2024/06/right/seq23/frames,-1,False,False,False,train,datasets/STIR/STIRChallenge_2024/06/right/seq23/frames/00178320ms-00185920ms-visible.mp4,laparo
STIR,STIRChallenge_2024\06\right\seq24\frames\00187360ms-00193000ms-visible.mp4,video,datasets/STIR/STIRChallenge_2024/06/right/seq24/frames,-1,False,False,False,test,datasets/STIR/STIRChallenge_2024/06/right/seq24/frames/00187360ms-00193000ms-visible.mp4,laparo
STIR,STIRChallenge_2024\06\right\seq33\frames\00243520ms-00247600ms-visible.mp4,video,datasets/STIR/STIRChallenge_2024/06/right/seq33/frames,-1,False,False,False,train,datasets/STIR/STIRChallenge_2024/06/right/seq33/frames/00243520ms-00247600ms-visible.mp4,laparo
STIR,STIRChallenge_2024\06\right\seq34\frames\00250280ms-00253120ms-visible.mp4,video,datasets/STIR/STIRChallenge_2024/06/right/seq34/frames,-1,False,False,False,val,datasets/STIR/STIRChallenge_2024/06/right/seq34/frames/00250280ms-00253120ms-visible.mp4,laparo
STIR,STIRChallenge_2024\06\right\seq39\frames\00279880ms-00284720ms-visible.mp4,video,datasets/STIR/STIRChallenge_2024/06/right/seq39/frames,-1,False,False,False,val,datasets/STIR/STIRChallenge_2024/06/right/seq39/frames/00279880ms-00284720ms-visible.mp4,laparo
STIR,STIRChallenge_2024\06\right\seq41\frames\00290000ms-00316400ms-visible.mp4,video,datasets/STIR/STIRChallenge_2024/06/right/seq41/frames,-1,False,False,False,train,datasets/STIR/STIRChallenge_2024/06/right/seq41/frames/00290000ms-00316400ms-visible.mp4,laparo
STIR,STIRChallenge_2024\06\right\seq47\frames\00349720ms-00352000ms-visible.mp4,video,datasets/STIR/STIRChallenge_2024/06/right/seq47/frames,-1,False,False,False,train,datasets/STIR/STIRChallenge_2024/06/right/seq47/frames/00349720ms-00352000ms-visible.mp4,laparo
STIR,STIRChallenge_2024\06\right\seq49\frames\00356720ms-00358520ms-visible.mp4,video,datasets/STIR/STIRChallenge_2024/06/right/seq49/frames,-1,False,False,False,val,datasets/STIR/STIRChallenge_2024/06/right/seq49/frames/00356720ms-00358520ms-visible.mp4,laparo
STIR,STIRChallenge_2024\06\right\seq59\frames\00425520ms-00429320ms-visible.mp4,video,datasets/STIR/STIRChallenge_2024/06/right/seq59/frames,-1,False,False,False,train,datasets/STIR/STIRChallenge_2024/06/right/seq59/frames/00425520ms-00429320ms-visible.mp4,laparo
STIR,STIRChallenge_2024\06\right\seq65\frames\00465360ms-00467760ms-visible.mp4,video,datasets/STIR/STIRChallenge_2024/06/right/seq65/frames,-1,False,False,False,train,datasets/STIR/STIRChallenge_2024/06/right/seq65/frames/00465360ms-00467760ms-visible.mp4,laparo
STIR,STIRChallenge_2024\07\left\seq02\frames\00033760ms-00069720ms-visible.mp4,video,datasets/STIR/STIRChallenge_2024/07/left/seq02/frames,-1,False,False,False,train,datasets/STIR/STIRChallenge_2024/07/left/seq02/frames/00033760ms-00069720ms-visible.mp4,laparo
STIR,STIRChallenge_2024\07\right\seq02\frames\00033760ms-00069720ms-visible.mp4,video,datasets/STIR/STIRChallenge_2024/07/right/seq02/frames,-1,False,False,False,train,datasets/STIR/STIRChallenge_2024/07/right/seq02/frames/00033760ms-00069720ms-visible.mp4,laparo
STIR,STIRChallenge_2024\08\left\seq00\frames\00014400ms-00041480ms-visible.mp4,video,datasets/STIR/STIRChallenge_2024/08/left/seq00/frames,-1,False,False,False,test,datasets/STIR/STIRChallenge_2024/08/left/seq00/frames/00014400ms-00041480ms-visible.mp4,laparo
STIR,STIRChallenge_2024\08\right\seq00\frames\00014400ms-00041480ms-visible.mp4,video,datasets/STIR/STIRChallenge_2024/08/right/seq00/frames,-1,False,False,False,train,datasets/STIR/STIRChallenge_2024/08/right/seq00/frames/00014400ms-00041480ms-visible.mp4,laparo
STIR,STIRChallenge_2024\09\left\seq00\frames\00012800ms-00025400ms-visible.mp4,video,datasets/STIR/STIRChallenge_2024/09/left/seq00/frames,-1,False,False,False,train,datasets/STIR/STIRChallenge_2024/09/left/seq00/frames/00012800ms-00025400ms-visible.mp4,laparo
STIR,STIRChallenge_2024\09\left\seq07\frames\00083080ms-00087080ms-visible.mp4,video,datasets/STIR/STIRChallenge_2024/09/left/seq07/frames,-1,False,False,False,train,datasets/STIR/STIRChallenge_2024/09/left/seq07/frames/00083080ms-00087080ms-visible.mp4,laparo
STIR,STIRChallenge_2024\09\left\seq10\frames\00099920ms-00102120ms-visible.mp4,video,datasets/STIR/STIRChallenge_2024/09/left/seq10/frames,-1,False,False,False,train,datasets/STIR/STIRChallenge_2024/09/left/seq10/frames/00099920ms-00102120ms-visible.mp4,laparo
STIR,STIRChallenge_2024\09\left\seq13\frames\00122080ms-00129479ms-visible.mp4,video,datasets/STIR/STIRChallenge_2024/09/left/seq13/frames,-1,False,False,False,train,datasets/STIR/STIRChallenge_2024/09/left/seq13/frames/00122080ms-00129479ms-visible.mp4,laparo
STIR,STIRChallenge_2024\09\left\seq21\frames\00193960ms-00202360ms-visible.mp4,video,datasets/STIR/STIRChallenge_2024/09/left/seq21/frames,-1,False,False,False,val,datasets/STIR/STIRChallenge_2024/09/left/seq21/frames/00193960ms-00202360ms-visible.mp4,laparo
STIR,STIRChallenge_2024\09\left\seq29\frames\00271200ms-00273560ms-visible.mp4,video,datasets/STIR/STIRChallenge_2024/09/left/seq29/frames,-1,False,False,False,train,datasets/STIR/STIRChallenge_2024/09/left/seq29/frames/00271200ms-00273560ms-visible.mp4,laparo
STIR,STIRChallenge_2024\09\left\seq37\frames\00353400ms-00357080ms-visible.mp4,video,datasets/STIR/STIRChallenge_2024/09/left/seq37/frames,-1,False,False,False,train,datasets/STIR/STIRChallenge_2024/09/left/seq37/frames/00353400ms-00357080ms-visible.mp4,laparo
STIR,STIRChallenge_2024\09\left\seq39\frames\00364240ms-00367920ms-visible.mp4,video,datasets/STIR/STIRChallenge_2024/09/left/seq39/frames,-1,False,False,False,train,datasets/STIR/STIRChallenge_2024/09/left/seq39/frames/00364240ms-00367920ms-visible.mp4,laparo
STIR,STIRChallenge_2024\09\left\seq41\frames\00376240ms-00381680ms-visible.mp4,video,datasets/STIR/STIRChallenge_2024/09/left/seq41/frames,-1,False,False,False,train,datasets/STIR/STIRChallenge_2024/09/left/seq41/frames/00376240ms-00381680ms-visible.mp4,laparo
STIR,STIRChallenge_2024\09\right\seq00\frames\00012800ms-00025400ms-visible.mp4,video,datasets/STIR/STIRChallenge_2024/09/right/seq00/frames,-1,False,False,False,train,datasets/STIR/STIRChallenge_2024/09/right/seq00/frames/00012800ms-00025400ms-visible.mp4,laparo
STIR,STIRChallenge_2024\09\right\seq07\frames\00083080ms-00087080ms-visible.mp4,video,datasets/STIR/STIRChallenge_2024/09/right/seq07/frames,-1,False,False,False,train,datasets/STIR/STIRChallenge_2024/09/right/seq07/frames/00083080ms-00087080ms-visible.mp4,laparo
STIR,STIRChallenge_2024\09\right\seq10\frames\00099920ms-00102120ms-visible.mp4,video,datasets/STIR/STIRChallenge_2024/09/right/seq10/frames,-1,False,False,False,train,datasets/STIR/STIRChallenge_2024/09/right/seq10/frames/00099920ms-00102120ms-visible.mp4,laparo
STIR,STIRChallenge_2024\09\right\seq13\frames\00122080ms-00129479ms-visible.mp4,video,datasets/STIR/STIRChallenge_2024/09/right/seq13/frames,-1,False,False,False,train,datasets/STIR/STIRChallenge_2024/09/right/seq13/frames/00122080ms-00129479ms-visible.mp4,laparo
STIR,STIRChallenge_2024\09\right\seq21\frames\00193960ms-00202360ms-visible.mp4,video,datasets/STIR/STIRChallenge_2024/09/right/seq21/frames,-1,False,False,False,train,datasets/STIR/STIRChallenge_2024/09/right/seq21/frames/00193960ms-00202360ms-visible.mp4,laparo
STIR,STIRChallenge_2024\09\right\seq29\frames\00271200ms-00273560ms-visible.mp4,video,datasets/STIR/STIRChallenge_2024/09/right/seq29/frames,-1,False,False,False,train,datasets/STIR/STIRChallenge_2024/09/right/seq29/frames/00271200ms-00273560ms-visible.mp4,laparo
STIR,STIRChallenge_2024\09\right\seq37\frames\00353400ms-00357080ms-visible.mp4,video,datasets/STIR/STIRChallenge_2024/09/right/seq37/frames,-1,False,False,False,train,datasets/STIR/STIRChallenge_2024/09/right/seq37/frames/00353400ms-00357080ms-visible.mp4,laparo
STIR,STIRChallenge_2024\09\right\seq39\frames\00364240ms-00367920ms-visible.mp4,video,datasets/STIR/STIRChallenge_2024/09/right/seq39/frames,-1,False,False,False,train,datasets/STIR/STIRChallenge_2024/09/right/seq39/frames/00364240ms-00367920ms-visible.mp4,laparo
STIR,STIRChallenge_2024\09\right\seq41\frames\00376240ms-00381680ms-visible.mp4,video,datasets/STIR/STIRChallenge_2024/09/right/seq41/frames,-1,False,False,False,test,datasets/STIR/STIRChallenge_2024/09/right/seq41/frames/00376240ms-00381680ms-visible.mp4,laparo
STIR,STIRChallenge_2024\11\left\seq01\frames\00157520ms-00178640ms-visible.mp4,video,datasets/STIR/STIRChallenge_2024/11/left/seq01/frames,-1,False,False,False,train,datasets/STIR/STIRChallenge_2024/11/left/seq01/frames/00157520ms-00178640ms-visible.mp4,laparo
STIR,STIRChallenge_2024\11\left\seq08\frames\00938040ms-00973160ms-visible.mp4,video,datasets/STIR/STIRChallenge_2024/11/left/seq08/frames,-1,False,False,False,train,datasets/STIR/STIRChallenge_2024/11/left/seq08/frames/00938040ms-00973160ms-visible.mp4,laparo
STIR,STIRChallenge_2024\11\left\seq09\frames\00977160ms-01057400ms-visible.mp4,video,datasets/STIR/STIRChallenge_2024/11/left/seq09/frames,-1,False,False,False,train,datasets/STIR/STIRChallenge_2024/11/left/seq09/frames/00977160ms-01057400ms-visible.mp4,laparo
STIR,STIRChallenge_2024\11\right\seq01\frames\00157520ms-00178640ms-visible.mp4,video,datasets/STIR/STIRChallenge_2024/11/right/seq01/frames,-1,False,False,False,train,datasets/STIR/STIRChallenge_2024/11/right/seq01/frames/00157520ms-00178640ms-visible.mp4,laparo
STIR,STIRChallenge_2024\11\right\seq08\frames\00938040ms-00973160ms-visible.mp4,video,datasets/STIR/STIRChallenge_2024/11/right/seq08/frames,-1,False,False,False,train,datasets/STIR/STIRChallenge_2024/11/right/seq08/frames/00938040ms-00973160ms-visible.mp4,laparo
STIR,STIRChallenge_2024\11\right\seq09\frames\00977160ms-01057400ms-visible.mp4,video,datasets/STIR/STIRChallenge_2024/11/right/seq09/frames,-1,False,False,False,val,datasets/STIR/STIRChallenge_2024/11/right/seq09/frames/00977160ms-01057400ms-visible.mp4,laparo
STIR,STIRChallenge_2024\02\left\seq05,rgb,datasets/STIR/STIRChallenge_2024/02/left/seq05,2,False,False,False,val,datasets/STIR/STIRChallenge_2024/02/left/seq05/00078280ms_icgstart.png,laparo
STIR,STIRChallenge_2024\02\left\seq05\frames\00078760ms-00081600ms-visible_frames,rgb,datasets/STIR/STIRChallenge_2024/02/left/seq05/frames/00078760ms-00081600ms-visible_frames,9,False,False,False,train,datasets/STIR/STIRChallenge_2024/02/left/seq05/frames/00078760ms-00081600ms-visible_frames/frame_000000.jpg,laparo
STIR,STIRChallenge_2024\02\left\seq08,rgb,datasets/STIR/STIRChallenge_2024/02/left/seq08,2,False,False,False,train,datasets/STIR/STIRChallenge_2024/02/left/seq08/00095320ms_icgstart.png,laparo
STIR,STIRChallenge_2024\02\left\seq08\frames\00095800ms-00102880ms-visible_frames,rgb,datasets/STIR/STIRChallenge_2024/02/left/seq08/frames/00095800ms-00102880ms-visible_frames,23,False,False,False,train,datasets/STIR/STIRChallenge_2024/02/left/seq08/frames/00095800ms-00102880ms-visible_frames/frame_000000.jpg,laparo
STIR,STIRChallenge_2024\02\left\seq09,rgb,datasets/STIR/STIRChallenge_2024/02/left/seq09,2,False,False,False,val,datasets/STIR/STIRChallenge_2024/02/left/seq09/00103840ms_icgstart.png,laparo
STIR,STIRChallenge_2024\02\left\seq09\frames\00104320ms-00105640ms-visible_frames,rgb,datasets/STIR/STIRChallenge_2024/02/left/seq09/frames/00104320ms-00105640ms-visible_frames,5,False,False,False,train,datasets/STIR/STIRChallenge_2024/02/left/seq09/frames/00104320ms-00105640ms-visible_frames/frame_000000.jpg,laparo
STIR,STIRChallenge_2024\02\left\seq11,rgb,datasets/STIR/STIRChallenge_2024/02/left/seq11,2,False,False,False,test,datasets/STIR/STIRChallenge_2024/02/left/seq11/00110800ms_icgstart.png,laparo
STIR,STIRChallenge_2024\02\left\seq11\frames\00111280ms-00117000ms-visible_frames,rgb,datasets/STIR/STIRChallenge_2024/02/left/seq11/frames/00111280ms-00117000ms-visible_frames,18,False,False,False,train,datasets/STIR/STIRChallenge_2024/02/left/seq11/frames/00111280ms-00117000ms-visible_frames/frame_000000.jpg,laparo
STIR,STIRChallenge_2024\02\left\seq15,rgb,datasets/STIR/STIRChallenge_2024/02/left/seq15,2,False,False,False,test,datasets/STIR/STIRChallenge_2024/02/left/seq15/00148680ms_icgstart.png,laparo
STIR,STIRChallenge_2024\02\left\seq15\frames\00149160ms-00152040ms-visible_frames,rgb,datasets/STIR/STIRChallenge_2024/02/left/seq15/frames/00149160ms-00152040ms-visible_frames,9,False,False,False,train,datasets/STIR/STIRChallenge_2024/02/left/seq15/frames/00149160ms-00152040ms-visible_frames/frame_000000.jpg,laparo
STIR,STIRChallenge_2024\02\left\seq20,rgb,datasets/STIR/STIRChallenge_2024/02/left/seq20,2,False,False,False,train,datasets/STIR/STIRChallenge_2024/02/left/seq20/00178920ms_icgstart.png,laparo
STIR,STIRChallenge_2024\02\left\seq20\frames\00179400ms-00184040ms-visible_frames,rgb,datasets/STIR/STIRChallenge_2024/02/left/seq20/frames/00179400ms-00184040ms-visible_frames,15,False,False,False,train,datasets/STIR/STIRChallenge_2024/02/left/seq20/frames/00179400ms-00184040ms-visible_frames/frame_000000.jpg,laparo
STIR,STIRChallenge_2024\02\left\seq23,rgb,datasets/STIR/STIRChallenge_2024/02/left/seq23,2,False,False,False,train,datasets/STIR/STIRChallenge_2024/02/left/seq23/00195320ms_icgstart.png,laparo
STIR,STIRChallenge_2024\02\left\seq23\frames\00195800ms-00211800ms-visible_frames,rgb,datasets/STIR/STIRChallenge_2024/02/left/seq23/frames/00195800ms-00211800ms-visible_frames,50,False,False,False,train,datasets/STIR/STIRChallenge_2024/02/left/seq23/frames/00195800ms-00211800ms-visible_frames/frame_000000.jpg,laparo
STIR,STIRChallenge_2024\02\left\seq24,rgb,datasets/STIR/STIRChallenge_2024/02/left/seq24,2,False,False,False,train,datasets/STIR/STIRChallenge_2024/02/left/seq24/00212520ms_icgstart.png,laparo
STIR,STIRChallenge_2024\02\left\seq24\frames\00213000ms-00218200ms-visible_frames,rgb,datasets/STIR/STIRChallenge_2024/02/left/seq24/frames/00213000ms-00218200ms-visible_frames,17,False,False,False,test,datasets/STIR/STIRChallenge_2024/02/left/seq24/frames/00213000ms-00218200ms-visible_frames/frame_000000.jpg,laparo
STIR,STIRChallenge_2024\02\left\seq26,rgb,datasets/STIR/STIRChallenge_2024/02/left/seq26,2,False,False,False,test,datasets/STIR/STIRChallenge_2024/02/left/seq26/00224280ms_icgstart.png,laparo
STIR,STIRChallenge_2024\02\left\seq26\frames\00224760ms-00230960ms-visible_frames,rgb,datasets/STIR/STIRChallenge_2024/02/left/seq26/frames/00224760ms-00230960ms-visible_frames,20,False,False,False,test,datasets/STIR/STIRChallenge_2024/02/left/seq26/frames/00224760ms-00230960ms-visible_frames/frame_000000.jpg,laparo
STIR,STIRChallenge_2024\02\left\seq28,rgb,datasets/STIR/STIRChallenge_2024/02/left/seq28,2,False,False,False,train,datasets/STIR/STIRChallenge_2024/02/left/seq28/00297200ms_icgstart.png,laparo
STIR,STIRChallenge_2024\02\left\seq28\frames\00297680ms-00304720ms-visible_frames,rgb,datasets/STIR/STIRChallenge_2024/02/left/seq28/frames/00297680ms-00304720ms-visible_frames,22,False,False,False,train,datasets/STIR/STIRChallenge_2024/02/left/seq28/frames/00297680ms-00304720ms-visible_frames/frame_000000.jpg,laparo
STIR,STIRChallenge_2024\02\left\seq32,rgb,datasets/STIR/STIRChallenge_2024/02/left/seq32,2,False,False,False,train,datasets/STIR/STIRChallenge_2024/02/left/seq32/00332120ms_icgstart.png,laparo
STIR,STIRChallenge_2024\02\left\seq32\frames\00332600ms-00336880ms-visible_frames,rgb,datasets/STIR/STIRChallenge_2024/02/left/seq32/frames/00332600ms-00336880ms-visible_frames,14,False,False,False,val,datasets/STIR/STIRChallenge_2024/02/left/seq32/frames/00332600ms-00336880ms-visible_frames/frame_000000.jpg,laparo
STIR,STIRChallenge_2024\02\left\seq35,rgb,datasets/STIR/STIRChallenge_2024/02/left/seq35,2,False,False,False,train,datasets/STIR/STIRChallenge_2024/02/left/seq35/00356400ms_icgstart.png,laparo
STIR,STIRChallenge_2024\02\left\seq35\frames\00356880ms-00364440ms-visible_frames,rgb,datasets/STIR/STIRChallenge_2024/02/left/seq35/frames/00356880ms-00364440ms-visible_frames,24,False,False,False,val,datasets/STIR/STIRChallenge_2024/02/left/seq35/frames/00356880ms-00364440ms-visible_frames/frame_000000.jpg,laparo
STIR,STIRChallenge_2024\02\right\seq05,rgb,datasets/STIR/STIRChallenge_2024/02/right/seq05,2,False,False,False,train,datasets/STIR/STIRChallenge_2024/02/right/seq05/00078280ms_icgstart.png,laparo
STIR,STIRChallenge_2024\02\right\seq05\frames\00078760ms-00081600ms-visible_frames,rgb,datasets/STIR/STIRChallenge_2024/02/right/seq05/frames/00078760ms-00081600ms-visible_frames,9,False,False,False,train,datasets/STIR/STIRChallenge_2024/02/right/seq05/frames/00078760ms-00081600ms-visible_frames/frame_000000.jpg,laparo
STIR,STIRChallenge_2024\02\right\seq08,rgb,datasets/STIR/STIRChallenge_2024/02/right/seq08,2,False,False,False,train,datasets/STIR/STIRChallenge_2024/02/right/seq08/00095320ms_icgstart.png,laparo
STIR,STIRChallenge_2024\02\right\seq08\frames\00095800ms-00102880ms-visible_frames,rgb,datasets/STIR/STIRChallenge_2024/02/right/seq08/frames/00095800ms-00102880ms-visible_frames,23,False,False,False,train,datasets/STIR/STIRChallenge_2024/02/right/seq08/frames/00095800ms-00102880ms-visible_frames/frame_000000.jpg,laparo
STIR,STIRChallenge_2024\02\right\seq09,rgb,datasets/STIR/STIRChallenge_2024/02/right/seq09,2,False,False,False,train,datasets/STIR/STIRChallenge_2024/02/right/seq09/00103840ms_icgstart.png,laparo
STIR,STIRChallenge_2024\02\right\seq09\frames\00104320ms-00105640ms-visible_frames,rgb,datasets/STIR/STIRChallenge_2024/02/right/seq09/frames/00104320ms-00105640ms-visible_frames,5,False,False,False,train,datasets/STIR/STIRChallenge_2024/02/right/seq09/frames/00104320ms-00105640ms-visible_frames/frame_000000.jpg,laparo
STIR,STIRChallenge_2024\02\right\seq11,rgb,datasets/STIR/STIRChallenge_2024/02/right/seq11,2,False,False,False,train,datasets/STIR/STIRChallenge_2024/02/right/seq11/00110800ms_icgstart.png,laparo
STIR,STIRChallenge_2024\02\right\seq11\frames\00111280ms-00117000ms-visible_frames,rgb,datasets/STIR/STIRChallenge_2024/02/right/seq11/frames/00111280ms-00117000ms-visible_frames,18,False,False,False,train,datasets/STIR/STIRChallenge_2024/02/right/seq11/frames/00111280ms-00117000ms-visible_frames/frame_000000.jpg,laparo
STIR,STIRChallenge_2024\02\right\seq15,rgb,datasets/STIR/STIRChallenge_2024/02/right/seq15,2,False,False,False,test,datasets/STIR/STIRChallenge_2024/02/right/seq15/00148680ms_icgstart.png,laparo
STIR,STIRChallenge_2024\02\right\seq15\frames\00149160ms-00152040ms-visible_frames,rgb,datasets/STIR/STIRChallenge_2024/02/right/seq15/frames/00149160ms-00152040ms-visible_frames,9,False,False,False,test,datasets/STIR/STIRChallenge_2024/02/right/seq15/frames/00149160ms-00152040ms-visible_frames/frame_000000.jpg,laparo
STIR,STIRChallenge_2024\02\right\seq20,rgb,datasets/STIR/STIRChallenge_2024/02/right/seq20,2,False,False,False,train,datasets/STIR/STIRChallenge_2024/02/right/seq20/00178920ms_icgstart.png,laparo
STIR,STIRChallenge_2024\02\right\seq20\frames\00179400ms-00184040ms-visible_frames,rgb,datasets/STIR/STIRChallenge_2024/02/right/seq20/frames/00179400ms-00184040ms-visible_frames,15,False,False,False,train,datasets/STIR/STIRChallenge_2024/02/right/seq20/frames/00179400ms-00184040ms-visible_frames/frame_000000.jpg,laparo
STIR,STIRChallenge_2024\02\right\seq23,rgb,datasets/STIR/STIRChallenge_2024/02/right/seq23,2,False,False,False,train,datasets/STIR/STIRChallenge_2024/02/right/seq23/00195320ms_icgstart.png,laparo
STIR,STIRChallenge_2024\02\right\seq23\frames\00195800ms-00211800ms-visible_frames,rgb,datasets/STIR/STIRChallenge_2024/02/right/seq23/frames/00195800ms-00211800ms-visible_frames,50,False,False,False,train,datasets/STIR/STIRChallenge_2024/02/right/seq23/frames/00195800ms-00211800ms-visible_frames/frame_000000.jpg,laparo
STIR,STIRChallenge_2024\02\right\seq24,rgb,datasets/STIR/STIRChallenge_2024/02/right/seq24,2,False,False,False,train,datasets/STIR/STIRChallenge_2024/02/right/seq24/00212520ms_icgstart.png,laparo
STIR,STIRChallenge_2024\02\right\seq24\frames\00213000ms-00218200ms-visible_frames,rgb,datasets/STIR/STIRChallenge_2024/02/right/seq24/frames/00213000ms-00218200ms-visible_frames,17,False,False,False,train,datasets/STIR/STIRChallenge_2024/02/right/seq24/frames/00213000ms-00218200ms-visible_frames/frame_000000.jpg,laparo
STIR,STIRChallenge_2024\02\right\seq26,rgb,datasets/STIR/STIRChallenge_2024/02/right/seq26,2,False,False,False,train,datasets/STIR/STIRChallenge_2024/02/right/seq26/00224280ms_icgstart.png,laparo
STIR,STIRChallenge_2024\02\right\seq26\frames\00224760ms-00230960ms-visible_frames,rgb,datasets/STIR/STIRChallenge_2024/02/right/seq26/frames/00224760ms-00230960ms-visible_frames,20,False,False,False,train,datasets/STIR/STIRChallenge_2024/02/right/seq26/frames/00224760ms-00230960ms-visible_frames/frame_000000.jpg,laparo
STIR,STIRChallenge_2024\02\right\seq28,rgb,datasets/STIR/STIRChallenge_2024/02/right/seq28,2,False,False,False,train,datasets/STIR/STIRChallenge_2024/02/right/seq28/00297200ms_icgstart.png,laparo
STIR,STIRChallenge_2024\02\right\seq28\frames\00297680ms-00304720ms-visible_frames,rgb,datasets/STIR/STIRChallenge_2024/02/right/seq28/frames/00297680ms-00304720ms-visible_frames,22,False,False,False,train,datasets/STIR/STIRChallenge_2024/02/right/seq28/frames/00297680ms-00304720ms-visible_frames/frame_000000.jpg,laparo
STIR,STIRChallenge_2024\02\right\seq32,rgb,datasets/STIR/STIRChallenge_2024/02/right/seq32,2,False,False,False,train,datasets/STIR/STIRChallenge_2024/02/right/seq32/00332120ms_icgstart.png,laparo
STIR,STIRChallenge_2024\02\right\seq32\frames\00332600ms-00336880ms-visible_frames,rgb,datasets/STIR/STIRChallenge_2024/02/right/seq32/frames/00332600ms-00336880ms-visible_frames,14,False,False,False,train,datasets/STIR/STIRChallenge_2024/02/right/seq32/frames/00332600ms-00336880ms-visible_frames/frame_000000.jpg,laparo
STIR,STIRChallenge_2024\02\right\seq35,rgb,datasets/STIR/STIRChallenge_2024/02/right/seq35,2,False,False,False,train,datasets/STIR/STIRChallenge_2024/02/right/seq35/00356400ms_icgstart.png,laparo
STIR,STIRChallenge_2024\02\right\seq35\frames\00356880ms-00364440ms-visible_frames,rgb,datasets/STIR/STIRChallenge_2024/02/right/seq35/frames/00356880ms-00364440ms-visible_frames,24,False,False,False,train,datasets/STIR/STIRChallenge_2024/02/right/seq35/frames/00356880ms-00364440ms-visible_frames/frame_000000.jpg,laparo
STIR,STIRChallenge_2024\03\left\seq00,rgb,datasets/STIR/STIRChallenge_2024/03/left/seq00,2,False,False,False,train,datasets/STIR/STIRChallenge_2024/03/left/seq00/00417720ms_icgstart.png,laparo
STIR,STIRChallenge_2024\03\left\seq00\frames\00417960ms-00420680ms-visible_frames,rgb,datasets/STIR/STIRChallenge_2024/03/left/seq00/frames/00417960ms-00420680ms-visible_frames,9,False,False,False,train,datasets/STIR/STIRChallenge_2024/03/left/seq00/frames/00417960ms-00420680ms-visible_frames/frame_000000.jpg,laparo
STIR,STIRChallenge_2024\03\left\seq02,rgb,datasets/STIR/STIRChallenge_2024/03/left/seq02,2,False,False,False,val,datasets/STIR/STIRChallenge_2024/03/left/seq02/00468480ms_icgstart.png,laparo
STIR,STIRChallenge_2024\03\left\seq02\frames\00468720ms-00475720ms-visible_frames,rgb,datasets/STIR/STIRChallenge_2024/03/left/seq02/frames/00468720ms-00475720ms-visible_frames,22,False,False,False,val,datasets/STIR/STIRChallenge_2024/03/left/seq02/frames/00468720ms-00475720ms-visible_frames/frame_000000.jpg,laparo
STIR,STIRChallenge_2024\03\left\seq05,rgb,datasets/STIR/STIRChallenge_2024/03/left/seq05,2,False,False,False,train,datasets/STIR/STIRChallenge_2024/03/left/seq05/00509440ms_icgstart.png,laparo
STIR,STIRChallenge_2024\03\left\seq05\frames\00509680ms-00530200ms-visible_frames,rgb,datasets/STIR/STIRChallenge_2024/03/left/seq05/frames/00509680ms-00530200ms-visible_frames,65,False,False,False,train,datasets/STIR/STIRChallenge_2024/03/left/seq05/frames/00509680ms-00530200ms-visible_frames/frame_000000.jpg,laparo
STIR,STIRChallenge_2024\03\right\seq00,rgb,datasets/STIR/STIRChallenge_2024/03/right/seq00,2,False,False,False,train,datasets/STIR/STIRChallenge_2024/03/right/seq00/00417720ms_icgstart.png,laparo
STIR,STIRChallenge_2024\03\right\seq00\frames\00417960ms-00420680ms-visible_frames,rgb,datasets/STIR/STIRChallenge_2024/03/right/seq00/frames/00417960ms-00420680ms-visible_frames,9,False,False,False,train,datasets/STIR/STIRChallenge_2024/03/right/seq00/frames/00417960ms-00420680ms-visible_frames/frame_000000.jpg,laparo
STIR,STIRChallenge_2024\03\right\seq02,rgb,datasets/STIR/STIRChallenge_2024/03/right/seq02,2,False,False,False,train,datasets/STIR/STIRChallenge_2024/03/right/seq02/00468480ms_icgstart.png,laparo
STIR,STIRChallenge_2024\03\right\seq02\frames\00468720ms-00475720ms-visible_frames,rgb,datasets/STIR/STIRChallenge_2024/03/right/seq02/frames/00468720ms-00475720ms-visible_frames,22,False,False,False,train,datasets/STIR/STIRChallenge_2024/03/right/seq02/frames/00468720ms-00475720ms-visible_frames/frame_000000.jpg,laparo
STIR,STIRChallenge_2024\03\right\seq05,rgb,datasets/STIR/STIRChallenge_2024/03/right/seq05,2,False,False,False,train,datasets/STIR/STIRChallenge_2024/03/right/seq05/00509440ms_icgstart.png,laparo
STIR,STIRChallenge_2024\03\right\seq05\frames\00509680ms-00530200ms-visible_frames,rgb,datasets/STIR/STIRChallenge_2024/03/right/seq05/frames/00509680ms-00530200ms-visible_frames,65,False,False,False,test,datasets/STIR/STIRChallenge_2024/03/right/seq05/frames/00509680ms-00530200ms-visible_frames/frame_000000.jpg,laparo
STIR,STIRChallenge_2024\04\left\seq07,rgb,datasets/STIR/STIRChallenge_2024/04/left/seq07,2,False,False,False,train,datasets/STIR/STIRChallenge_2024/04/left/seq07/01053120ms_icgstart.png,laparo
STIR,STIRChallenge_2024\04\left\seq07\frames\01053360ms-01067880ms-visible_frames,rgb,datasets/STIR/STIRChallenge_2024/04/left/seq07/frames/01053360ms-01067880ms-visible_frames,46,False,False,False,train,datasets/STIR/STIRChallenge_2024/04/left/seq07/frames/01053360ms-01067880ms-visible_frames/frame_000000.jpg,laparo
STIR,STIRChallenge_2024\04\left\seq10,rgb,datasets/STIR/STIRChallenge_2024/04/left/seq10,2,False,False,False,train,datasets/STIR/STIRChallenge_2024/04/left/seq10/01179320ms_icgstart.png,laparo
STIR,STIRChallenge_2024\04\left\seq10\frames\01179560ms-01201680ms-visible_frames,rgb,datasets/STIR/STIRChallenge_2024/04/left/seq10/frames/01179560ms-01201680ms-visible_frames,70,False,False,False,train,datasets/STIR/STIRChallenge_2024/04/left/seq10/frames/01179560ms-01201680ms-visible_frames/frame_000000.jpg,laparo
STIR,STIRChallenge_2024\04\right\seq07,rgb,datasets/STIR/STIRChallenge_2024/04/right/seq07,2,False,False,False,train,datasets/STIR/STIRChallenge_2024/04/right/seq07/01053120ms_icgstart.png,laparo
STIR,STIRChallenge_2024\04\right\seq07\frames\01053360ms-01067880ms-visible_frames,rgb,datasets/STIR/STIRChallenge_2024/04/right/seq07/frames/01053360ms-01067880ms-visible_frames,46,False,False,False,val,datasets/STIR/STIRChallenge_2024/04/right/seq07/frames/01053360ms-01067880ms-visible_frames/frame_000000.jpg,laparo
STIR,STIRChallenge_2024\04\right\seq10,rgb,datasets/STIR/STIRChallenge_2024/04/right/seq10,2,False,False,False,train,datasets/STIR/STIRChallenge_2024/04/right/seq10/01179320ms_icgstart.png,laparo
STIR,STIRChallenge_2024\04\right\seq10\frames\01179560ms-01201680ms-visible_frames,rgb,datasets/STIR/STIRChallenge_2024/04/right/seq10/frames/01179560ms-01201680ms-visible_frames,70,False,False,False,train,datasets/STIR/STIRChallenge_2024/04/right/seq10/frames/01179560ms-01201680ms-visible_frames/frame_000000.jpg,laparo
STIR,STIRChallenge_2024\05\left\seq02,rgb,datasets/STIR/STIRChallenge_2024/05/left/seq02,2,False,False,False,train,datasets/STIR/STIRChallenge_2024/05/left/seq02/00084360ms_icgstart.png,laparo
STIR,STIRChallenge_2024\05\left\seq02\frames\00084840ms-00090280ms-visible_frames,rgb,datasets/STIR/STIRChallenge_2024/05/left/seq02/frames/00084840ms-00090280ms-visible_frames,17,False,False,False,train,datasets/STIR/STIRChallenge_2024/05/left/seq02/frames/00084840ms-00090280ms-visible_frames/frame_000000.jpg,laparo
STIR,STIRChallenge_2024\05\left\seq06,rgb,datasets/STIR/STIRChallenge_2024/05/left/seq06,2,False,False,False,val,datasets/STIR/STIRChallenge_2024/05/left/seq06/00107640ms_icgstart.png,laparo
STIR,STIRChallenge_2024\05\left\seq06\frames\00108120ms-00118680ms-visible_frames,rgb,datasets/STIR/STIRChallenge_2024/05/left/seq06/frames/00108120ms-00118680ms-visible_frames,33,False,False,False,train,datasets/STIR/STIRChallenge_2024/05/left/seq06/frames/00108120ms-00118680ms-visible_frames/frame_000000.jpg,laparo
STIR,STIRChallenge_2024\05\left\seq09,rgb,datasets/STIR/STIRChallenge_2024/05/left/seq09,2,False,False,False,train,datasets/STIR/STIRChallenge_2024/05/left/seq09/00138320ms_icgstart.png,laparo
STIR,STIRChallenge_2024\05\left\seq09\frames\00138800ms-00142440ms-visible_frames,rgb,datasets/STIR/STIRChallenge_2024/05/left/seq09/frames/00138800ms-00142440ms-visible_frames,12,False,False,False,train,datasets/STIR/STIRChallenge_2024/05/left/seq09/frames/00138800ms-00142440ms-visible_frames/frame_000000.jpg,laparo
STIR,STIRChallenge_2024\05\left\seq15,rgb,datasets/STIR/STIRChallenge_2024/05/left/seq15,2,False,False,False,train,datasets/STIR/STIRChallenge_2024/05/left/seq15/00194120ms_icgstart.png,laparo
STIR,STIRChallenge_2024\05\left\seq15\frames\00194600ms-00200440ms-visible_frames,rgb,datasets/STIR/STIRChallenge_2024/05/left/seq15/frames/00194600ms-00200440ms-visible_frames,19,False,False,False,train,datasets/STIR/STIRChallenge_2024/05/left/seq15/frames/00194600ms-00200440ms-visible_frames/frame_000000.jpg,laparo
STIR,STIRChallenge_2024\05\left\seq16,rgb,datasets/STIR/STIRChallenge_2024/05/left/seq16,2,False,False,False,train,datasets/STIR/STIRChallenge_2024/05/left/seq16/00201480ms_icgstart.png,laparo
STIR,STIRChallenge_2024\05\left\seq16\frames\00201960ms-00204000ms-visible_frames,rgb,datasets/STIR/STIRChallenge_2024/05/left/seq16/frames/00201960ms-00204000ms-visible_frames,7,False,False,False,train,datasets/STIR/STIRChallenge_2024/05/left/seq16/frames/00201960ms-00204000ms-visible_frames/frame_000000.jpg,laparo
STIR,STIRChallenge_2024\05\left\seq24,rgb,datasets/STIR/STIRChallenge_2024/05/left/seq24,2,False,False,False,train,datasets/STIR/STIRChallenge_2024/05/left/seq24/00259399ms_icgstart.png,laparo
STIR,STIRChallenge_2024\05\left\seq24\frames\00259880ms-00264000ms-visible_frames,rgb,datasets/STIR/STIRChallenge_2024/05/left/seq24/frames/00259880ms-00264000ms-visible_frames,13,False,False,False,train,datasets/STIR/STIRChallenge_2024/05/left/seq24/frames/00259880ms-00264000ms-visible_frames/frame_000000.jpg,laparo
STIR,STIRChallenge_2024\05\left\seq30,rgb,datasets/STIR/STIRChallenge_2024/05/left/seq30,2,False,False,False,train,datasets/STIR/STIRChallenge_2024/05/left/seq30/00307600ms_icgstart.png,laparo
STIR,STIRChallenge_2024\05\left\seq30\frames\00308080ms-00312440ms-visible_frames,rgb,datasets/STIR/STIRChallenge_2024/05/left/seq30/frames/00308080ms-00312440ms-visible_frames,14,False,False,False,train,datasets/STIR/STIRChallenge_2024/05/left/seq30/frames/00308080ms-00312440ms-visible_frames/frame_000000.jpg,laparo
STIR,STIRChallenge_2024\05\left\seq33,rgb,datasets/STIR/STIRChallenge_2024/05/left/seq33,2,False,False,False,train,datasets/STIR/STIRChallenge_2024/05/left/seq33/00326880ms_icgstart.png,laparo
STIR,STIRChallenge_2024\05\left\seq33\frames\00327360ms-00332800ms-visible_frames,rgb,datasets/STIR/STIRChallenge_2024/05/left/seq33/frames/00327360ms-00332800ms-visible_frames,17,False,False,False,test,datasets/STIR/STIRChallenge_2024/05/left/seq33/frames/00327360ms-00332800ms-visible_frames/frame_000000.jpg,laparo
STIR,STIRChallenge_2024\05\left\seq39,rgb,datasets/STIR/STIRChallenge_2024/05/left/seq39,2,False,False,False,train,datasets/STIR/STIRChallenge_2024/05/left/seq39/00374000ms_icgstart.png,laparo
STIR,STIRChallenge_2024\05\left\seq39\frames\00374480ms-00380040ms-visible_frames,rgb,datasets/STIR/STIRChallenge_2024/05/left/seq39/frames/00374480ms-00380040ms-visible_frames,18,False,False,False,train,datasets/STIR/STIRChallenge_2024/05/left/seq39/frames/00374480ms-00380040ms-visible_frames/frame_000000.jpg,laparo
STIR,STIRChallenge_2024\05\left\seq51,rgb,datasets/STIR/STIRChallenge_2024/05/left/seq51,2,False,False,False,train,datasets/STIR/STIRChallenge_2024/05/left/seq51/00569240ms_icgstart.png,laparo
STIR,STIRChallenge_2024\05\left\seq51\frames\00569720ms-00572880ms-visible_frames,rgb,datasets/STIR/STIRChallenge_2024/05/left/seq51/frames/00569720ms-00572880ms-visible_frames,10,False,False,False,val,datasets/STIR/STIRChallenge_2024/05/left/seq51/frames/00569720ms-00572880ms-visible_frames/frame_000000.jpg,laparo
STIR,STIRChallenge_2024\05\left\seq59,rgb,datasets/STIR/STIRChallenge_2024/05/left/seq59,2,False,False,False,train,datasets/STIR/STIRChallenge_2024/05/left/seq59/00617520ms_icgstart.png,laparo
STIR,STIRChallenge_2024\05\left\seq59\frames\00618000ms-00622320ms-visible_frames,rgb,datasets/STIR/STIRChallenge_2024/05/left/seq59/frames/00618000ms-00622320ms-visible_frames,14,False,False,False,train,datasets/STIR/STIRChallenge_2024/05/left/seq59/frames/00618000ms-00622320ms-visible_frames/frame_000000.jpg,laparo
STIR,STIRChallenge_2024\05\left\seq60,rgb,datasets/STIR/STIRChallenge_2024/05/left/seq60,2,False,False,False,train,datasets/STIR/STIRChallenge_2024/05/left/seq60/00623720ms_icgstart.png,laparo
STIR,STIRChallenge_2024\05\left\seq60\frames\00624200ms-00627440ms-visible_frames,rgb,datasets/STIR/STIRChallenge_2024/05/left/seq60/frames/00624200ms-00627440ms-visible_frames,11,False,False,False,train,datasets/STIR/STIRChallenge_2024/05/left/seq60/frames/00624200ms-00627440ms-visible_frames/frame_000000.jpg,laparo
STIR,STIRChallenge_2024\05\left\seq63,rgb,datasets/STIR/STIRChallenge_2024/05/left/seq63,2,False,False,False,test,datasets/STIR/STIRChallenge_2024/05/left/seq63/00644560ms_icgstart.png,laparo
STIR,STIRChallenge_2024\05\left\seq63\frames\00645040ms-00655120ms-visible_frames,rgb,datasets/STIR/STIRChallenge_2024/05/left/seq63/frames/00645040ms-00655120ms-visible_frames,32,False,False,False,train,datasets/STIR/STIRChallenge_2024/05/left/seq63/frames/00645040ms-00655120ms-visible_frames/frame_000000.jpg,laparo
STIR,STIRChallenge_2024\05\left\seq70,rgb,datasets/STIR/STIRChallenge_2024/05/left/seq70,2,False,False,False,train,datasets/STIR/STIRChallenge_2024/05/left/seq70/00697760ms_icgstart.png,laparo
STIR,STIRChallenge_2024\05\left\seq70\frames\00698240ms-00702400ms-visible_frames,rgb,datasets/STIR/STIRChallenge_2024/05/left/seq70/frames/00698240ms-00702400ms-visible_frames,13,False,False,False,train,datasets/STIR/STIRChallenge_2024/05/left/seq70/frames/00698240ms-00702400ms-visible_frames/frame_000000.jpg,laparo
STIR,STIRChallenge_2024\05\left\seq71,rgb,datasets/STIR/STIRChallenge_2024/05/left/seq71,2,False,False,False,train,datasets/STIR/STIRChallenge_2024/05/left/seq71/00703760ms_icgstart.png,laparo
STIR,STIRChallenge_2024\05\left\seq71\frames\00704240ms-00707600ms-visible_frames,rgb,datasets/STIR/STIRChallenge_2024/05/left/seq71/frames/00704240ms-00707600ms-visible_frames,11,False,False,False,train,datasets/STIR/STIRChallenge_2024/05/left/seq71/frames/00704240ms-00707600ms-visible_frames/frame_000000.jpg,laparo
STIR,STIRChallenge_2024\05\right\seq02,rgb,datasets/STIR/STIRChallenge_2024/05/right/seq02,2,False,False,False,train,datasets/STIR/STIRChallenge_2024/05/right/seq02/00084360ms_icgstart.png,laparo
STIR,STIRChallenge_2024\05\right\seq02\frames\00084840ms-00090280ms-visible_frames,rgb,datasets/STIR/STIRChallenge_2024/05/right/seq02/frames/00084840ms-00090280ms-visible_frames,17,False,False,False,train,datasets/STIR/STIRChallenge_2024/05/right/seq02/frames/00084840ms-00090280ms-visible_frames/frame_000000.jpg,laparo
STIR,STIRChallenge_2024\05\right\seq06,rgb,datasets/STIR/STIRChallenge_2024/05/right/seq06,2,False,False,False,train,datasets/STIR/STIRChallenge_2024/05/right/seq06/00107640ms_icgstart.png,laparo
STIR,STIRChallenge_2024\05\right\seq06\frames\00108120ms-00118680ms-visible_frames,rgb,datasets/STIR/STIRChallenge_2024/05/right/seq06/frames/00108120ms-00118680ms-visible_frames,33,False,False,False,train,datasets/STIR/STIRChallenge_2024/05/right/seq06/frames/00108120ms-00118680ms-visible_frames/frame_000000.jpg,laparo
STIR,STIRChallenge_2024\05\right\seq09,rgb,datasets/STIR/STIRChallenge_2024/05/right/seq09,2,False,False,False,train,datasets/STIR/STIRChallenge_2024/05/right/seq09/00138320ms_icgstart.png,laparo
STIR,STIRChallenge_2024\05\right\seq09\frames\00138800ms-00142440ms-visible_frames,rgb,datasets/STIR/STIRChallenge_2024/05/right/seq09/frames/00138800ms-00142440ms-visible_frames,12,False,False,False,train,datasets/STIR/STIRChallenge_2024/05/right/seq09/frames/00138800ms-00142440ms-visible_frames/frame_000000.jpg,laparo
STIR,STIRChallenge_2024\05\right\seq15,rgb,datasets/STIR/STIRChallenge_2024/05/right/seq15,2,False,False,False,train,datasets/STIR/STIRChallenge_2024/05/right/seq15/00194120ms_icgstart.png,laparo
STIR,STIRChallenge_2024\05\right\seq15\frames\00194600ms-00200440ms-visible_frames,rgb,datasets/STIR/STIRChallenge_2024/05/right/seq15/frames/00194600ms-00200440ms-visible_frames,19,False,False,False,train,datasets/STIR/STIRChallenge_2024/05/right/seq15/frames/00194600ms-00200440ms-visible_frames/frame_000000.jpg,laparo
STIR,STIRChallenge_2024\05\right\seq16,rgb,datasets/STIR/STIRChallenge_2024/05/right/seq16,2,False,False,False,train,datasets/STIR/STIRChallenge_2024/05/right/seq16/00201480ms_icgstart.png,laparo
STIR,STIRChallenge_2024\05\right\seq16\frames\00201960ms-00204000ms-visible_frames,rgb,datasets/STIR/STIRChallenge_2024/05/right/seq16/frames/00201960ms-00204000ms-visible_frames,7,False,False,False,train,datasets/STIR/STIRChallenge_2024/05/right/seq16/frames/00201960ms-00204000ms-visible_frames/frame_000000.jpg,laparo
STIR,STIRChallenge_2024\05\right\seq24,rgb,datasets/STIR/STIRChallenge_2024/05/right/seq24,2,False,False,False,test,datasets/STIR/STIRChallenge_2024/05/right/seq24/00259399ms_icgstart.png,laparo
STIR,STIRChallenge_2024\05\right\seq24\frames\00259880ms-00264000ms-visible_frames,rgb,datasets/STIR/STIRChallenge_2024/05/right/seq24/frames/00259880ms-00264000ms-visible_frames,13,False,False,False,train,datasets/STIR/STIRChallenge_2024/05/right/seq24/frames/00259880ms-00264000ms-visible_frames/frame_000000.jpg,laparo
STIR,STIRChallenge_2024\05\right\seq30,rgb,datasets/STIR/STIRChallenge_2024/05/right/seq30,2,False,False,False,train,datasets/STIR/STIRChallenge_2024/05/right/seq30/00307600ms_icgstart.png,laparo
STIR,STIRChallenge_2024\05\right\seq30\frames\00308080ms-00312440ms-visible_frames,rgb,datasets/STIR/STIRChallenge_2024/05/right/seq30/frames/00308080ms-00312440ms-visible_frames,14,False,False,False,train,datasets/STIR/STIRChallenge_2024/05/right/seq30/frames/00308080ms-00312440ms-visible_frames/frame_000000.jpg,laparo
STIR,STIRChallenge_2024\05\right\seq33,rgb,datasets/STIR/STIRChallenge_2024/05/right/seq33,2,False,False,False,train,datasets/STIR/STIRChallenge_2024/05/right/seq33/00326880ms_icgstart.png,laparo
STIR,STIRChallenge_2024\05\right\seq33\frames\00327360ms-00332800ms-visible_frames,rgb,datasets/STIR/STIRChallenge_2024/05/right/seq33/frames/00327360ms-00332800ms-visible_frames,17,False,False,False,train,datasets/STIR/STIRChallenge_2024/05/right/seq33/frames/00327360ms-00332800ms-visible_frames/frame_000000.jpg,laparo
STIR,STIRChallenge_2024\05\right\seq39,rgb,datasets/STIR/STIRChallenge_2024/05/right/seq39,2,False,False,False,train,datasets/STIR/STIRChallenge_2024/05/right/seq39/00374000ms_icgstart.png,laparo
STIR,STIRChallenge_2024\05\right\seq39\frames\00374480ms-00380040ms-visible_frames,rgb,datasets/STIR/STIRChallenge_2024/05/right/seq39/frames/00374480ms-00380040ms-visible_frames,18,False,False,False,val,datasets/STIR/STIRChallenge_2024/05/right/seq39/frames/00374480ms-00380040ms-visible_frames/frame_000000.jpg,laparo
STIR,STIRChallenge_2024\05\right\seq51,rgb,datasets/STIR/STIRChallenge_2024/05/right/seq51,2,False,False,False,train,datasets/STIR/STIRChallenge_2024/05/right/seq51/00569240ms_icgstart.png,laparo
STIR,STIRChallenge_2024\05\right\seq51\frames\00569720ms-00572880ms-visible_frames,rgb,datasets/STIR/STIRChallenge_2024/05/right/seq51/frames/00569720ms-00572880ms-visible_frames,10,False,False,False,val,datasets/STIR/STIRChallenge_2024/05/right/seq51/frames/00569720ms-00572880ms-visible_frames/frame_000000.jpg,laparo
STIR,STIRChallenge_2024\05\right\seq59,rgb,datasets/STIR/STIRChallenge_2024/05/right/seq59,2,False,False,False,train,datasets/STIR/STIRChallenge_2024/05/right/seq59/00617520ms_icgstart.png,laparo
STIR,STIRChallenge_2024\05\right\seq59\frames\00618000ms-00622320ms-visible_frames,rgb,datasets/STIR/STIRChallenge_2024/05/right/seq59/frames/00618000ms-00622320ms-visible_frames,14,False,False,False,val,datasets/STIR/STIRChallenge_2024/05/right/seq59/frames/00618000ms-00622320ms-visible_frames/frame_000000.jpg,laparo
STIR,STIRChallenge_2024\05\right\seq60,rgb,datasets/STIR/STIRChallenge_2024/05/right/seq60,2,False,False,False,train,datasets/STIR/STIRChallenge_2024/05/right/seq60/00623720ms_icgstart.png,laparo
STIR,STIRChallenge_2024\05\right\seq60\frames\00624200ms-00627440ms-visible_frames,rgb,datasets/STIR/STIRChallenge_2024/05/right/seq60/frames/00624200ms-00627440ms-visible_frames,11,False,False,False,train,datasets/STIR/STIRChallenge_2024/05/right/seq60/frames/00624200ms-00627440ms-visible_frames/frame_000000.jpg,laparo
STIR,STIRChallenge_2024\05\right\seq63,rgb,datasets/STIR/STIRChallenge_2024/05/right/seq63,2,False,False,False,train,datasets/STIR/STIRChallenge_2024/05/right/seq63/00644560ms_icgstart.png,laparo
STIR,STIRChallenge_2024\05\right\seq63\frames\00645040ms-00655120ms-visible_frames,rgb,datasets/STIR/STIRChallenge_2024/05/right/seq63/frames/00645040ms-00655120ms-visible_frames,32,False,False,False,val,datasets/STIR/STIRChallenge_2024/05/right/seq63/frames/00645040ms-00655120ms-visible_frames/frame_000000.jpg,laparo
STIR,STIRChallenge_2024\05\right\seq70,rgb,datasets/STIR/STIRChallenge_2024/05/right/seq70,2,False,False,False,val,datasets/STIR/STIRChallenge_2024/05/right/seq70/00697760ms_icgstart.png,laparo
STIR,STIRChallenge_2024\05\right\seq70\frames\00698240ms-00702400ms-visible_frames,rgb,datasets/STIR/STIRChallenge_2024/05/right/seq70/frames/00698240ms-00702400ms-visible_frames,13,False,False,False,train,datasets/STIR/STIRChallenge_2024/05/right/seq70/frames/00698240ms-00702400ms-visible_frames/frame_000000.jpg,laparo
STIR,STIRChallenge_2024\05\right\seq71,rgb,datasets/STIR/STIRChallenge_2024/05/right/seq71,2,False,False,False,train,datasets/STIR/STIRChallenge_2024/05/right/seq71/00703760ms_icgstart.png,laparo
STIR,STIRChallenge_2024\05\right\seq71\frames\00704240ms-00707600ms-visible_frames,rgb,datasets/STIR/STIRChallenge_2024/05/right/seq71/frames/00704240ms-00707600ms-visible_frames,11,False,False,False,train,datasets/STIR/STIRChallenge_2024/05/right/seq71/frames/00704240ms-00707600ms-visible_frames/frame_000000.jpg,laparo
STIR,STIRChallenge_2024\06\left\seq01,rgb,datasets/STIR/STIRChallenge_2024/06/left/seq01,2,False,False,False,test,datasets/STIR/STIRChallenge_2024/06/left/seq01/00024680ms_icgstart.png,laparo
STIR,STIRChallenge_2024\06\left\seq01\frames\00025160ms-00031040ms-visible_frames,rgb,datasets/STIR/STIRChallenge_2024/06/left/seq01/frames/00025160ms-00031040ms-visible_frames,19,False,False,False,train,datasets/STIR/STIRChallenge_2024/06/left/seq01/frames/00025160ms-00031040ms-visible_frames/frame_000000.jpg,laparo
STIR,STIRChallenge_2024\06\left\seq04,rgb,datasets/STIR/STIRChallenge_2024/06/left/seq04,2,False,False,False,train,datasets/STIR/STIRChallenge_2024/06/left/seq04/00068600ms_icgstart.png,laparo
STIR,STIRChallenge_2024\06\left\seq04\frames\00069080ms-00069560ms-visible_frames,rgb,datasets/STIR/STIRChallenge_2024/06/left/seq04/frames/00069080ms-00069560ms-visible_frames,2,False,False,False,val,datasets/STIR/STIRChallenge_2024/06/left/seq04/frames/00069080ms-00069560ms-visible_frames/frame_000000.jpg,laparo
STIR,STIRChallenge_2024\06\left\seq09,rgb,datasets/STIR/STIRChallenge_2024/06/left/seq09,2,False,False,False,train,datasets/STIR/STIRChallenge_2024/06/left/seq09/00096200ms_icgstart.png,laparo
STIR,STIRChallenge_2024\06\left\seq09\frames\00096680ms-00099360ms-visible_frames,rgb,datasets/STIR/STIRChallenge_2024/06/left/seq09/frames/00096680ms-00099360ms-visible_frames,9,False,False,False,train,datasets/STIR/STIRChallenge_2024/06/left/seq09/frames/00096680ms-00099360ms-visible_frames/frame_000000.jpg,laparo
STIR,STIRChallenge_2024\06\left\seq14,rgb,datasets/STIR/STIRChallenge_2024/06/left/seq14,2,False,False,False,test,datasets/STIR/STIRChallenge_2024/06/left/seq14/00124520ms_icgstart.png,laparo
STIR,STIRChallenge_2024\06\left\seq14\frames\00125000ms-00127760ms-visible_frames,rgb,datasets/STIR/STIRChallenge_2024/06/left/seq14/frames/00125000ms-00127760ms-visible_frames,9,False,False,False,train,datasets/STIR/STIRChallenge_2024/06/left/seq14/frames/00125000ms-00127760ms-visible_frames/frame_000000.jpg,laparo
STIR,STIRChallenge_2024\06\left\seq23,rgb,datasets/STIR/STIRChallenge_2024/06/left/seq23,2,False,False,False,train,datasets/STIR/STIRChallenge_2024/06/left/seq23/00177840ms_icgstart.png,laparo
STIR,STIRChallenge_2024\06\left\seq23\frames\00178320ms-00185920ms-visible_frames,rgb,datasets/STIR/STIRChallenge_2024/06/left/seq23/frames/00178320ms-00185920ms-visible_frames,24,False,False,False,train,datasets/STIR/STIRChallenge_2024/06/left/seq23/frames/00178320ms-00185920ms-visible_frames/frame_000000.jpg,laparo
STIR,STIRChallenge_2024\06\left\seq24,rgb,datasets/STIR/STIRChallenge_2024/06/left/seq24,2,False,False,False,train,datasets/STIR/STIRChallenge_2024/06/left/seq24/00186880ms_icgstart.png,laparo
STIR,STIRChallenge_2024\06\left\seq24\frames\00187360ms-00193000ms-visible_frames,rgb,datasets/STIR/STIRChallenge_2024/06/left/seq24/frames/00187360ms-00193000ms-visible_frames,18,False,False,False,test,datasets/STIR/STIRChallenge_2024/06/left/seq24/frames/00187360ms-00193000ms-visible_frames/frame_000000.jpg,laparo
STIR,STIRChallenge_2024\06\left\seq33,rgb,datasets/STIR/STIRChallenge_2024/06/left/seq33,2,False,False,False,train,datasets/STIR/STIRChallenge_2024/06/left/seq33/00243040ms_icgstart.png,laparo
STIR,STIRChallenge_2024\06\left\seq33\frames\00243520ms-00247600ms-visible_frames,rgb,datasets/STIR/STIRChallenge_2024/06/left/seq33/frames/00243520ms-00247600ms-visible_frames,13,False,False,False,train,datasets/STIR/STIRChallenge_2024/06/left/seq33/frames/00243520ms-00247600ms-visible_frames/frame_000000.jpg,laparo
STIR,STIRChallenge_2024\06\left\seq34,rgb,datasets/STIR/STIRChallenge_2024/06/left/seq34,2,False,False,False,train,datasets/STIR/STIRChallenge_2024/06/left/seq34/00249800ms_icgstart.png,laparo
STIR,STIRChallenge_2024\06\left\seq34\frames\00250280ms-00253120ms-visible_frames,rgb,datasets/STIR/STIRChallenge_2024/06/left/seq34/frames/00250280ms-00253120ms-visible_frames,9,False,False,False,train,datasets/STIR/STIRChallenge_2024/06/left/seq34/frames/00250280ms-00253120ms-visible_frames/frame_000000.jpg,laparo
STIR,STIRChallenge_2024\06\left\seq39,rgb,datasets/STIR/STIRChallenge_2024/06/left/seq39,2,False,False,False,train,datasets/STIR/STIRChallenge_2024/06/left/seq39/00279400ms_icgstart.png,laparo
STIR,STIRChallenge_2024\06\left\seq39\frames\00279880ms-00284720ms-visible_frames,rgb,datasets/STIR/STIRChallenge_2024/06/left/seq39/frames/00279880ms-00284720ms-visible_frames,16,False,False,False,train,datasets/STIR/STIRChallenge_2024/06/left/seq39/frames/00279880ms-00284720ms-visible_frames/frame_000000.jpg,laparo
STIR,STIRChallenge_2024\06\left\seq41,rgb,datasets/STIR/STIRChallenge_2024/06/left/seq41,2,False,False,False,train,datasets/STIR/STIRChallenge_2024/06/left/seq41/00289520ms_icgstart.png,laparo
STIR,STIRChallenge_2024\06\left\seq41\frames\00290000ms-00316400ms-visible_frames,rgb,datasets/STIR/STIRChallenge_2024/06/left/seq41/frames/00290000ms-00316400ms-visible_frames,83,False,False,False,val,datasets/STIR/STIRChallenge_2024/06/left/seq41/frames/00290000ms-00316400ms-visible_frames/frame_000000.jpg,laparo
STIR,STIRChallenge_2024\06\left\seq47,rgb,datasets/STIR/STIRChallenge_2024/06/left/seq47,2,False,False,False,train,datasets/STIR/STIRChallenge_2024/06/left/seq47/00349240ms_icgstart.png,laparo
STIR,STIRChallenge_2024\06\left\seq47\frames\00349720ms-00352000ms-visible_frames,rgb,datasets/STIR/STIRChallenge_2024/06/left/seq47/frames/00349720ms-00352000ms-visible_frames,8,False,False,False,train,datasets/STIR/STIRChallenge_2024/06/left/seq47/frames/00349720ms-00352000ms-visible_frames/frame_000000.jpg,laparo
STIR,STIRChallenge_2024\06\left\seq49,rgb,datasets/STIR/STIRChallenge_2024/06/left/seq49,2,False,False,False,train,datasets/STIR/STIRChallenge_2024/06/left/seq49/00356240ms_icgstart.png,laparo
STIR,STIRChallenge_2024\06\left\seq49\frames\00356720ms-00358520ms-visible_frames,rgb,datasets/STIR/STIRChallenge_2024/06/left/seq49/frames/00356720ms-00358520ms-visible_frames,6,False,False,False,train,datasets/STIR/STIRChallenge_2024/06/left/seq49/frames/00356720ms-00358520ms-visible_frames/frame_000000.jpg,laparo
STIR,STIRChallenge_2024\06\left\seq59,rgb,datasets/STIR/STIRChallenge_2024/06/left/seq59,2,False,False,False,train,datasets/STIR/STIRChallenge_2024/06/left/seq59/00425040ms_icgstart.png,laparo
STIR,STIRChallenge_2024\06\left\seq59\frames\00425520ms-00429320ms-visible_frames,rgb,datasets/STIR/STIRChallenge_2024/06/left/seq59/frames/00425520ms-00429320ms-visible_frames,12,False,False,False,train,datasets/STIR/STIRChallenge_2024/06/left/seq59/frames/00425520ms-00429320ms-visible_frames/frame_000000.jpg,laparo
STIR,STIRChallenge_2024\06\left\seq65,rgb,datasets/STIR/STIRChallenge_2024/06/left/seq65,2,False,False,False,val,datasets/STIR/STIRChallenge_2024/06/left/seq65/00464880ms_icgstart.png,laparo
STIR,STIRChallenge_2024\06\left\seq65\frames\00465360ms-00467760ms-visible_frames,rgb,datasets/STIR/STIRChallenge_2024/06/left/seq65/frames/00465360ms-00467760ms-visible_frames,8,False,False,False,val,datasets/STIR/STIRChallenge_2024/06/left/seq65/frames/00465360ms-00467760ms-visible_frames/frame_000000.jpg,laparo
STIR,STIRChallenge_2024\06\right\seq01,rgb,datasets/STIR/STIRChallenge_2024/06/right/seq01,2,False,False,False,val,datasets/STIR/STIRChallenge_2024/06/right/seq01/00024680ms_icgstart.png,laparo
STIR,STIRChallenge_2024\06\right\seq01\frames\00025160ms-00031040ms-visible_frames,rgb,datasets/STIR/STIRChallenge_2024/06/right/seq01/frames/00025160ms-00031040ms-visible_frames,19,False,False,False,train,datasets/STIR/STIRChallenge_2024/06/right/seq01/frames/00025160ms-00031040ms-visible_frames/frame_000000.jpg,laparo
STIR,STIRChallenge_2024\06\right\seq04,rgb,datasets/STIR/STIRChallenge_2024/06/right/seq04,2,False,False,False,train,datasets/STIR/STIRChallenge_2024/06/right/seq04/00068600ms_icgstart.png,laparo
STIR,STIRChallenge_2024\06\right\seq04\frames\00069080ms-00069560ms-visible_frames,rgb,datasets/STIR/STIRChallenge_2024/06/right/seq04/frames/00069080ms-00069560ms-visible_frames,2,False,False,False,test,datasets/STIR/STIRChallenge_2024/06/right/seq04/frames/00069080ms-00069560ms-visible_frames/frame_000000.jpg,laparo
STIR,STIRChallenge_2024\06\right\seq09,rgb,datasets/STIR/STIRChallenge_2024/06/right/seq09,2,False,False,False,train,datasets/STIR/STIRChallenge_2024/06/right/seq09/00096200ms_icgstart.png,laparo
STIR,STIRChallenge_2024\06\right\seq09\frames\00096680ms-00099360ms-visible_frames,rgb,datasets/STIR/STIRChallenge_2024/06/right/seq09/frames/00096680ms-00099360ms-visible_frames,9,False,False,False,test,datasets/STIR/STIRChallenge_2024/06/right/seq09/frames/00096680ms-00099360ms-visible_frames/frame_000000.jpg,laparo
STIR,STIRChallenge_2024\06\right\seq14,rgb,datasets/STIR/STIRChallenge_2024/06/right/seq14,2,False,False,False,train,datasets/STIR/STIRChallenge_2024/06/right/seq14/00124520ms_icgstart.png,laparo
STIR,STIRChallenge_2024\06\right\seq14\frames\00125000ms-00127760ms-visible_frames,rgb,datasets/STIR/STIRChallenge_2024/06/right/seq14/frames/00125000ms-00127760ms-visible_frames,9,False,False,False,train,datasets/STIR/STIRChallenge_2024/06/right/seq14/frames/00125000ms-00127760ms-visible_frames/frame_000000.jpg,laparo
STIR,STIRChallenge_2024\06\right\seq23,rgb,datasets/STIR/STIRChallenge_2024/06/right/seq23,2,False,False,False,train,datasets/STIR/STIRChallenge_2024/06/right/seq23/00177840ms_icgstart.png,laparo
STIR,STIRChallenge_2024\06\right\seq23\frames\00178320ms-00185920ms-visible_frames,rgb,datasets/STIR/STIRChallenge_2024/06/right/seq23/frames/00178320ms-00185920ms-visible_frames,24,False,False,False,test,datasets/STIR/STIRChallenge_2024/06/right/seq23/frames/00178320ms-00185920ms-visible_frames/frame_000000.jpg,laparo
STIR,STIRChallenge_2024\06\right\seq24,rgb,datasets/STIR/STIRChallenge_2024/06/right/seq24,2,False,False,False,val,datasets/STIR/STIRChallenge_2024/06/right/seq24/00186880ms_icgstart.png,laparo
STIR,STIRChallenge_2024\06\right\seq24\frames\00187360ms-00193000ms-visible_frames,rgb,datasets/STIR/STIRChallenge_2024/06/right/seq24/frames/00187360ms-00193000ms-visible_frames,18,False,False,False,train,datasets/STIR/STIRChallenge_2024/06/right/seq24/frames/00187360ms-00193000ms-visible_frames/frame_000000.jpg,laparo
STIR,STIRChallenge_2024\06\right\seq33,rgb,datasets/STIR/STIRChallenge_2024/06/right/seq33,2,False,False,False,train,datasets/STIR/STIRChallenge_2024/06/right/seq33/00243040ms_icgstart.png,laparo
STIR,STIRChallenge_2024\06\right\seq33\frames\00243520ms-00247600ms-visible_frames,rgb,datasets/STIR/STIRChallenge_2024/06/right/seq33/frames/00243520ms-00247600ms-visible_frames,13,False,False,False,train,datasets/STIR/STIRChallenge_2024/06/right/seq33/frames/00243520ms-00247600ms-visible_frames/frame_000000.jpg,laparo
STIR,STIRChallenge_2024\06\right\seq34,rgb,datasets/STIR/STIRChallenge_2024/06/right/seq34,2,False,False,False,train,datasets/STIR/STIRChallenge_2024/06/right/seq34/00249800ms_icgstart.png,laparo
STIR,STIRChallenge_2024\06\right\seq34\frames\00250280ms-00253120ms-visible_frames,rgb,datasets/STIR/STIRChallenge_2024/06/right/seq34/frames/00250280ms-00253120ms-visible_frames,9,False,False,False,test,datasets/STIR/STIRChallenge_2024/06/right/seq34/frames/00250280ms-00253120ms-visible_frames/frame_000000.jpg,laparo
STIR,STIRChallenge_2024\06\right\seq39,rgb,datasets/STIR/STIRChallenge_2024/06/right/seq39,2,False,False,False,train,datasets/STIR/STIRChallenge_2024/06/right/seq39/00279400ms_icgstart.png,laparo
STIR,STIRChallenge_2024\06\right\seq39\frames\00279880ms-00284720ms-visible_frames,rgb,datasets/STIR/STIRChallenge_2024/06/right/seq39/frames/00279880ms-00284720ms-visible_frames,16,False,False,False,train,datasets/STIR/STIRChallenge_2024/06/right/seq39/frames/00279880ms-00284720ms-visible_frames/frame_000000.jpg,laparo
STIR,STIRChallenge_2024\06\right\seq41,rgb,datasets/STIR/STIRChallenge_2024/06/right/seq41,2,False,False,False,train,datasets/STIR/STIRChallenge_2024/06/right/seq41/00289520ms_icgstart.png,laparo
STIR,STIRChallenge_2024\06\right\seq41\frames\00290000ms-00316400ms-visible_frames,rgb,datasets/STIR/STIRChallenge_2024/06/right/seq41/frames/00290000ms-00316400ms-visible_frames,83,False,False,False,train,datasets/STIR/STIRChallenge_2024/06/right/seq41/frames/00290000ms-00316400ms-visible_frames/frame_000000.jpg,laparo
STIR,STIRChallenge_2024\06\right\seq47,rgb,datasets/STIR/STIRChallenge_2024/06/right/seq47,2,False,False,False,train,datasets/STIR/STIRChallenge_2024/06/right/seq47/00349240ms_icgstart.png,laparo
STIR,STIRChallenge_2024\06\right\seq47\frames\00349720ms-00352000ms-visible_frames,rgb,datasets/STIR/STIRChallenge_2024/06/right/seq47/frames/00349720ms-00352000ms-visible_frames,8,False,False,False,train,datasets/STIR/STIRChallenge_2024/06/right/seq47/frames/00349720ms-00352000ms-visible_frames/frame_000000.jpg,laparo
STIR,STIRChallenge_2024\06\right\seq49,rgb,datasets/STIR/STIRChallenge_2024/06/right/seq49,2,False,False,False,train,datasets/STIR/STIRChallenge_2024/06/right/seq49/00356240ms_icgstart.png,laparo
STIR,STIRChallenge_2024\06\right\seq49\frames\00356720ms-00358520ms-visible_frames,rgb,datasets/STIR/STIRChallenge_2024/06/right/seq49/frames/00356720ms-00358520ms-visible_frames,6,False,False,False,train,datasets/STIR/STIRChallenge_2024/06/right/seq49/frames/00356720ms-00358520ms-visible_frames/frame_000000.jpg,laparo
STIR,STIRChallenge_2024\06\right\seq59,rgb,datasets/STIR/STIRChallenge_2024/06/right/seq59,2,False,False,False,train,datasets/STIR/STIRChallenge_2024/06/right/seq59/00425040ms_icgstart.png,laparo
STIR,STIRChallenge_2024\06\right\seq59\frames\00425520ms-00429320ms-visible_frames,rgb,datasets/STIR/STIRChallenge_2024/06/right/seq59/frames/00425520ms-00429320ms-visible_frames,12,False,False,False,test,datasets/STIR/STIRChallenge_2024/06/right/seq59/frames/00425520ms-00429320ms-visible_frames/frame_000000.jpg,laparo
STIR,STIRChallenge_2024\06\right\seq65,rgb,datasets/STIR/STIRChallenge_2024/06/right/seq65,2,False,False,False,train,datasets/STIR/STIRChallenge_2024/06/right/seq65/00464880ms_icgstart.png,laparo
STIR,STIRChallenge_2024\06\right\seq65\frames\00465360ms-00467760ms-visible_frames,rgb,datasets/STIR/STIRChallenge_2024/06/right/seq65/frames/00465360ms-00467760ms-visible_frames,8,False,False,False,train,datasets/STIR/STIRChallenge_2024/06/right/seq65/frames/00465360ms-00467760ms-visible_frames/frame_000000.jpg,laparo
STIR,STIRChallenge_2024\07\left\seq02,rgb,datasets/STIR/STIRChallenge_2024/07/left/seq02,2,False,False,False,train,datasets/STIR/STIRChallenge_2024/07/left/seq02/00033520ms_icgstart.png,laparo
STIR,STIRChallenge_2024\07\left\seq02\frames\00033760ms-00069720ms-visible_frames,rgb,datasets/STIR/STIRChallenge_2024/07/left/seq02/frames/00033760ms-00069720ms-visible_frames,113,False,False,False,train,datasets/STIR/STIRChallenge_2024/07/left/seq02/frames/00033760ms-00069720ms-visible_frames/frame_000000.jpg,laparo
STIR,STIRChallenge_2024\07\right\seq02,rgb,datasets/STIR/STIRChallenge_2024/07/right/seq02,2,False,False,False,train,datasets/STIR/STIRChallenge_2024/07/right/seq02/00033520ms_icgstart.png,laparo
STIR,STIRChallenge_2024\07\right\seq02\frames\00033760ms-00069720ms-visible_frames,rgb,datasets/STIR/STIRChallenge_2024/07/right/seq02/frames/00033760ms-00069720ms-visible_frames,113,False,False,False,train,datasets/STIR/STIRChallenge_2024/07/right/seq02/frames/00033760ms-00069720ms-visible_frames/frame_000000.jpg,laparo
STIR,STIRChallenge_2024\08\left\seq00,rgb,datasets/STIR/STIRChallenge_2024/08/left/seq00,2,False,False,False,train,datasets/STIR/STIRChallenge_2024/08/left/seq00/00014160ms_icgstart.png,laparo
STIR,STIRChallenge_2024\08\left\seq00\frames\00014400ms-00041480ms-visible_frames,rgb,datasets/STIR/STIRChallenge_2024/08/left/seq00/frames/00014400ms-00041480ms-visible_frames,85,False,False,False,test,datasets/STIR/STIRChallenge_2024/08/left/seq00/frames/00014400ms-00041480ms-visible_frames/frame_000000.jpg,laparo
STIR,STIRChallenge_2024\08\right\seq00,rgb,datasets/STIR/STIRChallenge_2024/08/right/seq00,2,False,False,False,val,datasets/STIR/STIRChallenge_2024/08/right/seq00/00014160ms_icgstart.png,laparo
STIR,STIRChallenge_2024\08\right\seq00\frames\00014400ms-00041480ms-visible_frames,rgb,datasets/STIR/STIRChallenge_2024/08/right/seq00/frames/00014400ms-00041480ms-visible_frames,85,False,False,False,test,datasets/STIR/STIRChallenge_2024/08/right/seq00/frames/00014400ms-00041480ms-visible_frames/frame_000000.jpg,laparo
STIR,STIRChallenge_2024\09\left\seq00,rgb,datasets/STIR/STIRChallenge_2024/09/left/seq00,2,False,False,False,train,datasets/STIR/STIRChallenge_2024/09/left/seq00/00012320ms_icgstart.png,laparo
STIR,STIRChallenge_2024\09\left\seq00\frames\00012800ms-00025400ms-visible_frames,rgb,datasets/STIR/STIRChallenge_2024/09/left/seq00/frames/00012800ms-00025400ms-visible_frames,40,False,False,False,train,datasets/STIR/STIRChallenge_2024/09/left/seq00/frames/00012800ms-00025400ms-visible_frames/frame_000000.jpg,laparo
STIR,STIRChallenge_2024\09\left\seq07,rgb,datasets/STIR/STIRChallenge_2024/09/left/seq07,2,False,False,False,train,datasets/STIR/STIRChallenge_2024/09/left/seq07/00082600ms_icgstart.png,laparo
STIR,STIRChallenge_2024\09\left\seq07\frames\00083080ms-00087080ms-visible_frames,rgb,datasets/STIR/STIRChallenge_2024/09/left/seq07/frames/00083080ms-00087080ms-visible_frames,13,False,False,False,train,datasets/STIR/STIRChallenge_2024/09/left/seq07/frames/00083080ms-00087080ms-visible_frames/frame_000000.jpg,laparo
STIR,STIRChallenge_2024\09\left\seq10,rgb,datasets/STIR/STIRChallenge_2024/09/left/seq10,2,False,False,False,train,datasets/STIR/STIRChallenge_2024/09/left/seq10/00099440ms_icgstart.png,laparo
STIR,STIRChallenge_2024\09\left\seq10\frames\00099920ms-00102120ms-visible_frames,rgb,datasets/STIR/STIRChallenge_2024/09/left/seq10/frames/00099920ms-00102120ms-visible_frames,7,False,False,False,train,datasets/STIR/STIRChallenge_2024/09/left/seq10/frames/00099920ms-00102120ms-visible_frames/frame_000000.jpg,laparo
STIR,STIRChallenge_2024\09\left\seq13,rgb,datasets/STIR/STIRChallenge_2024/09/left/seq13,2,False,False,False,train,datasets/STIR/STIRChallenge_2024/09/left/seq13/00121600ms_icgstart.png,laparo
STIR,STIRChallenge_2024\09\left\seq13\frames\00122080ms-00129479ms-visible_frames,rgb,datasets/STIR/STIRChallenge_2024/09/left/seq13/frames/00122080ms-00129479ms-visible_frames,24,False,False,False,train,datasets/STIR/STIRChallenge_2024/09/left/seq13/frames/00122080ms-00129479ms-visible_frames/frame_000000.jpg,laparo
STIR,STIRChallenge_2024\09\left\seq21,rgb,datasets/STIR/STIRChallenge_2024/09/left/seq21,2,False,False,False,train,datasets/STIR/STIRChallenge_2024/09/left/seq21/00193480ms_icgstart.png,laparo
STIR,STIRChallenge_2024\09\left\seq21\frames\00193960ms-00202360ms-visible_frames,rgb,datasets/STIR/STIRChallenge_2024/09/left/seq21/frames/00193960ms-00202360ms-visible_frames,27,False,False,False,train,datasets/STIR/STIRChallenge_2024/09/left/seq21/frames/00193960ms-00202360ms-visible_frames/frame_000000.jpg,laparo
STIR,STIRChallenge_2024\09\left\seq29,rgb,datasets/STIR/STIRChallenge_2024/09/left/seq29,2,False,False,False,train,datasets/STIR/STIRChallenge_2024/09/left/seq29/00270720ms_icgstart.png,laparo
STIR,STIRChallenge_2024\09\left\seq29\frames\00271200ms-00273560ms-visible_frames,rgb,datasets/STIR/STIRChallenge_2024/09/left/seq29/frames/00271200ms-00273560ms-visible_frames,8,False,False,False,train,datasets/STIR/STIRChallenge_2024/09/left/seq29/frames/00271200ms-00273560ms-visible_frames/frame_000000.jpg,laparo
STIR,STIRChallenge_2024\09\left\seq37,rgb,datasets/STIR/STIRChallenge_2024/09/left/seq37,2,False,False,False,test,datasets/STIR/STIRChallenge_2024/09/left/seq37/00352920ms_icgstart.png,laparo
STIR,STIRChallenge_2024\09\left\seq37\frames\00353400ms-00357080ms-visible_frames,rgb,datasets/STIR/STIRChallenge_2024/09/left/seq37/frames/00353400ms-00357080ms-visible_frames,12,False,False,False,train,datasets/STIR/STIRChallenge_2024/09/left/seq37/frames/00353400ms-00357080ms-visible_frames/frame_000000.jpg,laparo
STIR,STIRChallenge_2024\09\left\seq39,rgb,datasets/STIR/STIRChallenge_2024/09/left/seq39,2,False,False,False,train,datasets/STIR/STIRChallenge_2024/09/left/seq39/00363760ms_icgstart.png,laparo
STIR,STIRChallenge_2024\09\left\seq39\frames\00364240ms-00367920ms-visible_frames,rgb,datasets/STIR/STIRChallenge_2024/09/left/seq39/frames/00364240ms-00367920ms-visible_frames,12,False,False,False,train,datasets/STIR/STIRChallenge_2024/09/left/seq39/frames/00364240ms-00367920ms-visible_frames/frame_000000.jpg,laparo
STIR,STIRChallenge_2024\09\left\seq41,rgb,datasets/STIR/STIRChallenge_2024/09/left/seq41,2,False,False,False,train,datasets/STIR/STIRChallenge_2024/09/left/seq41/00375760ms_icgstart.png,laparo
STIR,STIRChallenge_2024\09\left\seq41\frames\00376240ms-00381680ms-visible_frames,rgb,datasets/STIR/STIRChallenge_2024/09/left/seq41/frames/00376240ms-00381680ms-visible_frames,17,False,False,False,val,datasets/STIR/STIRChallenge_2024/09/left/seq41/frames/00376240ms-00381680ms-visible_frames/frame_000000.jpg,laparo
STIR,STIRChallenge_2024\09\right\seq00,rgb,datasets/STIR/STIRChallenge_2024/09/right/seq00,2,False,False,False,val,datasets/STIR/STIRChallenge_2024/09/right/seq00/00012320ms_icgstart.png,laparo
STIR,STIRChallenge_2024\09\right\seq00\frames\00012800ms-00025400ms-visible_frames,rgb,datasets/STIR/STIRChallenge_2024/09/right/seq00/frames/00012800ms-00025400ms-visible_frames,40,False,False,False,train,datasets/STIR/STIRChallenge_2024/09/right/seq00/frames/00012800ms-00025400ms-visible_frames/frame_000000.jpg,laparo
STIR,STIRChallenge_2024\09\right\seq07,rgb,datasets/STIR/STIRChallenge_2024/09/right/seq07,2,False,False,False,train,datasets/STIR/STIRChallenge_2024/09/right/seq07/00082600ms_icgstart.png,laparo
STIR,STIRChallenge_2024\09\right\seq07\frames\00083080ms-00087080ms-visible_frames,rgb,datasets/STIR/STIRChallenge_2024/09/right/seq07/frames/00083080ms-00087080ms-visible_frames,13,False,False,False,train,datasets/STIR/STIRChallenge_2024/09/right/seq07/frames/00083080ms-00087080ms-visible_frames/frame_000000.jpg,laparo
STIR,STIRChallenge_2024\09\right\seq10,rgb,datasets/STIR/STIRChallenge_2024/09/right/seq10,2,False,False,False,train,datasets/STIR/STIRChallenge_2024/09/right/seq10/00099440ms_icgstart.png,laparo
STIR,STIRChallenge_2024\09\right\seq10\frames\00099920ms-00102120ms-visible_frames,rgb,datasets/STIR/STIRChallenge_2024/09/right/seq10/frames/00099920ms-00102120ms-visible_frames,7,False,False,False,train,datasets/STIR/STIRChallenge_2024/09/right/seq10/frames/00099920ms-00102120ms-visible_frames/frame_000000.jpg,laparo
STIR,STIRChallenge_2024\09\right\seq13,rgb,datasets/STIR/STIRChallenge_2024/09/right/seq13,2,False,False,False,train,datasets/STIR/STIRChallenge_2024/09/right/seq13/00121600ms_icgstart.png,laparo
STIR,STIRChallenge_2024\09\right\seq13\frames\00122080ms-00129479ms-visible_frames,rgb,datasets/STIR/STIRChallenge_2024/09/right/seq13/frames/00122080ms-00129479ms-visible_frames,24,False,False,False,test,datasets/STIR/STIRChallenge_2024/09/right/seq13/frames/00122080ms-00129479ms-visible_frames/frame_000000.jpg,laparo
STIR,STIRChallenge_2024\09\right\seq21,rgb,datasets/STIR/STIRChallenge_2024/09/right/seq21,2,False,False,False,train,datasets/STIR/STIRChallenge_2024/09/right/seq21/00193480ms_icgstart.png,laparo
STIR,STIRChallenge_2024\09\right\seq21\frames\00193960ms-00202360ms-visible_frames,rgb,datasets/STIR/STIRChallenge_2024/09/right/seq21/frames/00193960ms-00202360ms-visible_frames,27,False,False,False,train,datasets/STIR/STIRChallenge_2024/09/right/seq21/frames/00193960ms-00202360ms-visible_frames/frame_000000.jpg,laparo
STIR,STIRChallenge_2024\09\right\seq29,rgb,datasets/STIR/STIRChallenge_2024/09/right/seq29,2,False,False,False,train,datasets/STIR/STIRChallenge_2024/09/right/seq29/00270720ms_icgstart.png,laparo
STIR,STIRChallenge_2024\09\right\seq29\frames\00271200ms-00273560ms-visible_frames,rgb,datasets/STIR/STIRChallenge_2024/09/right/seq29/frames/00271200ms-00273560ms-visible_frames,8,False,False,False,test,datasets/STIR/STIRChallenge_2024/09/right/seq29/frames/00271200ms-00273560ms-visible_frames/frame_000000.jpg,laparo
STIR,STIRChallenge_2024\09\right\seq37,rgb,datasets/STIR/STIRChallenge_2024/09/right/seq37,2,False,False,False,test,datasets/STIR/STIRChallenge_2024/09/right/seq37/00352920ms_icgstart.png,laparo
STIR,STIRChallenge_2024\09\right\seq37\frames\00353400ms-00357080ms-visible_frames,rgb,datasets/STIR/STIRChallenge_2024/09/right/seq37/frames/00353400ms-00357080ms-visible_frames,12,False,False,False,train,datasets/STIR/STIRChallenge_2024/09/right/seq37/frames/00353400ms-00357080ms-visible_frames/frame_000000.jpg,laparo
STIR,STIRChallenge_2024\09\right\seq39,rgb,datasets/STIR/STIRChallenge_2024/09/right/seq39,2,False,False,False,train,datasets/STIR/STIRChallenge_2024/09/right/seq39/00363760ms_icgstart.png,laparo
STIR,STIRChallenge_2024\09\right\seq39\frames\00364240ms-00367920ms-visible_frames,rgb,datasets/STIR/STIRChallenge_2024/09/right/seq39/frames/00364240ms-00367920ms-visible_frames,12,False,False,False,train,datasets/STIR/STIRChallenge_2024/09/right/seq39/frames/00364240ms-00367920ms-visible_frames/frame_000000.jpg,laparo
STIR,STIRChallenge_2024\09\right\seq41,rgb,datasets/STIR/STIRChallenge_2024/09/right/seq41,2,False,False,False,val,datasets/STIR/STIRChallenge_2024/09/right/seq41/00375760ms_icgstart.png,laparo
STIR,STIRChallenge_2024\09\right\seq41\frames\00376240ms-00381680ms-visible_frames,rgb,datasets/STIR/STIRChallenge_2024/09/right/seq41/frames/00376240ms-00381680ms-visible_frames,17,False,False,False,val,datasets/STIR/STIRChallenge_2024/09/right/seq41/frames/00376240ms-00381680ms-visible_frames/frame_000000.jpg,laparo
STIR,STIRChallenge_2024\11\left\seq01,rgb,datasets/STIR/STIRChallenge_2024/11/left/seq01,2,False,False,False,train,datasets/STIR/STIRChallenge_2024/11/left/seq01/00157280ms_icgstart.png,laparo
STIR,STIRChallenge_2024\11\left\seq01\frames\00157520ms-00178640ms-visible_frames,rgb,datasets/STIR/STIRChallenge_2024/11/left/seq01/frames/00157520ms-00178640ms-visible_frames,66,False,False,False,train,datasets/STIR/STIRChallenge_2024/11/left/seq01/frames/00157520ms-00178640ms-visible_frames/frame_000000.jpg,laparo
STIR,STIRChallenge_2024\11\left\seq08,rgb,datasets/STIR/STIRChallenge_2024/11/left/seq08,2,False,False,False,train,datasets/STIR/STIRChallenge_2024/11/left/seq08/00937800ms_icgstart.png,laparo
STIR,STIRChallenge_2024\11\left\seq08\frames\00938040ms-00973160ms-visible_frames,rgb,datasets/STIR/STIRChallenge_2024/11/left/seq08/frames/00938040ms-00973160ms-visible_frames,110,False,False,False,test,datasets/STIR/STIRChallenge_2024/11/left/seq08/frames/00938040ms-00973160ms-visible_frames/frame_000000.jpg,laparo
STIR,STIRChallenge_2024\11\left\seq09,rgb,datasets/STIR/STIRChallenge_2024/11/left/seq09,2,False,False,False,train,datasets/STIR/STIRChallenge_2024/11/left/seq09/00976920ms_icgstart.png,laparo
STIR,STIRChallenge_2024\11\left\seq09\frames\00977160ms-01057400ms-visible_frames,rgb,datasets/STIR/STIRChallenge_2024/11/left/seq09/frames/00977160ms-01057400ms-visible_frames,251,False,False,False,train,datasets/STIR/STIRChallenge_2024/11/left/seq09/frames/00977160ms-01057400ms-visible_frames/frame_000000.jpg,laparo
STIR,STIRChallenge_2024\11\right\seq01,rgb,datasets/STIR/STIRChallenge_2024/11/right/seq01,2,False,False,False,train,datasets/STIR/STIRChallenge_2024/11/right/seq01/00157280ms_icgstart.png,laparo
STIR,STIRChallenge_2024\11\right\seq01\frames\00157520ms-00178640ms-visible_frames,rgb,datasets/STIR/STIRChallenge_2024/11/right/seq01/frames/00157520ms-00178640ms-visible_frames,66,False,False,False,train,datasets/STIR/STIRChallenge_2024/11/right/seq01/frames/00157520ms-00178640ms-visible_frames/frame_000000.jpg,laparo
STIR,STIRChallenge_2024\11\right\seq08,rgb,datasets/STIR/STIRChallenge_2024/11/right/seq08,2,False,False,False,train,datasets/STIR/STIRChallenge_2024/11/right/seq08/00937800ms_icgstart.png,laparo
STIR,STIRChallenge_2024\11\right\seq08\frames\00938040ms-00973160ms-visible_frames,rgb,datasets/STIR/STIRChallenge_2024/11/right/seq08/frames/00938040ms-00973160ms-visible_frames,110,False,False,False,test,datasets/STIR/STIRChallenge_2024/11/right/seq08/frames/00938040ms-00973160ms-visible_frames/frame_000000.jpg,laparo
STIR,STIRChallenge_2024\11\right\seq09,rgb,datasets/STIR/STIRChallenge_2024/11/right/seq09,2,False,False,False,train,datasets/STIR/STIRChallenge_2024/11/right/seq09/00976920ms_icgstart.png,laparo
STIR,STIRChallenge_2024\11\right\seq09\frames\00977160ms-01057400ms-visible_frames,rgb,datasets/STIR/STIRChallenge_2024/11/right/seq09/frames/00977160ms-01057400ms-visible_frames,251,False,False,False,train,datasets/STIR/STIRChallenge_2024/11/right/seq09/frames/00977160ms-01057400ms-visible_frames/frame_000000.jpg,laparo
TrackVes,EV1\videoLeft.avi,video,DATASETS_ROOT/TrackVes/TrackVes/TrackVes/EV1,-1,False,False,False,val,DATASETS_ROOT/TrackVes/TrackVes/TrackVes/EV1/videoLeft.avi,laparo
TrackVes,EV2\videoLeft.avi,video,DATASETS_ROOT/TrackVes/TrackVes/TrackVes/EV2,-1,False,False,False,train,DATASETS_ROOT/TrackVes/TrackVes/TrackVes/EV2/videoLeft.avi,laparo
TrackVes,EV3\videoLeft.avi,video,DATASETS_ROOT/TrackVes/TrackVes/TrackVes/EV3,-1,False,False,False,train,DATASETS_ROOT/TrackVes/TrackVes/TrackVes/EV3/videoLeft.avi,laparo
TrackVes,IV1\videoLeft.avi,video,DATASETS_ROOT/TrackVes/TrackVes/TrackVes/IV1,-1,False,False,False,train,DATASETS_ROOT/TrackVes/TrackVes/TrackVes/IV1/videoLeft.avi,laparo
TrackVes,IV2\videLeft.mp4,video,DATASETS_ROOT/TrackVes/TrackVes/TrackVes/IV2,-1,False,False,False,train,DATASETS_ROOT/TrackVes/TrackVes/TrackVes/IV2/videLeft.mp4,laparo
TrackVes,IV3\videoLeft.avi,video,DATASETS_ROOT/TrackVes/TrackVes/TrackVes/IV3,-1,False,False,False,val,DATASETS_ROOT/TrackVes/TrackVes/TrackVes/IV3/videoLeft.avi,laparo
TrackVes,IV4\videoLeft.avi,video,DATASETS_ROOT/TrackVes/TrackVes/TrackVes/IV4,-1,False,False,False,train,DATASETS_ROOT/TrackVes/TrackVes/TrackVes/IV4/videoLeft.avi,laparo
TrackVes,IV5\videoLeft.avi,video,DATASETS_ROOT/TrackVes/TrackVes/TrackVes/IV5,-1,False,False,False,train,DATASETS_ROOT/TrackVes/TrackVes/TrackVes/IV5/videoLeft.avi,laparo
TrackVes,IV6\videoLeft.avi,video,DATASETS_ROOT/TrackVes/TrackVes/TrackVes/IV6,-1,False,False,False,train,DATASETS_ROOT/TrackVes/TrackVes/TrackVes/IV6/videoLeft.avi,laparo
TrackVes,.,rgb,DATASETS_ROOT/TrackVes/TrackVes/TrackVes,1,False,False,False,train,DATASETS_ROOT/TrackVes/TrackVes/TrackVes/TrackVesDataset_picture.png,laparo
EndoVis_InstrumentTracking,Tracking_Robotic_Training\Tracking_Robotic_Training\Training\Dataset1\Video.avi,video,DATASETS_ROOT/EndoVis_InstrumentTracking/Tracking_Robotic_Training/Tracking_Robotic_Training/Training/Dataset1,-1,False,False,False,train,DATASETS_ROOT/EndoVis_InstrumentTracking/Tracking_Robotic_Training/Tracking_Robotic_Training/Training/Dataset1/Video.avi,laparo
EndoVis_InstrumentTracking,Tracking_Robotic_Training\Tracking_Robotic_Training\Training\Dataset2\Video.avi,video,DATASETS_ROOT/EndoVis_InstrumentTracking/Tracking_Robotic_Training/Tracking_Robotic_Training/Training/Dataset2,-1,False,False,False,train,DATASETS_ROOT/EndoVis_InstrumentTracking/Tracking_Robotic_Training/Tracking_Robotic_Training/Training/Dataset2/Video.avi,laparo
EndoVis_InstrumentTracking,Tracking_Robotic_Training\Tracking_Robotic_Training\Training\Dataset3\Video.avi,video,DATASETS_ROOT/EndoVis_InstrumentTracking/Tracking_Robotic_Training/Tracking_Robotic_Training/Training/Dataset3,-1,False,False,False,train,DATASETS_ROOT/EndoVis_InstrumentTracking/Tracking_Robotic_Training/Tracking_Robotic_Training/Training/Dataset3/Video.avi,laparo
EndoVis_InstrumentTracking,Tracking_Robotic_Training\Tracking_Robotic_Training\Training\Dataset4\Video.avi,video,DATASETS_ROOT/EndoVis_InstrumentTracking/Tracking_Robotic_Training/Tracking_Robotic_Training/Training/Dataset4,-1,False,False,False,train,DATASETS_ROOT/EndoVis_InstrumentTracking/Tracking_Robotic_Training/Tracking_Robotic_Training/Training/Dataset4/Video.avi,laparo
EndoVis_InstrumentTracking,Tracking_Rigid_Training\Tracking_Rigid_Training\Training\OP1\Raw,rgb,DATASETS_ROOT/EndoVis_InstrumentTracking/Tracking_Rigid_Training/Tracking_Rigid_Training/Training/OP1/Raw,1122,False,True,False,train,DATASETS_ROOT/EndoVis_InstrumentTracking/Tracking_Rigid_Training/Tracking_Rigid_Training/Training/OP1/Raw/img_00_raw.png,laparo
EndoVis_InstrumentTracking,Tracking_Rigid_Training\Tracking_Rigid_Training\Training\OP2\Raw,rgb,DATASETS_ROOT/EndoVis_InstrumentTracking/Tracking_Rigid_Training/Tracking_Rigid_Training/Training/OP2/Raw,1125,False,True,False,train,DATASETS_ROOT/EndoVis_InstrumentTracking/Tracking_Rigid_Training/Tracking_Rigid_Training/Training/OP2/Raw/img_00_raw.png,laparo
EndoVis_InstrumentTracking,Tracking_Rigid_Training\Tracking_Rigid_Training\Training\OP3\Raw,rgb,DATASETS_ROOT/EndoVis_InstrumentTracking/Tracking_Rigid_Training/Tracking_Rigid_Training/Training/OP3/Raw,1163,False,True,False,train,DATASETS_ROOT/EndoVis_InstrumentTracking/Tracking_Rigid_Training/Tracking_Rigid_Training/Training/OP3/Raw/img_00_raw.png,laparo
EndoVis_InstrumentTracking,Tracking_Rigid_Training\Tracking_Rigid_Training\Training\OP4\Raw,rgb,DATASETS_ROOT/EndoVis_InstrumentTracking/Tracking_Rigid_Training/Tracking_Rigid_Training/Training/OP4/Raw,1125,False,True,False,train,DATASETS_ROOT/EndoVis_InstrumentTracking/Tracking_Rigid_Training/Tracking_Rigid_Training/Training/OP4/Raw/img_00_raw.png,laparo
EndoVis_InstrumentTracking,Tracking_Robotic_Training\Tracking_Robotic_Training\Training,rgb,DATASETS_ROOT/EndoVis_InstrumentTracking/Tracking_Robotic_Training/Tracking_Robotic_Training/Training,1,False,False,False,train,DATASETS_ROOT/EndoVis_InstrumentTracking/Tracking_Robotic_Training/Tracking_Robotic_Training/Training/guide.png,laparo
SurgT,test\case_1\1\video.mp4,video,DATASETS_ROOT/Benchmarks/SurgT_benchmarking/data/test/case_1/1,-1,False,False,False,test,DATASETS_ROOT/Benchmarks/SurgT_benchmarking/data/test/case_1/1/video.mp4,laparo
SurgT,test\case_1\2\video.mp4,video,DATASETS_ROOT/Benchmarks/SurgT_benchmarking/data/test/case_1/2,-1,False,False,False,test,DATASETS_ROOT/Benchmarks/SurgT_benchmarking/data/test/case_1/2/video.mp4,laparo
SurgT,test\case_1\3\video.mp4,video,DATASETS_ROOT/Benchmarks/SurgT_benchmarking/data/test/case_1/3,-1,False,False,False,test,DATASETS_ROOT/Benchmarks/SurgT_benchmarking/data/test/case_1/3/video.mp4,laparo
SurgT,test\case_1\4\video.mp4,video,DATASETS_ROOT/Benchmarks/SurgT_benchmarking/data/test/case_1/4,-1,False,False,False,test,DATASETS_ROOT/Benchmarks/SurgT_benchmarking/data/test/case_1/4/video.mp4,laparo
SurgT,test\case_2\1\video.mp4,video,DATASETS_ROOT/Benchmarks/SurgT_benchmarking/data/test/case_2/1,-1,False,False,False,test,DATASETS_ROOT/Benchmarks/SurgT_benchmarking/data/test/case_2/1/video.mp4,laparo
SurgT,test\case_2\2\video.mp4,video,DATASETS_ROOT/Benchmarks/SurgT_benchmarking/data/test/case_2/2,-1,False,False,False,test,DATASETS_ROOT/Benchmarks/SurgT_benchmarking/data/test/case_2/2/video.mp4,laparo
SurgT,test\case_2\3\video.mp4,video,DATASETS_ROOT/Benchmarks/SurgT_benchmarking/data/test/case_2/3,-1,False,False,False,test,DATASETS_ROOT/Benchmarks/SurgT_benchmarking/data/test/case_2/3/video.mp4,laparo
SurgT,test\case_2\4\video.mp4,video,DATASETS_ROOT/Benchmarks/SurgT_benchmarking/data/test/case_2/4,-1,False,False,False,test,DATASETS_ROOT/Benchmarks/SurgT_benchmarking/data/test/case_2/4/video.mp4,laparo
SurgT,test\case_3\1\video.mp4,video,DATASETS_ROOT/Benchmarks/SurgT_benchmarking/data/test/case_3/1,-1,False,False,False,test,DATASETS_ROOT/Benchmarks/SurgT_benchmarking/data/test/case_3/1/video.mp4,laparo
SurgT,test\case_3\2\video.mp4,video,DATASETS_ROOT/Benchmarks/SurgT_benchmarking/data/test/case_3/2,-1,False,False,False,test,DATASETS_ROOT/Benchmarks/SurgT_benchmarking/data/test/case_3/2/video.mp4,laparo
SurgT,test\case_3\3\video.mp4,video,DATASETS_ROOT/Benchmarks/SurgT_benchmarking/data/test/case_3/3,-1,False,False,False,test,DATASETS_ROOT/Benchmarks/SurgT_benchmarking/data/test/case_3/3/video.mp4,laparo
SurgT,test\case_3\4\video.mp4,video,DATASETS_ROOT/Benchmarks/SurgT_benchmarking/data/test/case_3/4,-1,False,False,False,test,DATASETS_ROOT/Benchmarks/SurgT_benchmarking/data/test/case_3/4/video.mp4,laparo
SurgT,test\case_4\1\video.avi,video,DATASETS_ROOT/Benchmarks/SurgT_benchmarking/data/test/case_4/1,-1,False,False,False,test,DATASETS_ROOT/Benchmarks/SurgT_benchmarking/data/test/case_4/1/video.avi,laparo
SurgT,test\case_4\2\video.avi,video,DATASETS_ROOT/Benchmarks/SurgT_benchmarking/data/test/case_4/2,-1,False,False,False,test,DATASETS_ROOT/Benchmarks/SurgT_benchmarking/data/test/case_4/2/video.avi,laparo
SurgT,test\case_4\3\video.avi,video,DATASETS_ROOT/Benchmarks/SurgT_benchmarking/data/test/case_4/3,-1,False,False,False,test,DATASETS_ROOT/Benchmarks/SurgT_benchmarking/data/test/case_4/3/video.avi,laparo
SurgT,test\case_4\4\video.avi,video,DATASETS_ROOT/Benchmarks/SurgT_benchmarking/data/test/case_4/4,-1,False,False,False,test,DATASETS_ROOT/Benchmarks/SurgT_benchmarking/data/test/case_4/4/video.avi,laparo
SurgT,test\case_5\1\video.avi,video,DATASETS_ROOT/Benchmarks/SurgT_benchmarking/data/test/case_5/1,-1,False,False,False,test,DATASETS_ROOT/Benchmarks/SurgT_benchmarking/data/test/case_5/1/video.avi,laparo
SurgT,test\case_5\2\video.avi,video,DATASETS_ROOT/Benchmarks/SurgT_benchmarking/data/test/case_5/2,-1,False,False,False,test,DATASETS_ROOT/Benchmarks/SurgT_benchmarking/data/test/case_5/2/video.avi,laparo
SurgT,test\case_5\3\video.avi,video,DATASETS_ROOT/Benchmarks/SurgT_benchmarking/data/test/case_5/3,-1,False,False,False,test,DATASETS_ROOT/Benchmarks/SurgT_benchmarking/data/test/case_5/3/video.avi,laparo
SurgT,test\case_5\4\video.avi,video,DATASETS_ROOT/Benchmarks/SurgT_benchmarking/data/test/case_5/4,-1,False,False,False,test,DATASETS_ROOT/Benchmarks/SurgT_benchmarking/data/test/case_5/4/video.avi,laparo
SurgT,validation\case_1\1\video.mp4,video,DATASETS_ROOT/Benchmarks/SurgT_benchmarking/data/validation/case_1/1,-1,False,False,False,val,DATASETS_ROOT/Benchmarks/SurgT_benchmarking/data/validation/case_1/1/video.mp4,laparo
SurgT,validation\case_1\2\video.mp4,video,DATASETS_ROOT/Benchmarks/SurgT_benchmarking/data/validation/case_1/2,-1,False,False,False,val,DATASETS_ROOT/Benchmarks/SurgT_benchmarking/data/validation/case_1/2/video.mp4,laparo
SurgT,validation\case_1\3\video.mp4,video,DATASETS_ROOT/Benchmarks/SurgT_benchmarking/data/validation/case_1/3,-1,False,False,False,val,DATASETS_ROOT/Benchmarks/SurgT_benchmarking/data/validation/case_1/3/video.mp4,laparo
SurgT,validation\case_1\4\video.mp4,video,DATASETS_ROOT/Benchmarks/SurgT_benchmarking/data/validation/case_1/4,-1,False,False,False,val,DATASETS_ROOT/Benchmarks/SurgT_benchmarking/data/validation/case_1/4/video.mp4,laparo
SurgT,validation\case_2\1\video.mp4,video,DATASETS_ROOT/Benchmarks/SurgT_benchmarking/data/validation/case_2/1,-1,False,False,False,val,DATASETS_ROOT/Benchmarks/SurgT_benchmarking/data/validation/case_2/1/video.mp4,laparo
SurgT,validation\case_2\2\video.mp4,video,DATASETS_ROOT/Benchmarks/SurgT_benchmarking/data/validation/case_2/2,-1,False,False,False,val,DATASETS_ROOT/Benchmarks/SurgT_benchmarking/data/validation/case_2/2/video.mp4,laparo
SurgT,validation\case_2\3\video.mp4,video,DATASETS_ROOT/Benchmarks/SurgT_benchmarking/data/validation/case_2/3,-1,False,False,False,val,DATASETS_ROOT/Benchmarks/SurgT_benchmarking/data/validation/case_2/3/video.mp4,laparo
SurgT,validation\case_2\4\video.mp4,video,DATASETS_ROOT/Benchmarks/SurgT_benchmarking/data/validation/case_2/4,-1,False,False,False,val,DATASETS_ROOT/Benchmarks/SurgT_benchmarking/data/validation/case_2/4/video.mp4,laparo
SurgT,validation\case_3\1\video.avi,video,DATASETS_ROOT/Benchmarks/SurgT_benchmarking/data/validation/case_3/1,-1,False,False,False,val,DATASETS_ROOT/Benchmarks/SurgT_benchmarking/data/validation/case_3/1/video.avi,laparo
SurgT,validation\case_3\2\video.avi,video,DATASETS_ROOT/Benchmarks/SurgT_benchmarking/data/validation/case_3/2,-1,False,False,False,val,DATASETS_ROOT/Benchmarks/SurgT_benchmarking/data/validation/case_3/2/video.avi,laparo
SurgT,validation\case_3\3\video.avi,video,DATASETS_ROOT/Benchmarks/SurgT_benchmarking/data/validation/case_3/3,-1,False,False,False,val,DATASETS_ROOT/Benchmarks/SurgT_benchmarking/data/validation/case_3/3/video.avi,laparo
SurgT,validation\case_3\4\video.avi,video,DATASETS_ROOT/Benchmarks/SurgT_benchmarking/data/validation/case_3/4,-1,False,False,False,val,DATASETS_ROOT/Benchmarks/SurgT_benchmarking/data/validation/case_3/4/video.avi,laparo
MIS_own,extracted_frames1\1results,rgb,DATASETS_ROOT/MIS_Videso_1_6/extracted_frames1/1results,2173,False,False,False,train,DATASETS_ROOT/MIS_Videso_1_6/extracted_frames1/1results/camera_poses_visualization.png,laparo
MIS_own,extracted_frames1\extracted_frames,rgb,DATASETS_ROOT/MIS_Videso_1_6/extracted_frames1/extracted_frames,723,False,False,False,train,DATASETS_ROOT/MIS_Videso_1_6/extracted_frames1/extracted_frames/frame_000000.jpg,laparo
MIS_own,extracted_frames2\extracted_frames,rgb,DATASETS_ROOT/MIS_Videso_1_6/extracted_frames2/extracted_frames,469,False,False,False,train,DATASETS_ROOT/MIS_Videso_1_6/extracted_frames2/extracted_frames/frame_000000.jpg,laparo
MIS_own,extracted_frames3\extracted_frames,rgb,DATASETS_ROOT/MIS_Videso_1_6/extracted_frames3/extracted_frames,242,False,False,False,train,DATASETS_ROOT/MIS_Videso_1_6/extracted_frames3/extracted_frames/frame_000000.jpg,laparo
MIS_own,extracted_frames4\extracted_frames,rgb,DATASETS_ROOT/MIS_Videso_1_6/extracted_frames4/extracted_frames,435,False,False,False,train,DATASETS_ROOT/MIS_Videso_1_6/extracted_frames4/extracted_frames/frame_000000.jpg,laparo
MIS_own,extracted_frames5\extracted_frames,rgb,DATASETS_ROOT/MIS_Videso_1_6/extracted_frames5/extracted_frames,195,False,False,False,train,DATASETS_ROOT/MIS_Videso_1_6/extracted_frames5/extracted_frames/frame_000000.jpg,laparo
MIS_own,extracted_frames6\extracted_frames,rgb,DATASETS_ROOT/MIS_Videso_1_6/extracted_frames6/extracted_frames,938,False,False,False,train,DATASETS_ROOT/MIS_Videso_1_6/extracted_frames6/extracted_frames/frame_000000.jpg,laparo
MIS_own,extracted_frames1\extracted_frames,rgb,DATASETS_ROOT/extracted_frames1/extracted_frames,723,False,False,False,train,DATASETS_ROOT/extracted_frames1/extracted_frames/frame_000000.jpg,laparo
MIS_own,extracted_frames2\extracted_frames,rgb,DATASETS_ROOT/extracted_frames2/extracted_frames,469,False,False,False,train,DATASETS_ROOT/extracted_frames2/extracted_frames/frame_000000.jpg,laparo
MIS_own,extracted_frames3\extracted_frames,rgb,DATASETS_ROOT/extracted_frames3/extracted_frames,242,False,False,False,train,DATASETS_ROOT/extracted_frames3/extracted_frames/frame_000000.jpg,laparo
MIS_own,extracted_frames4\extracted_frames,rgb,DATASETS_ROOT/extracted_frames4/extracted_frames,435,False,False,False,train,DATASETS_ROOT/extracted_frames4/extracted_frames/frame_000000.jpg,laparo
MIS_own,extracted_frames5\extracted_frames,rgb,DATASETS_ROOT/extracted_frames5/extracted_frames,195,False,False,False,train,DATASETS_ROOT/extracted_frames5/extracted_frames/frame_000000.jpg,laparo
MIS_own,extracted_frames6\extracted_frames,rgb,DATASETS_ROOT/extracted_frames6/extracted_frames,938,False,False,False,train,DATASETS_ROOT/extracted_frames6/extracted_frames/frame_000000.jpg,laparo
HyperKvasir,hyper-kvasir-videos\hyper-kvasir-videos\videos\0220d11b-ab12-4b02-93ce-5d7c205c7043.avi,video,datasets/HyperKvasir/hyper-kvasir-videos/hyper-kvasir-videos/videos,-1,False,False,False,train,datasets/HyperKvasir/hyper-kvasir-videos/hyper-kvasir-videos/videos/0220d11b-ab12-4b02-93ce-5d7c205c7043.avi,gi
HyperKvasir,hyper-kvasir-videos\hyper-kvasir-videos\videos\02817e58-22da-4e62-9bc3-a29ba2c14c59.avi,video,datasets/HyperKvasir/hyper-kvasir-videos/hyper-kvasir-videos/videos,-1,False,False,False,train,datasets/HyperKvasir/hyper-kvasir-videos/hyper-kvasir-videos/videos/02817e58-22da-4e62-9bc3-a29ba2c14c59.avi,gi
HyperKvasir,hyper-kvasir-videos\hyper-kvasir-videos\videos\057803c8-1a4b-4d65-9cd3-f0fc8968c606.avi,video,datasets/HyperKvasir/hyper-kvasir-videos/hyper-kvasir-videos/videos,-1,False,False,False,test,datasets/HyperKvasir/hyper-kvasir-videos/hyper-kvasir-videos/videos/057803c8-1a4b-4d65-9cd3-f0fc8968c606.avi,gi
HyperKvasir,hyper-kvasir-videos\hyper-kvasir-videos\videos\05a868ca-4a74-49d6-8769-b0d62d828d95.avi,video,datasets/HyperKvasir/hyper-kvasir-videos/hyper-kvasir-videos/videos,-1,False,False,False,train,datasets/HyperKvasir/hyper-kvasir-videos/hyper-kvasir-videos/videos/05a868ca-4a74-49d6-8769-b0d62d828d95.avi,gi
HyperKvasir,hyper-kvasir-videos\hyper-kvasir-videos\videos\05cf1dbe-08e5-4261-9bb3-28abbd346e2e.avi,video,datasets/HyperKvasir/hyper-kvasir-videos/hyper-kvasir-videos/videos,-1,False,False,False,train,datasets/HyperKvasir/hyper-kvasir-videos/hyper-kvasir-videos/videos/05cf1dbe-08e5-4261-9bb3-28abbd346e2e.avi,gi
HyperKvasir,hyper-kvasir-videos\hyper-kvasir-videos\videos\061d6094-656d-43a9-86be-1eaae62785d6.avi,video,datasets/HyperKvasir/hyper-kvasir-videos/hyper-kvasir-videos/videos,-1,False,False,False,test,datasets/HyperKvasir/hyper-kvasir-videos/hyper-kvasir-videos/videos/061d6094-656d-43a9-86be-1eaae62785d6.avi,gi
HyperKvasir,hyper-kvasir-videos\hyper-kvasir-videos\videos\0729435b-e613-44a0-87cb-2b5361e8ac84.avi,video,datasets/HyperKvasir/hyper-kvasir-videos/hyper-kvasir-videos/videos,-1,False,False,False,train,datasets/HyperKvasir/hyper-kvasir-videos/hyper-kvasir-videos/videos/0729435b-e613-44a0-87cb-2b5361e8ac84.avi,gi
HyperKvasir,hyper-kvasir-videos\hyper-kvasir-videos\videos\07bf7341-7ddd-44a0-8b31-36842b8761fa.avi,video,datasets/HyperKvasir/hyper-kvasir-videos/hyper-kvasir-videos/videos,-1,False,False,False,train,datasets/HyperKvasir/hyper-kvasir-videos/hyper-kvasir-videos/videos/07bf7341-7ddd-44a0-8b31-36842b8761fa.avi,gi
HyperKvasir,hyper-kvasir-videos\hyper-kvasir-videos\videos\08c26278-0aa6-40e5-9a0e-f02a2ae5e91d.avi,video,datasets/HyperKvasir/hyper-kvasir-videos/hyper-kvasir-videos/videos,-1,False,False,False,val,datasets/HyperKvasir/hyper-kvasir-videos/hyper-kvasir-videos/videos/08c26278-0aa6-40e5-9a0e-f02a2ae5e91d.avi,gi
HyperKvasir,hyper-kvasir-videos\hyper-kvasir-videos\videos\09ac4bbb-0dec-496c-bed4-06180c9ed6f7.avi,video,datasets/HyperKvasir/hyper-kvasir-videos/hyper-kvasir-videos/videos,-1,False,False,False,train,datasets/HyperKvasir/hyper-kvasir-videos/hyper-kvasir-videos/videos/09ac4bbb-0dec-496c-bed4-06180c9ed6f7.avi,gi
HyperKvasir,hyper-kvasir-videos\hyper-kvasir-videos\videos\09bb6b38-f3e3-4c3b-b917-2df57eb3f10b.avi,video,datasets/HyperKvasir/hyper-kvasir-videos/hyper-kvasir-videos/videos,-1,False,False,False,val,datasets/HyperKvasir/hyper-kvasir-videos/hyper-kvasir-videos/videos/09bb6b38-f3e3-4c3b-b917-2df57eb3f10b.avi,gi
HyperKvasir,hyper-kvasir-videos\hyper-kvasir-videos\videos\0c35ad30-14c3-4ab9-b60b-b421e568a921.avi,video,datasets/HyperKvasir/hyper-kvasir-videos/hyper-kvasir-videos/videos,-1,False,False,False,train,datasets/HyperKvasir/hyper-kvasir-videos/hyper-kvasir-videos/videos/0c35ad30-14c3-4ab9-b60b-b421e568a921.avi,gi
HyperKvasir,hyper-kvasir-videos\hyper-kvasir-videos\videos\0d50b006-c0ad-4e78-9e0e-4d39ba54cdbf.avi,video,datasets/HyperKvasir/hyper-kvasir-videos/hyper-kvasir-videos/videos,-1,False,False,False,val,datasets/HyperKvasir/hyper-kvasir-videos/hyper-kvasir-videos/videos/0d50b006-c0ad-4e78-9e0e-4d39ba54cdbf.avi,gi
HyperKvasir,hyper-kvasir-videos\hyper-kvasir-videos\videos\0df6a544-da6e-42db-97df-393c5bc99441.avi,video,datasets/HyperKvasir/hyper-kvasir-videos/hyper-kvasir-videos/videos,-1,False,False,False,train,datasets/HyperKvasir/hyper-kvasir-videos/hyper-kvasir-videos/videos/0df6a544-da6e-42db-97df-393c5bc99441.avi,gi
HyperKvasir,hyper-kvasir-videos\hyper-kvasir-videos\videos\0ecac639-6e57-4bab-8281-9d6feebe9599.avi,video,datasets/HyperKvasir/hyper-kvasir-videos/hyper-kvasir-videos/videos,-1,False,False,False,train,datasets/HyperKvasir/hyper-kvasir-videos/hyper-kvasir-videos/videos/0ecac639-6e57-4bab-8281-9d6feebe9599.avi,gi
HyperKvasir,hyper-kvasir-videos\hyper-kvasir-videos\videos\11305ea5-389a-46c8-95f3-94a1af84247d.avi,video,datasets/HyperKvasir/hyper-kvasir-videos/hyper-kvasir-videos/videos,-1,False,False,False,train,datasets/HyperKvasir/hyper-kvasir-videos/hyper-kvasir-videos/videos/11305ea5-389a-46c8-95f3-94a1af84247d.avi,gi
HyperKvasir,hyper-kvasir-videos\hyper-kvasir-videos\videos\12b56586-2a80-44e3-b0dd-db1f0b500fe0.avi,video,datasets/HyperKvasir/hyper-kvasir-videos/hyper-kvasir-videos/videos,-1,False,False,False,train,datasets/HyperKvasir/hyper-kvasir-videos/hyper-kvasir-videos/videos/12b56586-2a80-44e3-b0dd-db1f0b500fe0.avi,gi
HyperKvasir,hyper-kvasir-videos\hyper-kvasir-videos\videos\12cfe1ef-ca92-49fe-b8f7-d0571be00580.avi,video,datasets/HyperKvasir/hyper-kvasir-videos/hyper-kvasir-videos/videos,-1,False,False,False,train,datasets/HyperKvasir/hyper-kvasir-videos/hyper-kvasir-videos/videos/12cfe1ef-ca92-49fe-b8f7-d0571be00580.avi,gi
HyperKvasir,hyper-kvasir-videos\hyper-kvasir-videos\videos\12ebca74-2378-4498-b2c1-44e0a3ae9f9f.avi,video,datasets/HyperKvasir/hyper-kvasir-videos/hyper-kvasir-videos/videos,-1,False,False,False,train,datasets/HyperKvasir/hyper-kvasir-videos/hyper-kvasir-videos/videos/12ebca74-2378-4498-b2c1-44e0a3ae9f9f.avi,gi
HyperKvasir,hyper-kvasir-videos\hyper-kvasir-videos\videos\14873d0e-96bc-464c-869d-78745fa8cb81.avi,video,datasets/HyperKvasir/hyper-kvasir-videos/hyper-kvasir-videos/videos,-1,False,False,False,train,datasets/HyperKvasir/hyper-kvasir-videos/hyper-kvasir-videos/videos/14873d0e-96bc-464c-869d-78745fa8cb81.avi,gi
HyperKvasir,hyper-kvasir-videos\hyper-kvasir-videos\videos\15aba7e4-e314-4b71-b487-0aaf7f05784c.avi,video,datasets/HyperKvasir/hyper-kvasir-videos/hyper-kvasir-videos/videos,-1,False,False,False,train,datasets/HyperKvasir/hyper-kvasir-videos/hyper-kvasir-videos/videos/15aba7e4-e314-4b71-b487-0aaf7f05784c.avi,gi
HyperKvasir,hyper-kvasir-videos\hyper-kvasir-videos\videos\15c365ca-a3c1-465b-949a-d2262a086f81.avi,video,datasets/HyperKvasir/hyper-kvasir-videos/hyper-kvasir-videos/videos,-1,False,False,False,test,datasets/HyperKvasir/hyper-kvasir-videos/hyper-kvasir-videos/videos/15c365ca-a3c1-465b-949a-d2262a086f81.avi,gi
HyperKvasir,hyper-kvasir-videos\hyper-kvasir-videos\videos\1604ddda-34c8-4fea-943d-3a05ba83c82e.avi,video,datasets/HyperKvasir/hyper-kvasir-videos/hyper-kvasir-videos/videos,-1,False,False,False,train,datasets/HyperKvasir/hyper-kvasir-videos/hyper-kvasir-videos/videos/1604ddda-34c8-4fea-943d-3a05ba83c82e.avi,gi
HyperKvasir,hyper-kvasir-videos\hyper-kvasir-videos\videos\164c76bd-cf72-46f6-a643-ddfecb6448d7.avi,video,datasets/HyperKvasir/hyper-kvasir-videos/hyper-kvasir-videos/videos,-1,False,False,False,train,datasets/HyperKvasir/hyper-kvasir-videos/hyper-kvasir-videos/videos/164c76bd-cf72-46f6-a643-ddfecb6448d7.avi,gi
HyperKvasir,hyper-kvasir-videos\hyper-kvasir-videos\videos\16963978-a8e4-4769-a5de-b7585c7323a5.avi,video,datasets/HyperKvasir/hyper-kvasir-videos/hyper-kvasir-videos/videos,-1,False,False,False,train,datasets/HyperKvasir/hyper-kvasir-videos/hyper-kvasir-videos/videos/16963978-a8e4-4769-a5de-b7585c7323a5.avi,gi
HyperKvasir,hyper-kvasir-videos\hyper-kvasir-videos\videos\16e7e461-a9a7-4b04-8d2c-155de3eb1c90.avi,video,datasets/HyperKvasir/hyper-kvasir-videos/hyper-kvasir-videos/videos,-1,False,False,False,train,datasets/HyperKvasir/hyper-kvasir-videos/hyper-kvasir-videos/videos/16e7e461-a9a7-4b04-8d2c-155de3eb1c90.avi,gi
HyperKvasir,hyper-kvasir-videos\hyper-kvasir-videos\videos\17241dcf-de85-461d-9435-f5134035aacb.avi,video,datasets/HyperKvasir/hyper-kvasir-videos/hyper-kvasir-videos/videos,-1,False,False,False,train,datasets/HyperKvasir/hyper-kvasir-videos/hyper-kvasir-videos/videos/17241dcf-de85-461d-9435-f5134035aacb.avi,gi
HyperKvasir,hyper-kvasir-videos\hyper-kvasir-videos\videos\17d4f706-b2c0-4d46-9082-92094e6e90fc.avi,video,datasets/HyperKvasir/hyper-kvasir-videos/hyper-kvasir-videos/videos,-1,False,False,False,train,datasets/HyperKvasir/hyper-kvasir-videos/hyper-kvasir-videos/videos/17d4f706-b2c0-4d46-9082-92094e6e90fc.avi,gi
HyperKvasir,hyper-kvasir-videos\hyper-kvasir-videos\videos\18399b93-7750-41ca-ad6d-5712d996f039.avi,video,datasets/HyperKvasir/hyper-kvasir-videos/hyper-kvasir-videos/videos,-1,False,False,False,test,datasets/HyperKvasir/hyper-kvasir-videos/hyper-kvasir-videos/videos/18399b93-7750-41ca-ad6d-5712d996f039.avi,gi
HyperKvasir,hyper-kvasir-videos\hyper-kvasir-videos\videos\19f60cad-74fb-41a3-83e0-6b4d7f789b3a.avi,video,datasets/HyperKvasir/hyper-kvasir-videos/hyper-kvasir-videos/videos,-1,False,False,False,test,datasets/HyperKvasir/hyper-kvasir-videos/hyper-kvasir-videos/videos/19f60cad-74fb-41a3-83e0-6b4d7f789b3a.avi,gi
HyperKvasir,hyper-kvasir-videos\hyper-kvasir-videos\videos\1a15b57d-edb2-4c39-b5a7-b85d4e2404bd.avi,video,datasets/HyperKvasir/hyper-kvasir-videos/hyper-kvasir-videos/videos,-1,False,False,False,train,datasets/HyperKvasir/hyper-kvasir-videos/hyper-kvasir-videos/videos/1a15b57d-edb2-4c39-b5a7-b85d4e2404bd.avi,gi
HyperKvasir,hyper-kvasir-videos\hyper-kvasir-videos\videos\1c9578a7-d1c3-45bb-9594-e984aa77fddb.avi,video,datasets/HyperKvasir/hyper-kvasir-videos/hyper-kvasir-videos/videos,-1,False,False,False,train,datasets/HyperKvasir/hyper-kvasir-videos/hyper-kvasir-videos/videos/1c9578a7-d1c3-45bb-9594-e984aa77fddb.avi,gi
HyperKvasir,hyper-kvasir-videos\hyper-kvasir-videos\videos\1cd5428d-fd6c-472f-a363-81781a3b91a1.avi,video,datasets/HyperKvasir/hyper-kvasir-videos/hyper-kvasir-videos/videos,-1,False,False,False,val,datasets/HyperKvasir/hyper-kvasir-videos/hyper-kvasir-videos/videos/1cd5428d-fd6c-472f-a363-81781a3b91a1.avi,gi
HyperKvasir,hyper-kvasir-videos\hyper-kvasir-videos\videos\1db75715-7c9b-4017-8c3f-389b3d185411.avi,video,datasets/HyperKvasir/hyper-kvasir-videos/hyper-kvasir-videos/videos,-1,False,False,False,train,datasets/HyperKvasir/hyper-kvasir-videos/hyper-kvasir-videos/videos/1db75715-7c9b-4017-8c3f-389b3d185411.avi,gi
HyperKvasir,hyper-kvasir-videos\hyper-kvasir-videos\videos\1ddbfddd-24e5-41cf-a3c3-bab8e92def55.avi,video,datasets/HyperKvasir/hyper-kvasir-videos/hyper-kvasir-videos/videos,-1,False,False,False,test,datasets/HyperKvasir/hyper-kvasir-videos/hyper-kvasir-videos/videos/1ddbfddd-24e5-41cf-a3c3-bab8e92def55.avi,gi
HyperKvasir,hyper-kvasir-videos\hyper-kvasir-videos\videos\1de3ef0f-d54d-49e3-98a1-a919c5552a64.avi,video,datasets/HyperKvasir/hyper-kvasir-videos/hyper-kvasir-videos/videos,-1,False,False,False,train,datasets/HyperKvasir/hyper-kvasir-videos/hyper-kvasir-videos/videos/1de3ef0f-d54d-49e3-98a1-a919c5552a64.avi,gi
HyperKvasir,hyper-kvasir-videos\hyper-kvasir-videos\videos\1e2fd8b3-6f22-40bf-bc4b-fc3949897fa0.avi,video,datasets/HyperKvasir/hyper-kvasir-videos/hyper-kvasir-videos/videos,-1,False,False,False,train,datasets/HyperKvasir/hyper-kvasir-videos/hyper-kvasir-videos/videos/1e2fd8b3-6f22-40bf-bc4b-fc3949897fa0.avi,gi
HyperKvasir,hyper-kvasir-videos\hyper-kvasir-videos\videos\1e453eb9-7e7e-4c53-88de-8ed97dc6694c.avi,video,datasets/HyperKvasir/hyper-kvasir-videos/hyper-kvasir-videos/videos,-1,False,False,False,train,datasets/HyperKvasir/hyper-kvasir-videos/hyper-kvasir-videos/videos/1e453eb9-7e7e-4c53-88de-8ed97dc6694c.avi,gi
HyperKvasir,hyper-kvasir-videos\hyper-kvasir-videos\videos\1e8d4bbe-234c-4610-9093-95d40ea50f33.avi,video,datasets/HyperKvasir/hyper-kvasir-videos/hyper-kvasir-videos/videos,-1,False,False,False,train,datasets/HyperKvasir/hyper-kvasir-videos/hyper-kvasir-videos/videos/1e8d4bbe-234c-4610-9093-95d40ea50f33.avi,gi
HyperKvasir,hyper-kvasir-videos\hyper-kvasir-videos\videos\1f17e901-9ba3-4536-abfe-d6a9a039e983.avi,video,datasets/HyperKvasir/hyper-kvasir-videos/hyper-kvasir-videos/videos,-1,False,False,False,train,datasets/HyperKvasir/hyper-kvasir-videos/hyper-kvasir-videos/videos/1f17e901-9ba3-4536-abfe-d6a9a039e983.avi,gi
HyperKvasir,hyper-kvasir-videos\hyper-kvasir-videos\videos\1f7821b9-f4e4-4bb1-ae9a-a3d36abf7b6f.avi,video,datasets/HyperKvasir/hyper-kvasir-videos/hyper-kvasir-videos/videos,-1,False,False,False,train,datasets/HyperKvasir/hyper-kvasir-videos/hyper-kvasir-videos/videos/1f7821b9-f4e4-4bb1-ae9a-a3d36abf7b6f.avi,gi
HyperKvasir,hyper-kvasir-videos\hyper-kvasir-videos\videos\1f7e03fd-06da-4823-94a6-11293897f545.avi,video,datasets/HyperKvasir/hyper-kvasir-videos/hyper-kvasir-videos/videos,-1,False,False,False,train,datasets/HyperKvasir/hyper-kvasir-videos/hyper-kvasir-videos/videos/1f7e03fd-06da-4823-94a6-11293897f545.avi,gi
HyperKvasir,hyper-kvasir-videos\hyper-kvasir-videos\videos\1fe787f4-b316-4f7e-a1bc-c6ad001f4b1c.avi,video,datasets/HyperKvasir/hyper-kvasir-videos/hyper-kvasir-videos/videos,-1,False,False,False,train,datasets/HyperKvasir/hyper-kvasir-videos/hyper-kvasir-videos/videos/1fe787f4-b316-4f7e-a1bc-c6ad001f4b1c.avi,gi
HyperKvasir,hyper-kvasir-videos\hyper-kvasir-videos\videos\20be5f51-60c9-4d65-bc4a-1fbd3197c0ef.avi,video,datasets/HyperKvasir/hyper-kvasir-videos/hyper-kvasir-videos/videos,-1,False,False,False,train,datasets/HyperKvasir/hyper-kvasir-videos/hyper-kvasir-videos/videos/20be5f51-60c9-4d65-bc4a-1fbd3197c0ef.avi,gi
HyperKvasir,hyper-kvasir-videos\hyper-kvasir-videos\videos\20cdb729-afeb-42c2-b478-b54e24221ecd.avi,video,datasets/HyperKvasir/hyper-kvasir-videos/hyper-kvasir-videos/videos,-1,False,False,False,train,datasets/HyperKvasir/hyper-kvasir-videos/hyper-kvasir-videos/videos/20cdb729-afeb-42c2-b478-b54e24221ecd.avi,gi
HyperKvasir,hyper-kvasir-videos\hyper-kvasir-videos\videos\211cd51d-d11a-4725-8772-97447201e9dd.avi,video,datasets/HyperKvasir/hyper-kvasir-videos/hyper-kvasir-videos/videos,-1,False,False,False,train,datasets/HyperKvasir/hyper-kvasir-videos/hyper-kvasir-videos/videos/211cd51d-d11a-4725-8772-97447201e9dd.avi,gi
HyperKvasir,hyper-kvasir-videos\hyper-kvasir-videos\videos\226ad7b7-00bd-4679-8a7a-bc7c07f0dc51.avi,video,datasets/HyperKvasir/hyper-kvasir-videos/hyper-kvasir-videos/videos,-1,False,False,False,train,datasets/HyperKvasir/hyper-kvasir-videos/hyper-kvasir-videos/videos/226ad7b7-00bd-4679-8a7a-bc7c07f0dc51.avi,gi
HyperKvasir,hyper-kvasir-videos\hyper-kvasir-videos\videos\2330e8a9-3238-4e3f-8d77-0d6ff5dbc0f1.avi,video,datasets/HyperKvasir/hyper-kvasir-videos/hyper-kvasir-videos/videos,-1,False,False,False,train,datasets/HyperKvasir/hyper-kvasir-videos/hyper-kvasir-videos/videos/2330e8a9-3238-4e3f-8d77-0d6ff5dbc0f1.avi,gi
HyperKvasir,hyper-kvasir-videos\hyper-kvasir-videos\videos\234a1785-c3b2-427d-aee2-0ec0eb184cb4.avi,video,datasets/HyperKvasir/hyper-kvasir-videos/hyper-kvasir-videos/videos,-1,False,False,False,train,datasets/HyperKvasir/hyper-kvasir-videos/hyper-kvasir-videos/videos/234a1785-c3b2-427d-aee2-0ec0eb184cb4.avi,gi
HyperKvasir,hyper-kvasir-videos\hyper-kvasir-videos\videos\2383d344-9474-448b-a0b3-f9aa173954cc.avi,video,datasets/HyperKvasir/hyper-kvasir-videos/hyper-kvasir-videos/videos,-1,False,False,False,train,datasets/HyperKvasir/hyper-kvasir-videos/hyper-kvasir-videos/videos/2383d344-9474-448b-a0b3-f9aa173954cc.avi,gi
HyperKvasir,hyper-kvasir-videos\hyper-kvasir-videos\videos\2446bb8b-454f-409a-ae5a-ff5ad5fb2409.avi,video,datasets/HyperKvasir/hyper-kvasir-videos/hyper-kvasir-videos/videos,-1,False,False,False,train,datasets/HyperKvasir/hyper-kvasir-videos/hyper-kvasir-videos/videos/2446bb8b-454f-409a-ae5a-ff5ad5fb2409.avi,gi
HyperKvasir,hyper-kvasir-videos\hyper-kvasir-videos\videos\25290d81-fa23-40f3-afe0-a7ad85003e9f.avi,video,datasets/HyperKvasir/hyper-kvasir-videos/hyper-kvasir-videos/videos,-1,False,False,False,train,datasets/HyperKvasir/hyper-kvasir-videos/hyper-kvasir-videos/videos/25290d81-fa23-40f3-afe0-a7ad85003e9f.avi,gi
HyperKvasir,hyper-kvasir-videos\hyper-kvasir-videos\videos\26833e6c-e275-4a47-9cc8-cdcfd4bb7073.avi,video,datasets/HyperKvasir/hyper-kvasir-videos/hyper-kvasir-videos/videos,-1,False,False,False,train,datasets/HyperKvasir/hyper-kvasir-videos/hyper-kvasir-videos/videos/26833e6c-e275-4a47-9cc8-cdcfd4bb7073.avi,gi
HyperKvasir,hyper-kvasir-videos\hyper-kvasir-videos\videos\26c197fc-9b0a-47da-a44c-4cff4ed3b95d.avi,video,datasets/HyperKvasir/hyper-kvasir-videos/hyper-kvasir-videos/videos,-1,False,False,False,train,datasets/HyperKvasir/hyper-kvasir-videos/hyper-kvasir-videos/videos/26c197fc-9b0a-47da-a44c-4cff4ed3b95d.avi,gi
HyperKvasir,hyper-kvasir-videos\hyper-kvasir-videos\videos\27dd21a7-a8b1-4220-855a-ce397ceb6261.avi,video,datasets/HyperKvasir/hyper-kvasir-videos/hyper-kvasir-videos/videos,-1,False,False,False,train,datasets/HyperKvasir/hyper-kvasir-videos/hyper-kvasir-videos/videos/27dd21a7-a8b1-4220-855a-ce397ceb6261.avi,gi
HyperKvasir,hyper-kvasir-videos\hyper-kvasir-videos\videos\29170a58-50d8-452b-ab39-5e9c641f5ae9.avi,video,datasets/HyperKvasir/hyper-kvasir-videos/hyper-kvasir-videos/videos,-1,False,False,False,train,datasets/HyperKvasir/hyper-kvasir-videos/hyper-kvasir-videos/videos/29170a58-50d8-452b-ab39-5e9c641f5ae9.avi,gi
HyperKvasir,hyper-kvasir-videos\hyper-kvasir-videos\videos\29c2db01-5525-4fff-8768-40a8b6fa5f4d.avi,video,datasets/HyperKvasir/hyper-kvasir-videos/hyper-kvasir-videos/videos,-1,False,False,False,test,datasets/HyperKvasir/hyper-kvasir-videos/hyper-kvasir-videos/videos/29c2db01-5525-4fff-8768-40a8b6fa5f4d.avi,gi
HyperKvasir,hyper-kvasir-videos\hyper-kvasir-videos\videos\29ce8d04-c184-42fa-ac05-322d3a2d37bd.avi,video,datasets/HyperKvasir/hyper-kvasir-videos/hyper-kvasir-videos/videos,-1,False,False,False,train,datasets/HyperKvasir/hyper-kvasir-videos/hyper-kvasir-videos/videos/29ce8d04-c184-42fa-ac05-322d3a2d37bd.avi,gi
HyperKvasir,hyper-kvasir-videos\hyper-kvasir-videos\videos\2a200509-e1d3-46bd-8ae7-7fb1a8491709.avi,video,datasets/HyperKvasir/hyper-kvasir-videos/hyper-kvasir-videos/videos,-1,False,False,False,train,datasets/HyperKvasir/hyper-kvasir-videos/hyper-kvasir-videos/videos/2a200509-e1d3-46bd-8ae7-7fb1a8491709.avi,gi
HyperKvasir,hyper-kvasir-videos\hyper-kvasir-videos\videos\2ad8b6ac-7f77-430b-91be-6f5a6b2adaff.avi,video,datasets/HyperKvasir/hyper-kvasir-videos/hyper-kvasir-videos/videos,-1,False,False,False,train,datasets/HyperKvasir/hyper-kvasir-videos/hyper-kvasir-videos/videos/2ad8b6ac-7f77-430b-91be-6f5a6b2adaff.avi,gi
HyperKvasir,hyper-kvasir-videos\hyper-kvasir-videos\videos\2b666ea0-1f01-4856-8ff4-a17fe7e9842b.avi,video,datasets/HyperKvasir/hyper-kvasir-videos/hyper-kvasir-videos/videos,-1,False,False,False,test,datasets/HyperKvasir/hyper-kvasir-videos/hyper-kvasir-videos/videos/2b666ea0-1f01-4856-8ff4-a17fe7e9842b.avi,gi
HyperKvasir,hyper-kvasir-videos\hyper-kvasir-videos\videos\2b80a3ae-e457-484d-955f-c2295de44bff.avi,video,datasets/HyperKvasir/hyper-kvasir-videos/hyper-kvasir-videos/videos,-1,False,False,False,train,datasets/HyperKvasir/hyper-kvasir-videos/hyper-kvasir-videos/videos/2b80a3ae-e457-484d-955f-c2295de44bff.avi,gi
HyperKvasir,hyper-kvasir-videos\hyper-kvasir-videos\videos\2bf8d4ba-356a-4d3e-bc30-27e52d661670.avi,video,datasets/HyperKvasir/hyper-kvasir-videos/hyper-kvasir-videos/videos,-1,False,False,False,test,datasets/HyperKvasir/hyper-kvasir-videos/hyper-kvasir-videos/videos/2bf8d4ba-356a-4d3e-bc30-27e52d661670.avi,gi
HyperKvasir,hyper-kvasir-videos\hyper-kvasir-videos\videos\2eb34265-6359-4233-bdbb-71f3389e220a.avi,video,datasets/HyperKvasir/hyper-kvasir-videos/hyper-kvasir-videos/videos,-1,False,False,False,train,datasets/HyperKvasir/hyper-kvasir-videos/hyper-kvasir-videos/videos/2eb34265-6359-4233-bdbb-71f3389e220a.avi,gi
HyperKvasir,hyper-kvasir-videos\hyper-kvasir-videos\videos\2f27d098-5f58-41b1-90ec-7ac7d34699a7.avi,video,datasets/HyperKvasir/hyper-kvasir-videos/hyper-kvasir-videos/videos,-1,False,False,False,train,datasets/HyperKvasir/hyper-kvasir-videos/hyper-kvasir-videos/videos/2f27d098-5f58-41b1-90ec-7ac7d34699a7.avi,gi
HyperKvasir,hyper-kvasir-videos\hyper-kvasir-videos\videos\2f5b66de-6073-47ac-a266-7b7307dcab3e.avi,video,datasets/HyperKvasir/hyper-kvasir-videos/hyper-kvasir-videos/videos,-1,False,False,False,train,datasets/HyperKvasir/hyper-kvasir-videos/hyper-kvasir-videos/videos/2f5b66de-6073-47ac-a266-7b7307dcab3e.avi,gi
HyperKvasir,hyper-kvasir-videos\hyper-kvasir-videos\videos\30bee289-c6ba-46c1-bb6a-4b3cf231b3aa.avi,video,datasets/HyperKvasir/hyper-kvasir-videos/hyper-kvasir-videos/videos,-1,False,False,False,val,datasets/HyperKvasir/hyper-kvasir-videos/hyper-kvasir-videos/videos/30bee289-c6ba-46c1-bb6a-4b3cf231b3aa.avi,gi
HyperKvasir,hyper-kvasir-videos\hyper-kvasir-videos\videos\30cc095b-4ce7-442e-814a-3014daa3c71a.avi,video,datasets/HyperKvasir/hyper-kvasir-videos/hyper-kvasir-videos/videos,-1,False,False,False,train,datasets/HyperKvasir/hyper-kvasir-videos/hyper-kvasir-videos/videos/30cc095b-4ce7-442e-814a-3014daa3c71a.avi,gi
HyperKvasir,hyper-kvasir-videos\hyper-kvasir-videos\videos\3111f67f-9081-4d11-8e27-61b56aebd727.avi,video,datasets/HyperKvasir/hyper-kvasir-videos/hyper-kvasir-videos/videos,-1,False,False,False,train,datasets/HyperKvasir/hyper-kvasir-videos/hyper-kvasir-videos/videos/3111f67f-9081-4d11-8e27-61b56aebd727.avi,gi
HyperKvasir,hyper-kvasir-videos\hyper-kvasir-videos\videos\31573497-b434-4c27-86ba-a53a65d5f9ce.avi,video,datasets/HyperKvasir/hyper-kvasir-videos/hyper-kvasir-videos/videos,-1,False,False,False,test,datasets/HyperKvasir/hyper-kvasir-videos/hyper-kvasir-videos/videos/31573497-b434-4c27-86ba-a53a65d5f9ce.avi,gi
HyperKvasir,hyper-kvasir-videos\hyper-kvasir-videos\videos\31b7276b-da32-4ea4-ac8c-f8ebdb62931f.avi,video,datasets/HyperKvasir/hyper-kvasir-videos/hyper-kvasir-videos/videos,-1,False,False,False,train,datasets/HyperKvasir/hyper-kvasir-videos/hyper-kvasir-videos/videos/31b7276b-da32-4ea4-ac8c-f8ebdb62931f.avi,gi
HyperKvasir,hyper-kvasir-videos\hyper-kvasir-videos\videos\33143cb2-a5ef-4bab-b25e-148a8076e5dd.avi,video,datasets/HyperKvasir/hyper-kvasir-videos/hyper-kvasir-videos/videos,-1,False,False,False,test,datasets/HyperKvasir/hyper-kvasir-videos/hyper-kvasir-videos/videos/33143cb2-a5ef-4bab-b25e-148a8076e5dd.avi,gi
HyperKvasir,hyper-kvasir-videos\hyper-kvasir-videos\videos\344e28c1-90cc-4f7f-afa9-165e1688840f.avi,video,datasets/HyperKvasir/hyper-kvasir-videos/hyper-kvasir-videos/videos,-1,False,False,False,train,datasets/HyperKvasir/hyper-kvasir-videos/hyper-kvasir-videos/videos/344e28c1-90cc-4f7f-afa9-165e1688840f.avi,gi
HyperKvasir,hyper-kvasir-videos\hyper-kvasir-videos\videos\36350ec5-b735-4f44-89d7-c9e24c1bb773.avi,video,datasets/HyperKvasir/hyper-kvasir-videos/hyper-kvasir-videos/videos,-1,False,False,False,train,datasets/HyperKvasir/hyper-kvasir-videos/hyper-kvasir-videos/videos/36350ec5-b735-4f44-89d7-c9e24c1bb773.avi,gi
HyperKvasir,hyper-kvasir-videos\hyper-kvasir-videos\videos\36bf21be-04ae-4b64-9d41-4f234300f3d1.avi,video,datasets/HyperKvasir/hyper-kvasir-videos/hyper-kvasir-videos/videos,-1,False,False,False,train,datasets/HyperKvasir/hyper-kvasir-videos/hyper-kvasir-videos/videos/36bf21be-04ae-4b64-9d41-4f234300f3d1.avi,gi
HyperKvasir,hyper-kvasir-videos\hyper-kvasir-videos\videos\3743a8c9-998c-4e9a-91d0-2dcf3ed03ac5.avi,video,datasets/HyperKvasir/hyper-kvasir-videos/hyper-kvasir-videos/videos,-1,False,False,False,train,datasets/HyperKvasir/hyper-kvasir-videos/hyper-kvasir-videos/videos/3743a8c9-998c-4e9a-91d0-2dcf3ed03ac5.avi,gi
HyperKvasir,hyper-kvasir-videos\hyper-kvasir-videos\videos\37ecf2c6-5805-451b-b384-cb4f497d21fc.avi,video,datasets/HyperKvasir/hyper-kvasir-videos/hyper-kvasir-videos/videos,-1,False,False,False,train,datasets/HyperKvasir/hyper-kvasir-videos/hyper-kvasir-videos/videos/37ecf2c6-5805-451b-b384-cb4f497d21fc.avi,gi
HyperKvasir,hyper-kvasir-videos\hyper-kvasir-videos\videos\3887da5f-0673-4769-84b0-e67fcddf1630.avi,video,datasets/HyperKvasir/hyper-kvasir-videos/hyper-kvasir-videos/videos,-1,False,False,False,train,datasets/HyperKvasir/hyper-kvasir-videos/hyper-kvasir-videos/videos/3887da5f-0673-4769-84b0-e67fcddf1630.avi,gi
HyperKvasir,hyper-kvasir-videos\hyper-kvasir-videos\videos\39de6fcf-d914-4c88-87d6-f0d11d865fd2.avi,video,datasets/HyperKvasir/hyper-kvasir-videos/hyper-kvasir-videos/videos,-1,False,False,False,val,datasets/HyperKvasir/hyper-kvasir-videos/hyper-kvasir-videos/videos/39de6fcf-d914-4c88-87d6-f0d11d865fd2.avi,gi
HyperKvasir,hyper-kvasir-videos\hyper-kvasir-videos\videos\39f4b14e-ad62-447d-b530-b94a7f225d57.avi,video,datasets/HyperKvasir/hyper-kvasir-videos/hyper-kvasir-videos/videos,-1,False,False,False,train,datasets/HyperKvasir/hyper-kvasir-videos/hyper-kvasir-videos/videos/39f4b14e-ad62-447d-b530-b94a7f225d57.avi,gi
HyperKvasir,hyper-kvasir-videos\hyper-kvasir-videos\videos\3a7f1bb3-9e72-468a-be4a-35bdbc3a2c5d.avi,video,datasets/HyperKvasir/hyper-kvasir-videos/hyper-kvasir-videos/videos,-1,False,False,False,train,datasets/HyperKvasir/hyper-kvasir-videos/hyper-kvasir-videos/videos/3a7f1bb3-9e72-468a-be4a-35bdbc3a2c5d.avi,gi
HyperKvasir,hyper-kvasir-videos\hyper-kvasir-videos\videos\3a846710-1570-4ca0-9ff5-dc364b5de079.avi,video,datasets/HyperKvasir/hyper-kvasir-videos/hyper-kvasir-videos/videos,-1,False,False,False,test,datasets/HyperKvasir/hyper-kvasir-videos/hyper-kvasir-videos/videos/3a846710-1570-4ca0-9ff5-dc364b5de079.avi,gi
HyperKvasir,hyper-kvasir-videos\hyper-kvasir-videos\videos\3ad598c7-d022-4f6d-8cae-b8ab9a87ff76.avi,video,datasets/HyperKvasir/hyper-kvasir-videos/hyper-kvasir-videos/videos,-1,False,False,False,train,datasets/HyperKvasir/hyper-kvasir-videos/hyper-kvasir-videos/videos/3ad598c7-d022-4f6d-8cae-b8ab9a87ff76.avi,gi
HyperKvasir,hyper-kvasir-videos\hyper-kvasir-videos\videos\3af11f3a-f8f4-4c47-aab1-da489a443d39.avi,video,datasets/HyperKvasir/hyper-kvasir-videos/hyper-kvasir-videos/videos,-1,False,False,False,test,datasets/HyperKvasir/hyper-kvasir-videos/hyper-kvasir-videos/videos/3af11f3a-f8f4-4c47-aab1-da489a443d39.avi,gi
HyperKvasir,hyper-kvasir-videos\hyper-kvasir-videos\videos\3b0fab03-6367-4bff-9272-7ed2ba0dfb31.avi,video,datasets/HyperKvasir/hyper-kvasir-videos/hyper-kvasir-videos/videos,-1,False,False,False,train,datasets/HyperKvasir/hyper-kvasir-videos/hyper-kvasir-videos/videos/3b0fab03-6367-4bff-9272-7ed2ba0dfb31.avi,gi
HyperKvasir,hyper-kvasir-videos\hyper-kvasir-videos\videos\3c46c5c1-b449-4ecf-8460-42bdf056f270.avi,video,datasets/HyperKvasir/hyper-kvasir-videos/hyper-kvasir-videos/videos,-1,False,False,False,train,datasets/HyperKvasir/hyper-kvasir-videos/hyper-kvasir-videos/videos/3c46c5c1-b449-4ecf-8460-42bdf056f270.avi,gi
HyperKvasir,hyper-kvasir-videos\hyper-kvasir-videos\videos\3d25579b-a196-4869-890e-ef9c944e1a95.avi,video,datasets/HyperKvasir/hyper-kvasir-videos/hyper-kvasir-videos/videos,-1,False,False,False,train,datasets/HyperKvasir/hyper-kvasir-videos/hyper-kvasir-videos/videos/3d25579b-a196-4869-890e-ef9c944e1a95.avi,gi
HyperKvasir,hyper-kvasir-videos\hyper-kvasir-videos\videos\3e3a7ac0-4244-46cc-89a1-44ce84dd1ccf.avi,video,datasets/HyperKvasir/hyper-kvasir-videos/hyper-kvasir-videos/videos,-1,False,False,False,train,datasets/HyperKvasir/hyper-kvasir-videos/hyper-kvasir-videos/videos/3e3a7ac0-4244-46cc-89a1-44ce84dd1ccf.avi,gi
HyperKvasir,hyper-kvasir-videos\hyper-kvasir-videos\videos\3e64e5be-1701-4b3c-a0d7-a54c4a57ad7a.avi,video,datasets/HyperKvasir/hyper-kvasir-videos/hyper-kvasir-videos/videos,-1,False,False,False,train,datasets/HyperKvasir/hyper-kvasir-videos/hyper-kvasir-videos/videos/3e64e5be-1701-4b3c-a0d7-a54c4a57ad7a.avi,gi
HyperKvasir,hyper-kvasir-videos\hyper-kvasir-videos\videos\3efa7595-36f6-40a7-8d1f-96a59a069937.avi,video,datasets/HyperKvasir/hyper-kvasir-videos/hyper-kvasir-videos/videos,-1,False,False,False,train,datasets/HyperKvasir/hyper-kvasir-videos/hyper-kvasir-videos/videos/3efa7595-36f6-40a7-8d1f-96a59a069937.avi,gi
HyperKvasir,hyper-kvasir-videos\hyper-kvasir-videos\videos\3f450a06-3397-48ed-ab27-5bd184af2862.avi,video,datasets/HyperKvasir/hyper-kvasir-videos/hyper-kvasir-videos/videos,-1,False,False,False,train,datasets/HyperKvasir/hyper-kvasir-videos/hyper-kvasir-videos/videos/3f450a06-3397-48ed-ab27-5bd184af2862.avi,gi
HyperKvasir,hyper-kvasir-videos\hyper-kvasir-videos\videos\3f96784d-21ca-4868-a0af-c247628dbaf9.avi,video,datasets/HyperKvasir/hyper-kvasir-videos/hyper-kvasir-videos/videos,-1,False,False,False,val,datasets/HyperKvasir/hyper-kvasir-videos/hyper-kvasir-videos/videos/3f96784d-21ca-4868-a0af-c247628dbaf9.avi,gi
HyperKvasir,hyper-kvasir-videos\hyper-kvasir-videos\videos\3fbc3436-372d-4665-b092-10b03b4dbd72.avi,video,datasets/HyperKvasir/hyper-kvasir-videos/hyper-kvasir-videos/videos,-1,False,False,False,test,datasets/HyperKvasir/hyper-kvasir-videos/hyper-kvasir-videos/videos/3fbc3436-372d-4665-b092-10b03b4dbd72.avi,gi
HyperKvasir,hyper-kvasir-videos\hyper-kvasir-videos\videos\41327452-adbd-4745-a833-53ce52b829a5.avi,video,datasets/HyperKvasir/hyper-kvasir-videos/hyper-kvasir-videos/videos,-1,False,False,False,train,datasets/HyperKvasir/hyper-kvasir-videos/hyper-kvasir-videos/videos/41327452-adbd-4745-a833-53ce52b829a5.avi,gi
HyperKvasir,hyper-kvasir-videos\hyper-kvasir-videos\videos\42158aee-22ca-4e44-84df-4592f58fd43b.avi,video,datasets/HyperKvasir/hyper-kvasir-videos/hyper-kvasir-videos/videos,-1,False,False,False,train,datasets/HyperKvasir/hyper-kvasir-videos/hyper-kvasir-videos/videos/42158aee-22ca-4e44-84df-4592f58fd43b.avi,gi
HyperKvasir,hyper-kvasir-videos\hyper-kvasir-videos\videos\4221b9f9-7fe9-4a5a-a932-88d1e8b1a4f7.avi,video,datasets/HyperKvasir/hyper-kvasir-videos/hyper-kvasir-videos/videos,-1,False,False,False,train,datasets/HyperKvasir/hyper-kvasir-videos/hyper-kvasir-videos/videos/4221b9f9-7fe9-4a5a-a932-88d1e8b1a4f7.avi,gi
HyperKvasir,hyper-kvasir-videos\hyper-kvasir-videos\videos\43097a1a-6eae-4576-9644-78b01dda088f.avi,video,datasets/HyperKvasir/hyper-kvasir-videos/hyper-kvasir-videos/videos,-1,False,False,False,train,datasets/HyperKvasir/hyper-kvasir-videos/hyper-kvasir-videos/videos/43097a1a-6eae-4576-9644-78b01dda088f.avi,gi
HyperKvasir,hyper-kvasir-videos\hyper-kvasir-videos\videos\44c8c58b-e226-4f10-adf4-b8f91b71c476.avi,video,datasets/HyperKvasir/hyper-kvasir-videos/hyper-kvasir-videos/videos,-1,False,False,False,test,datasets/HyperKvasir/hyper-kvasir-videos/hyper-kvasir-videos/videos/44c8c58b-e226-4f10-adf4-b8f91b71c476.avi,gi
HyperKvasir,hyper-kvasir-videos\hyper-kvasir-videos\videos\44f1e701-2d9a-4f25-a5a8-424bb549844d.avi,video,datasets/HyperKvasir/hyper-kvasir-videos/hyper-kvasir-videos/videos,-1,False,False,False,train,datasets/HyperKvasir/hyper-kvasir-videos/hyper-kvasir-videos/videos/44f1e701-2d9a-4f25-a5a8-424bb549844d.avi,gi
HyperKvasir,hyper-kvasir-videos\hyper-kvasir-videos\videos\45267af3-9d21-47d7-bc68-08d0ad2a220b.avi,video,datasets/HyperKvasir/hyper-kvasir-videos/hyper-kvasir-videos/videos,-1,False,False,False,test,datasets/HyperKvasir/hyper-kvasir-videos/hyper-kvasir-videos/videos/45267af3-9d21-47d7-bc68-08d0ad2a220b.avi,gi
HyperKvasir,hyper-kvasir-videos\hyper-kvasir-videos\videos\4567775b-dc70-41a4-b933-962e5a7f66f3.avi,video,datasets/HyperKvasir/hyper-kvasir-videos/hyper-kvasir-videos/videos,-1,False,False,False,test,datasets/HyperKvasir/hyper-kvasir-videos/hyper-kvasir-videos/videos/4567775b-dc70-41a4-b933-962e5a7f66f3.avi,gi
HyperKvasir,hyper-kvasir-videos\hyper-kvasir-videos\videos\478400dc-ae29-473a-b464-2b8cfac7c663.avi,video,datasets/HyperKvasir/hyper-kvasir-videos/hyper-kvasir-videos/videos,-1,False,False,False,train,datasets/HyperKvasir/hyper-kvasir-videos/hyper-kvasir-videos/videos/478400dc-ae29-473a-b464-2b8cfac7c663.avi,gi
HyperKvasir,hyper-kvasir-videos\hyper-kvasir-videos\videos\47b890b9-4478-4938-b337-9b3ac84c0193.avi,video,datasets/HyperKvasir/hyper-kvasir-videos/hyper-kvasir-videos/videos,-1,False,False,False,test,datasets/HyperKvasir/hyper-kvasir-videos/hyper-kvasir-videos/videos/47b890b9-4478-4938-b337-9b3ac84c0193.avi,gi
HyperKvasir,hyper-kvasir-videos\hyper-kvasir-videos\videos\47f3be81-c915-40c2-8ff6-bc60264027b2.avi,video,datasets/HyperKvasir/hyper-kvasir-videos/hyper-kvasir-videos/videos,-1,False,False,False,test,datasets/HyperKvasir/hyper-kvasir-videos/hyper-kvasir-videos/videos/47f3be81-c915-40c2-8ff6-bc60264027b2.avi,gi
HyperKvasir,hyper-kvasir-videos\hyper-kvasir-videos\videos\496f3fe6-b069-47aa-80d0-cfdda1d28fc0.avi,video,datasets/HyperKvasir/hyper-kvasir-videos/hyper-kvasir-videos/videos,-1,False,False,False,train,datasets/HyperKvasir/hyper-kvasir-videos/hyper-kvasir-videos/videos/496f3fe6-b069-47aa-80d0-cfdda1d28fc0.avi,gi
HyperKvasir,hyper-kvasir-videos\hyper-kvasir-videos\videos\4990b4b7-d5de-42b6-8936-0dba787f8c4f.avi,video,datasets/HyperKvasir/hyper-kvasir-videos/hyper-kvasir-videos/videos,-1,False,False,False,train,datasets/HyperKvasir/hyper-kvasir-videos/hyper-kvasir-videos/videos/4990b4b7-d5de-42b6-8936-0dba787f8c4f.avi,gi
HyperKvasir,hyper-kvasir-videos\hyper-kvasir-videos\videos\4a14697b-86a6-4262-9940-087cee0cef37.avi,video,datasets/HyperKvasir/hyper-kvasir-videos/hyper-kvasir-videos/videos,-1,False,False,False,train,datasets/HyperKvasir/hyper-kvasir-videos/hyper-kvasir-videos/videos/4a14697b-86a6-4262-9940-087cee0cef37.avi,gi
HyperKvasir,hyper-kvasir-videos\hyper-kvasir-videos\videos\4b57beb2-5738-4ec5-822b-1b034da9323e.avi,video,datasets/HyperKvasir/hyper-kvasir-videos/hyper-kvasir-videos/videos,-1,False,False,False,train,datasets/HyperKvasir/hyper-kvasir-videos/hyper-kvasir-videos/videos/4b57beb2-5738-4ec5-822b-1b034da9323e.avi,gi
HyperKvasir,hyper-kvasir-videos\hyper-kvasir-videos\videos\4bc8ab95-7f15-4500-8edc-bc669601815e.avi,video,datasets/HyperKvasir/hyper-kvasir-videos/hyper-kvasir-videos/videos,-1,False,False,False,train,datasets/HyperKvasir/hyper-kvasir-videos/hyper-kvasir-videos/videos/4bc8ab95-7f15-4500-8edc-bc669601815e.avi,gi
HyperKvasir,hyper-kvasir-videos\hyper-kvasir-videos\videos\4bd5623b-e540-4bb5-94a3-e68e7c3ef258.avi,video,datasets/HyperKvasir/hyper-kvasir-videos/hyper-kvasir-videos/videos,-1,False,False,False,train,datasets/HyperKvasir/hyper-kvasir-videos/hyper-kvasir-videos/videos/4bd5623b-e540-4bb5-94a3-e68e7c3ef258.avi,gi
HyperKvasir,hyper-kvasir-videos\hyper-kvasir-videos\videos\4c0cae22-4945-4f17-a60b-23688b485d91.avi,video,datasets/HyperKvasir/hyper-kvasir-videos/hyper-kvasir-videos/videos,-1,False,False,False,val,datasets/HyperKvasir/hyper-kvasir-videos/hyper-kvasir-videos/videos/4c0cae22-4945-4f17-a60b-23688b485d91.avi,gi
HyperKvasir,hyper-kvasir-videos\hyper-kvasir-videos\videos\4d7c4da9-41b7-45f0-8cd2-b4c3357425b1.avi,video,datasets/HyperKvasir/hyper-kvasir-videos/hyper-kvasir-videos/videos,-1,False,False,False,train,datasets/HyperKvasir/hyper-kvasir-videos/hyper-kvasir-videos/videos/4d7c4da9-41b7-45f0-8cd2-b4c3357425b1.avi,gi
HyperKvasir,hyper-kvasir-videos\hyper-kvasir-videos\videos\4decf13d-754e-4945-ac55-50d170cbed54.avi,video,datasets/HyperKvasir/hyper-kvasir-videos/hyper-kvasir-videos/videos,-1,False,False,False,train,datasets/HyperKvasir/hyper-kvasir-videos/hyper-kvasir-videos/videos/4decf13d-754e-4945-ac55-50d170cbed54.avi,gi
HyperKvasir,hyper-kvasir-videos\hyper-kvasir-videos\videos\4f0b1953-4a32-4070-82b4-2d723e80b52c.avi,video,datasets/HyperKvasir/hyper-kvasir-videos/hyper-kvasir-videos/videos,-1,False,False,False,train,datasets/HyperKvasir/hyper-kvasir-videos/hyper-kvasir-videos/videos/4f0b1953-4a32-4070-82b4-2d723e80b52c.avi,gi
HyperKvasir,hyper-kvasir-videos\hyper-kvasir-videos\videos\4f7771f2-3db8-46b4-9d4f-a7852bf90d81.avi,video,datasets/HyperKvasir/hyper-kvasir-videos/hyper-kvasir-videos/videos,-1,False,False,False,train,datasets/HyperKvasir/hyper-kvasir-videos/hyper-kvasir-videos/videos/4f7771f2-3db8-46b4-9d4f-a7852bf90d81.avi,gi
HyperKvasir,hyper-kvasir-videos\hyper-kvasir-videos\videos\4f809023-fb71-4bf3-94de-8ed7b2d59e46.avi,video,datasets/HyperKvasir/hyper-kvasir-videos/hyper-kvasir-videos/videos,-1,False,False,False,train,datasets/HyperKvasir/hyper-kvasir-videos/hyper-kvasir-videos/videos/4f809023-fb71-4bf3-94de-8ed7b2d59e46.avi,gi
HyperKvasir,hyper-kvasir-videos\hyper-kvasir-videos\videos\512722d1-05f9-4454-a343-7aba1fb462c2.avi,video,datasets/HyperKvasir/hyper-kvasir-videos/hyper-kvasir-videos/videos,-1,False,False,False,train,datasets/HyperKvasir/hyper-kvasir-videos/hyper-kvasir-videos/videos/512722d1-05f9-4454-a343-7aba1fb462c2.avi,gi
HyperKvasir,hyper-kvasir-videos\hyper-kvasir-videos\videos\52cf5162-bdcb-42dc-8ce9-e946c899392c.avi,video,datasets/HyperKvasir/hyper-kvasir-videos/hyper-kvasir-videos/videos,-1,False,False,False,train,datasets/HyperKvasir/hyper-kvasir-videos/hyper-kvasir-videos/videos/52cf5162-bdcb-42dc-8ce9-e946c899392c.avi,gi
HyperKvasir,hyper-kvasir-videos\hyper-kvasir-videos\videos\53eb5f01-b575-4aba-95f2-14161cb69146.avi,video,datasets/HyperKvasir/hyper-kvasir-videos/hyper-kvasir-videos/videos,-1,False,False,False,train,datasets/HyperKvasir/hyper-kvasir-videos/hyper-kvasir-videos/videos/53eb5f01-b575-4aba-95f2-14161cb69146.avi,gi
HyperKvasir,hyper-kvasir-videos\hyper-kvasir-videos\videos\54ae142f-13b2-4f8b-8c3e-1ef19ec82aaa.avi,video,datasets/HyperKvasir/hyper-kvasir-videos/hyper-kvasir-videos/videos,-1,False,False,False,train,datasets/HyperKvasir/hyper-kvasir-videos/hyper-kvasir-videos/videos/54ae142f-13b2-4f8b-8c3e-1ef19ec82aaa.avi,gi
HyperKvasir,hyper-kvasir-videos\hyper-kvasir-videos\videos\5513d718-9a79-474e-8948-1483446b8053.avi,video,datasets/HyperKvasir/hyper-kvasir-videos/hyper-kvasir-videos/videos,-1,False,False,False,train,datasets/HyperKvasir/hyper-kvasir-videos/hyper-kvasir-videos/videos/5513d718-9a79-474e-8948-1483446b8053.avi,gi
HyperKvasir,hyper-kvasir-videos\hyper-kvasir-videos\videos\5633a8e3-e463-48f7-b732-9df1877bc180.avi,video,datasets/HyperKvasir/hyper-kvasir-videos/hyper-kvasir-videos/videos,-1,False,False,False,val,datasets/HyperKvasir/hyper-kvasir-videos/hyper-kvasir-videos/videos/5633a8e3-e463-48f7-b732-9df1877bc180.avi,gi
HyperKvasir,hyper-kvasir-videos\hyper-kvasir-videos\videos\5674e741-1cdb-40be-8888-fa7f3a221b09.avi,video,datasets/HyperKvasir/hyper-kvasir-videos/hyper-kvasir-videos/videos,-1,False,False,False,train,datasets/HyperKvasir/hyper-kvasir-videos/hyper-kvasir-videos/videos/5674e741-1cdb-40be-8888-fa7f3a221b09.avi,gi
HyperKvasir,hyper-kvasir-videos\hyper-kvasir-videos\videos\584f1fa0-9bb9-49d3-b412-c42819d0a200.avi,video,datasets/HyperKvasir/hyper-kvasir-videos/hyper-kvasir-videos/videos,-1,False,False,False,train,datasets/HyperKvasir/hyper-kvasir-videos/hyper-kvasir-videos/videos/584f1fa0-9bb9-49d3-b412-c42819d0a200.avi,gi
HyperKvasir,hyper-kvasir-videos\hyper-kvasir-videos\videos\585b78e1-4bc9-405b-8445-6fbdb89c6f7a.avi,video,datasets/HyperKvasir/hyper-kvasir-videos/hyper-kvasir-videos/videos,-1,False,False,False,val,datasets/HyperKvasir/hyper-kvasir-videos/hyper-kvasir-videos/videos/585b78e1-4bc9-405b-8445-6fbdb89c6f7a.avi,gi
HyperKvasir,hyper-kvasir-videos\hyper-kvasir-videos\videos\58bf0b01-3e57-41b0-a13e-52c7b013bfe4.avi,video,datasets/HyperKvasir/hyper-kvasir-videos/hyper-kvasir-videos/videos,-1,False,False,False,train,datasets/HyperKvasir/hyper-kvasir-videos/hyper-kvasir-videos/videos/58bf0b01-3e57-41b0-a13e-52c7b013bfe4.avi,gi
HyperKvasir,hyper-kvasir-videos\hyper-kvasir-videos\videos\5939a5b2-2972-4f2a-a158-345f3a4a72ae.avi,video,datasets/HyperKvasir/hyper-kvasir-videos/hyper-kvasir-videos/videos,-1,False,False,False,test,datasets/HyperKvasir/hyper-kvasir-videos/hyper-kvasir-videos/videos/5939a5b2-2972-4f2a-a158-345f3a4a72ae.avi,gi
HyperKvasir,hyper-kvasir-videos\hyper-kvasir-videos\videos\598806ae-27a1-47c3-adf2-3f313e3ed7ae.avi,video,datasets/HyperKvasir/hyper-kvasir-videos/hyper-kvasir-videos/videos,-1,False,False,False,test,datasets/HyperKvasir/hyper-kvasir-videos/hyper-kvasir-videos/videos/598806ae-27a1-47c3-adf2-3f313e3ed7ae.avi,gi
HyperKvasir,hyper-kvasir-videos\hyper-kvasir-videos\videos\59b48a78-dec3-4e58-8e1d-978bdc7a78e3.avi,video,datasets/HyperKvasir/hyper-kvasir-videos/hyper-kvasir-videos/videos,-1,False,False,False,train,datasets/HyperKvasir/hyper-kvasir-videos/hyper-kvasir-videos/videos/59b48a78-dec3-4e58-8e1d-978bdc7a78e3.avi,gi
HyperKvasir,hyper-kvasir-videos\hyper-kvasir-videos\videos\5aebb6b7-2e9d-4454-b0bd-dcacad732950.avi,video,datasets/HyperKvasir/hyper-kvasir-videos/hyper-kvasir-videos/videos,-1,False,False,False,train,datasets/HyperKvasir/hyper-kvasir-videos/hyper-kvasir-videos/videos/5aebb6b7-2e9d-4454-b0bd-dcacad732950.avi,gi
HyperKvasir,hyper-kvasir-videos\hyper-kvasir-videos\videos\5af764dc-dee3-43f3-9e26-46291d1074a1.avi,video,datasets/HyperKvasir/hyper-kvasir-videos/hyper-kvasir-videos/videos,-1,False,False,False,train,datasets/HyperKvasir/hyper-kvasir-videos/hyper-kvasir-videos/videos/5af764dc-dee3-43f3-9e26-46291d1074a1.avi,gi
HyperKvasir,hyper-kvasir-videos\hyper-kvasir-videos\videos\5b18133d-a1ef-48ee-9de0-dc5d2a84933c.avi,video,datasets/HyperKvasir/hyper-kvasir-videos/hyper-kvasir-videos/videos,-1,False,False,False,train,datasets/HyperKvasir/hyper-kvasir-videos/hyper-kvasir-videos/videos/5b18133d-a1ef-48ee-9de0-dc5d2a84933c.avi,gi
HyperKvasir,hyper-kvasir-videos\hyper-kvasir-videos\videos\5b2f37fb-8365-4b75-85c1-731e5ce120e6.avi,video,datasets/HyperKvasir/hyper-kvasir-videos/hyper-kvasir-videos/videos,-1,False,False,False,train,datasets/HyperKvasir/hyper-kvasir-videos/hyper-kvasir-videos/videos/5b2f37fb-8365-4b75-85c1-731e5ce120e6.avi,gi
HyperKvasir,hyper-kvasir-videos\hyper-kvasir-videos\videos\5b87e720-5dfa-42b8-95bc-e40202be7404.avi,video,datasets/HyperKvasir/hyper-kvasir-videos/hyper-kvasir-videos/videos,-1,False,False,False,train,datasets/HyperKvasir/hyper-kvasir-videos/hyper-kvasir-videos/videos/5b87e720-5dfa-42b8-95bc-e40202be7404.avi,gi
HyperKvasir,hyper-kvasir-videos\hyper-kvasir-videos\videos\5c5b3692-51a0-42fc-8836-923448e3b018.avi,video,datasets/HyperKvasir/hyper-kvasir-videos/hyper-kvasir-videos/videos,-1,False,False,False,train,datasets/HyperKvasir/hyper-kvasir-videos/hyper-kvasir-videos/videos/5c5b3692-51a0-42fc-8836-923448e3b018.avi,gi
HyperKvasir,hyper-kvasir-videos\hyper-kvasir-videos\videos\5c812c3f-33e6-4e1a-b708-637e76ab9244.avi,video,datasets/HyperKvasir/hyper-kvasir-videos/hyper-kvasir-videos/videos,-1,False,False,False,train,datasets/HyperKvasir/hyper-kvasir-videos/hyper-kvasir-videos/videos/5c812c3f-33e6-4e1a-b708-637e76ab9244.avi,gi
HyperKvasir,hyper-kvasir-videos\hyper-kvasir-videos\videos\5e314451-8923-4906-b6c7-3260ffb0569f.avi,video,datasets/HyperKvasir/hyper-kvasir-videos/hyper-kvasir-videos/videos,-1,False,False,False,train,datasets/HyperKvasir/hyper-kvasir-videos/hyper-kvasir-videos/videos/5e314451-8923-4906-b6c7-3260ffb0569f.avi,gi
HyperKvasir,hyper-kvasir-videos\hyper-kvasir-videos\videos\5e79ea18-19b8-4f8e-bc30-e89b5154dd68.avi,video,datasets/HyperKvasir/hyper-kvasir-videos/hyper-kvasir-videos/videos,-1,False,False,False,train,datasets/HyperKvasir/hyper-kvasir-videos/hyper-kvasir-videos/videos/5e79ea18-19b8-4f8e-bc30-e89b5154dd68.avi,gi
HyperKvasir,hyper-kvasir-videos\hyper-kvasir-videos\videos\5e9d52cd-7fa1-4a43-bc78-ec6eb8b899ef.avi,video,datasets/HyperKvasir/hyper-kvasir-videos/hyper-kvasir-videos/videos,-1,False,False,False,train,datasets/HyperKvasir/hyper-kvasir-videos/hyper-kvasir-videos/videos/5e9d52cd-7fa1-4a43-bc78-ec6eb8b899ef.avi,gi
HyperKvasir,hyper-kvasir-videos\hyper-kvasir-videos\videos\5f8f7768-d7c3-4a1f-8628-0b7a47837fff.avi,video,datasets/HyperKvasir/hyper-kvasir-videos/hyper-kvasir-videos/videos,-1,False,False,False,val,datasets/HyperKvasir/hyper-kvasir-videos/hyper-kvasir-videos/videos/5f8f7768-d7c3-4a1f-8628-0b7a47837fff.avi,gi
HyperKvasir,hyper-kvasir-videos\hyper-kvasir-videos\videos\5f97c2c8-34dc-434d-8bab-c87991621029.avi,video,datasets/HyperKvasir/hyper-kvasir-videos/hyper-kvasir-videos/videos,-1,False,False,False,train,datasets/HyperKvasir/hyper-kvasir-videos/hyper-kvasir-videos/videos/5f97c2c8-34dc-434d-8bab-c87991621029.avi,gi
HyperKvasir,hyper-kvasir-videos\hyper-kvasir-videos\videos\62c0e64d-d893-4695-93e0-43ada5b44e46.avi,video,datasets/HyperKvasir/hyper-kvasir-videos/hyper-kvasir-videos/videos,-1,False,False,False,val,datasets/HyperKvasir/hyper-kvasir-videos/hyper-kvasir-videos/videos/62c0e64d-d893-4695-93e0-43ada5b44e46.avi,gi
HyperKvasir,hyper-kvasir-videos\hyper-kvasir-videos\videos\63ad3aa7-2194-4ab5-b8d4-25e7f697ed96.avi,video,datasets/HyperKvasir/hyper-kvasir-videos/hyper-kvasir-videos/videos,-1,False,False,False,train,datasets/HyperKvasir/hyper-kvasir-videos/hyper-kvasir-videos/videos/63ad3aa7-2194-4ab5-b8d4-25e7f697ed96.avi,gi
HyperKvasir,hyper-kvasir-videos\hyper-kvasir-videos\videos\641ca1ce-2c7f-406c-895f-089e9962eb47.avi,video,datasets/HyperKvasir/hyper-kvasir-videos/hyper-kvasir-videos/videos,-1,False,False,False,test,datasets/HyperKvasir/hyper-kvasir-videos/hyper-kvasir-videos/videos/641ca1ce-2c7f-406c-895f-089e9962eb47.avi,gi
HyperKvasir,hyper-kvasir-videos\hyper-kvasir-videos\videos\6494dd33-2253-4b0a-9248-b9650aa7a930.avi,video,datasets/HyperKvasir/hyper-kvasir-videos/hyper-kvasir-videos/videos,-1,False,False,False,test,datasets/HyperKvasir/hyper-kvasir-videos/hyper-kvasir-videos/videos/6494dd33-2253-4b0a-9248-b9650aa7a930.avi,gi
HyperKvasir,hyper-kvasir-videos\hyper-kvasir-videos\videos\654acacf-82cb-4b1a-aca0-f045ccfe30a0.avi,video,datasets/HyperKvasir/hyper-kvasir-videos/hyper-kvasir-videos/videos,-1,False,False,False,train,datasets/HyperKvasir/hyper-kvasir-videos/hyper-kvasir-videos/videos/654acacf-82cb-4b1a-aca0-f045ccfe30a0.avi,gi
HyperKvasir,hyper-kvasir-videos\hyper-kvasir-videos\videos\65f4a966-f6ac-4c71-a2f1-c5428f13ad8b.avi,video,datasets/HyperKvasir/hyper-kvasir-videos/hyper-kvasir-videos/videos,-1,False,False,False,train,datasets/HyperKvasir/hyper-kvasir-videos/hyper-kvasir-videos/videos/65f4a966-f6ac-4c71-a2f1-c5428f13ad8b.avi,gi
HyperKvasir,hyper-kvasir-videos\hyper-kvasir-videos\videos\660fb59a-29ce-4aba-b21c-ae9be157ff2e.avi,video,datasets/HyperKvasir/hyper-kvasir-videos/hyper-kvasir-videos/videos,-1,False,False,False,train,datasets/HyperKvasir/hyper-kvasir-videos/hyper-kvasir-videos/videos/660fb59a-29ce-4aba-b21c-ae9be157ff2e.avi,gi
HyperKvasir,hyper-kvasir-videos\hyper-kvasir-videos\videos\6784f92f-286c-4f02-afd2-17ab2d6234a3.avi,video,datasets/HyperKvasir/hyper-kvasir-videos/hyper-kvasir-videos/videos,-1,False,False,False,train,datasets/HyperKvasir/hyper-kvasir-videos/hyper-kvasir-videos/videos/6784f92f-286c-4f02-afd2-17ab2d6234a3.avi,gi
HyperKvasir,hyper-kvasir-videos\hyper-kvasir-videos\videos\679e59c9-b1ce-472c-aba9-9bc105a2b67c.avi,video,datasets/HyperKvasir/hyper-kvasir-videos/hyper-kvasir-videos/videos,-1,False,False,False,train,datasets/HyperKvasir/hyper-kvasir-videos/hyper-kvasir-videos/videos/679e59c9-b1ce-472c-aba9-9bc105a2b67c.avi,gi
HyperKvasir,hyper-kvasir-videos\hyper-kvasir-videos\videos\67b70288-3ee0-4a32-a78f-5cec412067e4.avi,video,datasets/HyperKvasir/hyper-kvasir-videos/hyper-kvasir-videos/videos,-1,False,False,False,test,datasets/HyperKvasir/hyper-kvasir-videos/hyper-kvasir-videos/videos/67b70288-3ee0-4a32-a78f-5cec412067e4.avi,gi
HyperKvasir,hyper-kvasir-videos\hyper-kvasir-videos\videos\67e7ae14-0595-466e-aa7b-9d8a06c59e12.avi,video,datasets/HyperKvasir/hyper-kvasir-videos/hyper-kvasir-videos/videos,-1,False,False,False,train,datasets/HyperKvasir/hyper-kvasir-videos/hyper-kvasir-videos/videos/67e7ae14-0595-466e-aa7b-9d8a06c59e12.avi,gi
HyperKvasir,hyper-kvasir-videos\hyper-kvasir-videos\videos\6822e0ee-9ee2-4408-8c55-3c1030928679.avi,video,datasets/HyperKvasir/hyper-kvasir-videos/hyper-kvasir-videos/videos,-1,False,False,False,train,datasets/HyperKvasir/hyper-kvasir-videos/hyper-kvasir-videos/videos/6822e0ee-9ee2-4408-8c55-3c1030928679.avi,gi
HyperKvasir,hyper-kvasir-videos\hyper-kvasir-videos\videos\698f130b-41ff-414d-908c-8d8c0f82d4a8.avi,video,datasets/HyperKvasir/hyper-kvasir-videos/hyper-kvasir-videos/videos,-1,False,False,False,val,datasets/HyperKvasir/hyper-kvasir-videos/hyper-kvasir-videos/videos/698f130b-41ff-414d-908c-8d8c0f82d4a8.avi,gi
HyperKvasir,hyper-kvasir-videos\hyper-kvasir-videos\videos\6a2a53d3-b37e-4e67-b521-23081957258c.avi,video,datasets/HyperKvasir/hyper-kvasir-videos/hyper-kvasir-videos/videos,-1,False,False,False,val,datasets/HyperKvasir/hyper-kvasir-videos/hyper-kvasir-videos/videos/6a2a53d3-b37e-4e67-b521-23081957258c.avi,gi
HyperKvasir,hyper-kvasir-videos\hyper-kvasir-videos\videos\6aa30b9a-8061-4328-9677-5d1509b19ad2.avi,video,datasets/HyperKvasir/hyper-kvasir-videos/hyper-kvasir-videos/videos,-1,False,False,False,train,datasets/HyperKvasir/hyper-kvasir-videos/hyper-kvasir-videos/videos/6aa30b9a-8061-4328-9677-5d1509b19ad2.avi,gi
HyperKvasir,hyper-kvasir-videos\hyper-kvasir-videos\videos\6ab427b7-ba71-442c-be78-0f5a97f3f6eb.avi,video,datasets/HyperKvasir/hyper-kvasir-videos/hyper-kvasir-videos/videos,-1,False,False,False,train,datasets/HyperKvasir/hyper-kvasir-videos/hyper-kvasir-videos/videos/6ab427b7-ba71-442c-be78-0f5a97f3f6eb.avi,gi
HyperKvasir,hyper-kvasir-videos\hyper-kvasir-videos\videos\6c96186c-4195-4182-b276-1358b22991ca.avi,video,datasets/HyperKvasir/hyper-kvasir-videos/hyper-kvasir-videos/videos,-1,False,False,False,train,datasets/HyperKvasir/hyper-kvasir-videos/hyper-kvasir-videos/videos/6c96186c-4195-4182-b276-1358b22991ca.avi,gi
HyperKvasir,hyper-kvasir-videos\hyper-kvasir-videos\videos\6cbfc5b7-ea22-409e-9ef8-4ac64b21b8f3.avi,video,datasets/HyperKvasir/hyper-kvasir-videos/hyper-kvasir-videos/videos,-1,False,False,False,train,datasets/HyperKvasir/hyper-kvasir-videos/hyper-kvasir-videos/videos/6cbfc5b7-ea22-409e-9ef8-4ac64b21b8f3.avi,gi
HyperKvasir,hyper-kvasir-videos\hyper-kvasir-videos\videos\6cdbccf0-f460-411c-8ccf-7ee7fee18309.avi,video,datasets/HyperKvasir/hyper-kvasir-videos/hyper-kvasir-videos/videos,-1,False,False,False,train,datasets/HyperKvasir/hyper-kvasir-videos/hyper-kvasir-videos/videos/6cdbccf0-f460-411c-8ccf-7ee7fee18309.avi,gi
HyperKvasir,hyper-kvasir-videos\hyper-kvasir-videos\videos\6db915e1-6ccf-4680-8cf9-6245f922bea8.avi,video,datasets/HyperKvasir/hyper-kvasir-videos/hyper-kvasir-videos/videos,-1,False,False,False,train,datasets/HyperKvasir/hyper-kvasir-videos/hyper-kvasir-videos/videos/6db915e1-6ccf-4680-8cf9-6245f922bea8.avi,gi
HyperKvasir,hyper-kvasir-videos\hyper-kvasir-videos\videos\6ea4d1d9-ad4f-44a8-a79b-8cc692f043f1.avi,video,datasets/HyperKvasir/hyper-kvasir-videos/hyper-kvasir-videos/videos,-1,False,False,False,train,datasets/HyperKvasir/hyper-kvasir-videos/hyper-kvasir-videos/videos/6ea4d1d9-ad4f-44a8-a79b-8cc692f043f1.avi,gi
HyperKvasir,hyper-kvasir-videos\hyper-kvasir-videos\videos\6ef518b6-1bc7-471f-b310-75670145f58d.avi,video,datasets/HyperKvasir/hyper-kvasir-videos/hyper-kvasir-videos/videos,-1,False,False,False,train,datasets/HyperKvasir/hyper-kvasir-videos/hyper-kvasir-videos/videos/6ef518b6-1bc7-471f-b310-75670145f58d.avi,gi
HyperKvasir,hyper-kvasir-videos\hyper-kvasir-videos\videos\6f95f9c5-7cac-4ddd-b53f-2f62786b228d.avi,video,datasets/HyperKvasir/hyper-kvasir-videos/hyper-kvasir-videos/videos,-1,False,False,False,train,datasets/HyperKvasir/hyper-kvasir-videos/hyper-kvasir-videos/videos/6f95f9c5-7cac-4ddd-b53f-2f62786b228d.avi,gi
HyperKvasir,hyper-kvasir-videos\hyper-kvasir-videos\videos\7014e0d5-f396-4b8e-b307-5a3a49b63eea.avi,video,datasets/HyperKvasir/hyper-kvasir-videos/hyper-kvasir-videos/videos,-1,False,False,False,train,datasets/HyperKvasir/hyper-kvasir-videos/hyper-kvasir-videos/videos/7014e0d5-f396-4b8e-b307-5a3a49b63eea.avi,gi
HyperKvasir,hyper-kvasir-videos\hyper-kvasir-videos\videos\7110eae6-936f-42d8-9c49-987252375cce.avi,video,datasets/HyperKvasir/hyper-kvasir-videos/hyper-kvasir-videos/videos,-1,False,False,False,train,datasets/HyperKvasir/hyper-kvasir-videos/hyper-kvasir-videos/videos/7110eae6-936f-42d8-9c49-987252375cce.avi,gi
HyperKvasir,hyper-kvasir-videos\hyper-kvasir-videos\videos\73bad003-9b4b-43b7-a8bf-04b6a66ecb1e.avi,video,datasets/HyperKvasir/hyper-kvasir-videos/hyper-kvasir-videos/videos,-1,False,False,False,train,datasets/HyperKvasir/hyper-kvasir-videos/hyper-kvasir-videos/videos/73bad003-9b4b-43b7-a8bf-04b6a66ecb1e.avi,gi
HyperKvasir,hyper-kvasir-videos\hyper-kvasir-videos\videos\73dc31f0-9fd4-4539-9745-714a02dd25d8.avi,video,datasets/HyperKvasir/hyper-kvasir-videos/hyper-kvasir-videos/videos,-1,False,False,False,train,datasets/HyperKvasir/hyper-kvasir-videos/hyper-kvasir-videos/videos/73dc31f0-9fd4-4539-9745-714a02dd25d8.avi,gi
HyperKvasir,hyper-kvasir-videos\hyper-kvasir-videos\videos\742d790e-0fec-4461-97e6-50be81625380.avi,video,datasets/HyperKvasir/hyper-kvasir-videos/hyper-kvasir-videos/videos,-1,False,False,False,val,datasets/HyperKvasir/hyper-kvasir-videos/hyper-kvasir-videos/videos/742d790e-0fec-4461-97e6-50be81625380.avi,gi
HyperKvasir,hyper-kvasir-videos\hyper-kvasir-videos\videos\763aea61-3306-4b93-969b-bfab70feb40d.avi,video,datasets/HyperKvasir/hyper-kvasir-videos/hyper-kvasir-videos/videos,-1,False,False,False,train,datasets/HyperKvasir/hyper-kvasir-videos/hyper-kvasir-videos/videos/763aea61-3306-4b93-969b-bfab70feb40d.avi,gi
HyperKvasir,hyper-kvasir-videos\hyper-kvasir-videos\videos\76866169-90d1-42fa-ab86-0ee7bb56ea01.avi,video,datasets/HyperKvasir/hyper-kvasir-videos/hyper-kvasir-videos/videos,-1,False,False,False,train,datasets/HyperKvasir/hyper-kvasir-videos/hyper-kvasir-videos/videos/76866169-90d1-42fa-ab86-0ee7bb56ea01.avi,gi
HyperKvasir,hyper-kvasir-videos\hyper-kvasir-videos\videos\769c796b-d926-4764-96a6-502b54e3792d.avi,video,datasets/HyperKvasir/hyper-kvasir-videos/hyper-kvasir-videos/videos,-1,False,False,False,train,datasets/HyperKvasir/hyper-kvasir-videos/hyper-kvasir-videos/videos/769c796b-d926-4764-96a6-502b54e3792d.avi,gi
HyperKvasir,hyper-kvasir-videos\hyper-kvasir-videos\videos\77364899-9708-4a4b-8fad-80de87922c61.avi,video,datasets/HyperKvasir/hyper-kvasir-videos/hyper-kvasir-videos/videos,-1,False,False,False,train,datasets/HyperKvasir/hyper-kvasir-videos/hyper-kvasir-videos/videos/77364899-9708-4a4b-8fad-80de87922c61.avi,gi
HyperKvasir,hyper-kvasir-videos\hyper-kvasir-videos\videos\77a36cd1-cfcd-4ae9-be35-1f7999c7b618.avi,video,datasets/HyperKvasir/hyper-kvasir-videos/hyper-kvasir-videos/videos,-1,False,False,False,val,datasets/HyperKvasir/hyper-kvasir-videos/hyper-kvasir-videos/videos/77a36cd1-cfcd-4ae9-be35-1f7999c7b618.avi,gi
HyperKvasir,hyper-kvasir-videos\hyper-kvasir-videos\videos\77d7b8f1-5e92-4da5-90bc-342f67431de2.avi,video,datasets/HyperKvasir/hyper-kvasir-videos/hyper-kvasir-videos/videos,-1,False,False,False,train,datasets/HyperKvasir/hyper-kvasir-videos/hyper-kvasir-videos/videos/77d7b8f1-5e92-4da5-90bc-342f67431de2.avi,gi
HyperKvasir,hyper-kvasir-videos\hyper-kvasir-videos\videos\78fae1ce-66d9-407e-ac6e-5eb132885815.avi,video,datasets/HyperKvasir/hyper-kvasir-videos/hyper-kvasir-videos/videos,-1,False,False,False,test,datasets/HyperKvasir/hyper-kvasir-videos/hyper-kvasir-videos/videos/78fae1ce-66d9-407e-ac6e-5eb132885815.avi,gi
HyperKvasir,hyper-kvasir-videos\hyper-kvasir-videos\videos\7940116d-cb1c-4f77-8ebc-248f5995d236.avi,video,datasets/HyperKvasir/hyper-kvasir-videos/hyper-kvasir-videos/videos,-1,False,False,False,train,datasets/HyperKvasir/hyper-kvasir-videos/hyper-kvasir-videos/videos/7940116d-cb1c-4f77-8ebc-248f5995d236.avi,gi
HyperKvasir,hyper-kvasir-videos\hyper-kvasir-videos\videos\7a8811c8-13b7-4eca-a2b2-f74f2a081e6e.avi,video,datasets/HyperKvasir/hyper-kvasir-videos/hyper-kvasir-videos/videos,-1,False,False,False,train,datasets/HyperKvasir/hyper-kvasir-videos/hyper-kvasir-videos/videos/7a8811c8-13b7-4eca-a2b2-f74f2a081e6e.avi,gi
HyperKvasir,hyper-kvasir-videos\hyper-kvasir-videos\videos\7b2a3d16-aaef-4210-b907-805b499731ca.avi,video,datasets/HyperKvasir/hyper-kvasir-videos/hyper-kvasir-videos/videos,-1,False,False,False,train,datasets/HyperKvasir/hyper-kvasir-videos/hyper-kvasir-videos/videos/7b2a3d16-aaef-4210-b907-805b499731ca.avi,gi
HyperKvasir,hyper-kvasir-videos\hyper-kvasir-videos\videos\7b70dd34-e7a9-4422-828e-911d65755689.avi,video,datasets/HyperKvasir/hyper-kvasir-videos/hyper-kvasir-videos/videos,-1,False,False,False,train,datasets/HyperKvasir/hyper-kvasir-videos/hyper-kvasir-videos/videos/7b70dd34-e7a9-4422-828e-911d65755689.avi,gi
HyperKvasir,hyper-kvasir-videos\hyper-kvasir-videos\videos\7bdc9c3b-64ca-480b-b9a9-c5f62600a56f.avi,video,datasets/HyperKvasir/hyper-kvasir-videos/hyper-kvasir-videos/videos,-1,False,False,False,val,datasets/HyperKvasir/hyper-kvasir-videos/hyper-kvasir-videos/videos/7bdc9c3b-64ca-480b-b9a9-c5f62600a56f.avi,gi
HyperKvasir,hyper-kvasir-videos\hyper-kvasir-videos\videos\7cfdbb45-a132-4a04-8e6e-72270e3c7792.avi,video,datasets/HyperKvasir/hyper-kvasir-videos/hyper-kvasir-videos/videos,-1,False,False,False,train,datasets/HyperKvasir/hyper-kvasir-videos/hyper-kvasir-videos/videos/7cfdbb45-a132-4a04-8e6e-72270e3c7792.avi,gi
HyperKvasir,hyper-kvasir-videos\hyper-kvasir-videos\videos\7d47547a-8143-402a-bca7-523c816ba66d.avi,video,datasets/HyperKvasir/hyper-kvasir-videos/hyper-kvasir-videos/videos,-1,False,False,False,train,datasets/HyperKvasir/hyper-kvasir-videos/hyper-kvasir-videos/videos/7d47547a-8143-402a-bca7-523c816ba66d.avi,gi
HyperKvasir,hyper-kvasir-videos\hyper-kvasir-videos\videos\7d8e1601-a407-426f-aded-8ed1d60dac8e.avi,video,datasets/HyperKvasir/hyper-kvasir-videos/hyper-kvasir-videos/videos,-1,False,False,False,train,datasets/HyperKvasir/hyper-kvasir-videos/hyper-kvasir-videos/videos/7d8e1601-a407-426f-aded-8ed1d60dac8e.avi,gi
HyperKvasir,hyper-kvasir-videos\hyper-kvasir-videos\videos\7d97a4c5-bbf6-46f9-b558-fec238ac17ae.avi,video,datasets/HyperKvasir/hyper-kvasir-videos/hyper-kvasir-videos/videos,-1,False,False,False,train,datasets/HyperKvasir/hyper-kvasir-videos/hyper-kvasir-videos/videos/7d97a4c5-bbf6-46f9-b558-fec238ac17ae.avi,gi
HyperKvasir,hyper-kvasir-videos\hyper-kvasir-videos\videos\7e1f8909-ad31-4d50-9915-5cc6fceb900e.avi,video,datasets/HyperKvasir/hyper-kvasir-videos/hyper-kvasir-videos/videos,-1,False,False,False,train,datasets/HyperKvasir/hyper-kvasir-videos/hyper-kvasir-videos/videos/7e1f8909-ad31-4d50-9915-5cc6fceb900e.avi,gi
HyperKvasir,hyper-kvasir-videos\hyper-kvasir-videos\videos\7e3731a7-51f6-4415-9038-41322f6e4746.avi,video,datasets/HyperKvasir/hyper-kvasir-videos/hyper-kvasir-videos/videos,-1,False,False,False,train,datasets/HyperKvasir/hyper-kvasir-videos/hyper-kvasir-videos/videos/7e3731a7-51f6-4415-9038-41322f6e4746.avi,gi
HyperKvasir,hyper-kvasir-videos\hyper-kvasir-videos\videos\7e38c131-df49-411a-8cda-0d781ec976d6.avi,video,datasets/HyperKvasir/hyper-kvasir-videos/hyper-kvasir-videos/videos,-1,False,False,False,train,datasets/HyperKvasir/hyper-kvasir-videos/hyper-kvasir-videos/videos/7e38c131-df49-411a-8cda-0d781ec976d6.avi,gi
HyperKvasir,hyper-kvasir-videos\hyper-kvasir-videos\videos\7ed81fb9-857c-4c8e-994d-fdbbb8da3538.avi,video,datasets/HyperKvasir/hyper-kvasir-videos/hyper-kvasir-videos/videos,-1,False,False,False,train,datasets/HyperKvasir/hyper-kvasir-videos/hyper-kvasir-videos/videos/7ed81fb9-857c-4c8e-994d-fdbbb8da3538.avi,gi
HyperKvasir,hyper-kvasir-videos\hyper-kvasir-videos\videos\7f6cb3f7-56e6-48ee-84b9-3015d67b2a95.avi,video,datasets/HyperKvasir/hyper-kvasir-videos/hyper-kvasir-videos/videos,-1,False,False,False,train,datasets/HyperKvasir/hyper-kvasir-videos/hyper-kvasir-videos/videos/7f6cb3f7-56e6-48ee-84b9-3015d67b2a95.avi,gi
HyperKvasir,hyper-kvasir-videos\hyper-kvasir-videos\videos\7f700d95-9792-4fec-9e88-5a596ec13211.avi,video,datasets/HyperKvasir/hyper-kvasir-videos/hyper-kvasir-videos/videos,-1,False,False,False,train,datasets/HyperKvasir/hyper-kvasir-videos/hyper-kvasir-videos/videos/7f700d95-9792-4fec-9e88-5a596ec13211.avi,gi
HyperKvasir,hyper-kvasir-videos\hyper-kvasir-videos\videos\7fcd9657-025e-4213-95b3-276a38ea7fa5.avi,video,datasets/HyperKvasir/hyper-kvasir-videos/hyper-kvasir-videos/videos,-1,False,False,False,train,datasets/HyperKvasir/hyper-kvasir-videos/hyper-kvasir-videos/videos/7fcd9657-025e-4213-95b3-276a38ea7fa5.avi,gi
HyperKvasir,hyper-kvasir-videos\hyper-kvasir-videos\videos\808fdace-faf4-4d8e-9447-950e2fef30e8.avi,video,datasets/HyperKvasir/hyper-kvasir-videos/hyper-kvasir-videos/videos,-1,False,False,False,train,datasets/HyperKvasir/hyper-kvasir-videos/hyper-kvasir-videos/videos/808fdace-faf4-4d8e-9447-950e2fef30e8.avi,gi
HyperKvasir,hyper-kvasir-videos\hyper-kvasir-videos\videos\8120fd0a-929a-4e76-8ffa-110111675154.avi,video,datasets/HyperKvasir/hyper-kvasir-videos/hyper-kvasir-videos/videos,-1,False,False,False,train,datasets/HyperKvasir/hyper-kvasir-videos/hyper-kvasir-videos/videos/8120fd0a-929a-4e76-8ffa-110111675154.avi,gi
HyperKvasir,hyper-kvasir-videos\hyper-kvasir-videos\videos\823e4779-b83f-4a2f-aa23-2a6d99f7cf85.avi,video,datasets/HyperKvasir/hyper-kvasir-videos/hyper-kvasir-videos/videos,-1,False,False,False,train,datasets/HyperKvasir/hyper-kvasir-videos/hyper-kvasir-videos/videos/823e4779-b83f-4a2f-aa23-2a6d99f7cf85.avi,gi
HyperKvasir,hyper-kvasir-videos\hyper-kvasir-videos\videos\85e5faf0-9f21-4ad0-ad45-864986666253.avi,video,datasets/HyperKvasir/hyper-kvasir-videos/hyper-kvasir-videos/videos,-1,False,False,False,train,datasets/HyperKvasir/hyper-kvasir-videos/hyper-kvasir-videos/videos/85e5faf0-9f21-4ad0-ad45-864986666253.avi,gi
HyperKvasir,hyper-kvasir-videos\hyper-kvasir-videos\videos\870b217e-106b-43e8-beff-ab0af0ffc9d5.avi,video,datasets/HyperKvasir/hyper-kvasir-videos/hyper-kvasir-videos/videos,-1,False,False,False,train,datasets/HyperKvasir/hyper-kvasir-videos/hyper-kvasir-videos/videos/870b217e-106b-43e8-beff-ab0af0ffc9d5.avi,gi
HyperKvasir,hyper-kvasir-videos\hyper-kvasir-videos\videos\871c9774-5465-4a61-bca5-aa876511e91a.avi,video,datasets/HyperKvasir/hyper-kvasir-videos/hyper-kvasir-videos/videos,-1,False,False,False,train,datasets/HyperKvasir/hyper-kvasir-videos/hyper-kvasir-videos/videos/871c9774-5465-4a61-bca5-aa876511e91a.avi,gi
HyperKvasir,hyper-kvasir-videos\hyper-kvasir-videos\videos\87d49154-15cd-48f0-96ce-a732c78f3dca.avi,video,datasets/HyperKvasir/hyper-kvasir-videos/hyper-kvasir-videos/videos,-1,False,False,False,val,datasets/HyperKvasir/hyper-kvasir-videos/hyper-kvasir-videos/videos/87d49154-15cd-48f0-96ce-a732c78f3dca.avi,gi
HyperKvasir,hyper-kvasir-videos\hyper-kvasir-videos\videos\89893d3f-d452-4e1b-9b70-556d65ac4d03.avi,video,datasets/HyperKvasir/hyper-kvasir-videos/hyper-kvasir-videos/videos,-1,False,False,False,train,datasets/HyperKvasir/hyper-kvasir-videos/hyper-kvasir-videos/videos/89893d3f-d452-4e1b-9b70-556d65ac4d03.avi,gi
HyperKvasir,hyper-kvasir-videos\hyper-kvasir-videos\videos\89a4fc64-d698-4c09-ad17-f89257182cc2.avi,video,datasets/HyperKvasir/hyper-kvasir-videos/hyper-kvasir-videos/videos,-1,False,False,False,train,datasets/HyperKvasir/hyper-kvasir-videos/hyper-kvasir-videos/videos/89a4fc64-d698-4c09-ad17-f89257182cc2.avi,gi
HyperKvasir,hyper-kvasir-videos\hyper-kvasir-videos\videos\89d74424-7299-4c46-9b2c-2c16e1274617.avi,video,datasets/HyperKvasir/hyper-kvasir-videos/hyper-kvasir-videos/videos,-1,False,False,False,train,datasets/HyperKvasir/hyper-kvasir-videos/hyper-kvasir-videos/videos/89d74424-7299-4c46-9b2c-2c16e1274617.avi,gi
HyperKvasir,hyper-kvasir-videos\hyper-kvasir-videos\videos\8a1d3d3c-a05f-4837-9c79-de38ecb4ac2e.avi,video,datasets/HyperKvasir/hyper-kvasir-videos/hyper-kvasir-videos/videos,-1,False,False,False,train,datasets/HyperKvasir/hyper-kvasir-videos/hyper-kvasir-videos/videos/8a1d3d3c-a05f-4837-9c79-de38ecb4ac2e.avi,gi
HyperKvasir,hyper-kvasir-videos\hyper-kvasir-videos\videos\8af3fb2b-7916-4bbd-bd76-c1dd303444d0.avi,video,datasets/HyperKvasir/hyper-kvasir-videos/hyper-kvasir-videos/videos,-1,False,False,False,train,datasets/HyperKvasir/hyper-kvasir-videos/hyper-kvasir-videos/videos/8af3fb2b-7916-4bbd-bd76-c1dd303444d0.avi,gi
HyperKvasir,hyper-kvasir-videos\hyper-kvasir-videos\videos\8cd6d308-4ac1-4ac3-9c4c-7c252af0bc65.avi,video,datasets/HyperKvasir/hyper-kvasir-videos/hyper-kvasir-videos/videos,-1,False,False,False,train,datasets/HyperKvasir/hyper-kvasir-videos/hyper-kvasir-videos/videos/8cd6d308-4ac1-4ac3-9c4c-7c252af0bc65.avi,gi
HyperKvasir,hyper-kvasir-videos\hyper-kvasir-videos\videos\8db217ce-cfd3-4aba-946d-8d2ca9f6d72e.avi,video,datasets/HyperKvasir/hyper-kvasir-videos/hyper-kvasir-videos/videos,-1,False,False,False,train,datasets/HyperKvasir/hyper-kvasir-videos/hyper-kvasir-videos/videos/8db217ce-cfd3-4aba-946d-8d2ca9f6d72e.avi,gi
HyperKvasir,hyper-kvasir-videos\hyper-kvasir-videos\videos\8def2c08-04fe-4363-b49c-a0337940f479.avi,video,datasets/HyperKvasir/hyper-kvasir-videos/hyper-kvasir-videos/videos,-1,False,False,False,train,datasets/HyperKvasir/hyper-kvasir-videos/hyper-kvasir-videos/videos/8def2c08-04fe-4363-b49c-a0337940f479.avi,gi
HyperKvasir,hyper-kvasir-videos\hyper-kvasir-videos\videos\8eed6c12-91c4-44ee-9c41-ae78aa034c2c.avi,video,datasets/HyperKvasir/hyper-kvasir-videos/hyper-kvasir-videos/videos,-1,False,False,False,train,datasets/HyperKvasir/hyper-kvasir-videos/hyper-kvasir-videos/videos/8eed6c12-91c4-44ee-9c41-ae78aa034c2c.avi,gi
HyperKvasir,hyper-kvasir-videos\hyper-kvasir-videos\videos\8f9e4085-98c4-4f69-99e6-3945dda43c05.avi,video,datasets/HyperKvasir/hyper-kvasir-videos/hyper-kvasir-videos/videos,-1,False,False,False,val,datasets/HyperKvasir/hyper-kvasir-videos/hyper-kvasir-videos/videos/8f9e4085-98c4-4f69-99e6-3945dda43c05.avi,gi
HyperKvasir,hyper-kvasir-videos\hyper-kvasir-videos\videos\8fb0ca63-b840-4dbc-a1bd-53ea393398d8.avi,video,datasets/HyperKvasir/hyper-kvasir-videos/hyper-kvasir-videos/videos,-1,False,False,False,test,datasets/HyperKvasir/hyper-kvasir-videos/hyper-kvasir-videos/videos/8fb0ca63-b840-4dbc-a1bd-53ea393398d8.avi,gi
HyperKvasir,hyper-kvasir-videos\hyper-kvasir-videos\videos\906943a1-ec1e-4d63-9b1b-5006ca353c32.avi,video,datasets/HyperKvasir/hyper-kvasir-videos/hyper-kvasir-videos/videos,-1,False,False,False,train,datasets/HyperKvasir/hyper-kvasir-videos/hyper-kvasir-videos/videos/906943a1-ec1e-4d63-9b1b-5006ca353c32.avi,gi
HyperKvasir,hyper-kvasir-videos\hyper-kvasir-videos\videos\90b2571d-7280-44f9-9bff-9c9bc14c4aed.avi,video,datasets/HyperKvasir/hyper-kvasir-videos/hyper-kvasir-videos/videos,-1,False,False,False,train,datasets/HyperKvasir/hyper-kvasir-videos/hyper-kvasir-videos/videos/90b2571d-7280-44f9-9bff-9c9bc14c4aed.avi,gi
HyperKvasir,hyper-kvasir-videos\hyper-kvasir-videos\videos\91cf8c74-aa09-42fc-9415-143010dcb9a7.avi,video,datasets/HyperKvasir/hyper-kvasir-videos/hyper-kvasir-videos/videos,-1,False,False,False,test,datasets/HyperKvasir/hyper-kvasir-videos/hyper-kvasir-videos/videos/91cf8c74-aa09-42fc-9415-143010dcb9a7.avi,gi
HyperKvasir,hyper-kvasir-videos\hyper-kvasir-videos\videos\91dd39bd-f38e-4918-9d53-0cecaf1ca8b0.avi,video,datasets/HyperKvasir/hyper-kvasir-videos/hyper-kvasir-videos/videos,-1,False,False,False,train,datasets/HyperKvasir/hyper-kvasir-videos/hyper-kvasir-videos/videos/91dd39bd-f38e-4918-9d53-0cecaf1ca8b0.avi,gi
HyperKvasir,hyper-kvasir-videos\hyper-kvasir-videos\videos\921719e4-232e-48be-8839-6b53b50c3bd8.avi,video,datasets/HyperKvasir/hyper-kvasir-videos/hyper-kvasir-videos/videos,-1,False,False,False,train,datasets/HyperKvasir/hyper-kvasir-videos/hyper-kvasir-videos/videos/921719e4-232e-48be-8839-6b53b50c3bd8.avi,gi
HyperKvasir,hyper-kvasir-videos\hyper-kvasir-videos\videos\92240a44-8174-4aa7-9011-f8a896cd307e.avi,video,datasets/HyperKvasir/hyper-kvasir-videos/hyper-kvasir-videos/videos,-1,False,False,False,train,datasets/HyperKvasir/hyper-kvasir-videos/hyper-kvasir-videos/videos/92240a44-8174-4aa7-9011-f8a896cd307e.avi,gi
HyperKvasir,hyper-kvasir-videos\hyper-kvasir-videos\videos\93c9b2f1-3dd7-4d13-81e0-3f83f2a7fcf9.avi,video,datasets/HyperKvasir/hyper-kvasir-videos/hyper-kvasir-videos/videos,-1,False,False,False,train,datasets/HyperKvasir/hyper-kvasir-videos/hyper-kvasir-videos/videos/93c9b2f1-3dd7-4d13-81e0-3f83f2a7fcf9.avi,gi
HyperKvasir,hyper-kvasir-videos\hyper-kvasir-videos\videos\96398918-1654-4cfc-9bca-f4229ef7af63.avi,video,datasets/HyperKvasir/hyper-kvasir-videos/hyper-kvasir-videos/videos,-1,False,False,False,train,datasets/HyperKvasir/hyper-kvasir-videos/hyper-kvasir-videos/videos/96398918-1654-4cfc-9bca-f4229ef7af63.avi,gi
HyperKvasir,hyper-kvasir-videos\hyper-kvasir-videos\videos\97761917-3bf1-4639-b92d-66c948044839.avi,video,datasets/HyperKvasir/hyper-kvasir-videos/hyper-kvasir-videos/videos,-1,False,False,False,test,datasets/HyperKvasir/hyper-kvasir-videos/hyper-kvasir-videos/videos/97761917-3bf1-4639-b92d-66c948044839.avi,gi
HyperKvasir,hyper-kvasir-videos\hyper-kvasir-videos\videos\98398209-5f9f-4893-b904-17c40fcd1fb7.avi,video,datasets/HyperKvasir/hyper-kvasir-videos/hyper-kvasir-videos/videos,-1,False,False,False,train,datasets/HyperKvasir/hyper-kvasir-videos/hyper-kvasir-videos/videos/98398209-5f9f-4893-b904-17c40fcd1fb7.avi,gi
HyperKvasir,hyper-kvasir-videos\hyper-kvasir-videos\videos\983b0013-d44a-4ba8-a9f6-df50972f4177.avi,video,datasets/HyperKvasir/hyper-kvasir-videos/hyper-kvasir-videos/videos,-1,False,False,False,train,datasets/HyperKvasir/hyper-kvasir-videos/hyper-kvasir-videos/videos/983b0013-d44a-4ba8-a9f6-df50972f4177.avi,gi
HyperKvasir,hyper-kvasir-videos\hyper-kvasir-videos\videos\99b387e7-d07b-4268-9226-4df450c2a198.avi,video,datasets/HyperKvasir/hyper-kvasir-videos/hyper-kvasir-videos/videos,-1,False,False,False,train,datasets/HyperKvasir/hyper-kvasir-videos/hyper-kvasir-videos/videos/99b387e7-d07b-4268-9226-4df450c2a198.avi,gi
HyperKvasir,hyper-kvasir-videos\hyper-kvasir-videos\videos\99cff59d-45bc-4e66-b9c3-8c26caf79ccc.avi,video,datasets/HyperKvasir/hyper-kvasir-videos/hyper-kvasir-videos/videos,-1,False,False,False,val,datasets/HyperKvasir/hyper-kvasir-videos/hyper-kvasir-videos/videos/99cff59d-45bc-4e66-b9c3-8c26caf79ccc.avi,gi
HyperKvasir,hyper-kvasir-videos\hyper-kvasir-videos\videos\9aeb51ae-a96d-4856-9434-c22f91e98b00.avi,video,datasets/HyperKvasir/hyper-kvasir-videos/hyper-kvasir-videos/videos,-1,False,False,False,train,datasets/HyperKvasir/hyper-kvasir-videos/hyper-kvasir-videos/videos/9aeb51ae-a96d-4856-9434-c22f91e98b00.avi,gi
HyperKvasir,hyper-kvasir-videos\hyper-kvasir-videos\videos\9b7b0ef2-e13f-4b9e-8294-c9b4566c8151.avi,video,datasets/HyperKvasir/hyper-kvasir-videos/hyper-kvasir-videos/videos,-1,False,False,False,train,datasets/HyperKvasir/hyper-kvasir-videos/hyper-kvasir-videos/videos/9b7b0ef2-e13f-4b9e-8294-c9b4566c8151.avi,gi
HyperKvasir,hyper-kvasir-videos\hyper-kvasir-videos\videos\9b8a194b-1710-46af-a49b-37c4749cee43.avi,video,datasets/HyperKvasir/hyper-kvasir-videos/hyper-kvasir-videos/videos,-1,False,False,False,train,datasets/HyperKvasir/hyper-kvasir-videos/hyper-kvasir-videos/videos/9b8a194b-1710-46af-a49b-37c4749cee43.avi,gi
HyperKvasir,hyper-kvasir-videos\hyper-kvasir-videos\videos\9b9d7617-744f-4d3e-b6a7-78249c3937a0.avi,video,datasets/HyperKvasir/hyper-kvasir-videos/hyper-kvasir-videos/videos,-1,False,False,False,train,datasets/HyperKvasir/hyper-kvasir-videos/hyper-kvasir-videos/videos/9b9d7617-744f-4d3e-b6a7-78249c3937a0.avi,gi
HyperKvasir,hyper-kvasir-videos\hyper-kvasir-videos\videos\9bdfbfa0-7497-40cb-8a71-d4ed5279ad49.avi,video,datasets/HyperKvasir/hyper-kvasir-videos/hyper-kvasir-videos/videos,-1,False,False,False,test,datasets/HyperKvasir/hyper-kvasir-videos/hyper-kvasir-videos/videos/9bdfbfa0-7497-40cb-8a71-d4ed5279ad49.avi,gi
HyperKvasir,hyper-kvasir-videos\hyper-kvasir-videos\videos\9c7e3937-dc41-44e0-a7b7-b6290594cd68.avi,video,datasets/HyperKvasir/hyper-kvasir-videos/hyper-kvasir-videos/videos,-1,False,False,False,train,datasets/HyperKvasir/hyper-kvasir-videos/hyper-kvasir-videos/videos/9c7e3937-dc41-44e0-a7b7-b6290594cd68.avi,gi
HyperKvasir,hyper-kvasir-videos\hyper-kvasir-videos\videos\9ddd019d-fe99-407c-af57-0a9bdb1b3049.avi,video,datasets/HyperKvasir/hyper-kvasir-videos/hyper-kvasir-videos/videos,-1,False,False,False,train,datasets/HyperKvasir/hyper-kvasir-videos/hyper-kvasir-videos/videos/9ddd019d-fe99-407c-af57-0a9bdb1b3049.avi,gi
HyperKvasir,hyper-kvasir-videos\hyper-kvasir-videos\videos\9e2c95d7-5a89-4f86-9d4e-31bf258cfeea.avi,video,datasets/HyperKvasir/hyper-kvasir-videos/hyper-kvasir-videos/videos,-1,False,False,False,train,datasets/HyperKvasir/hyper-kvasir-videos/hyper-kvasir-videos/videos/9e2c95d7-5a89-4f86-9d4e-31bf258cfeea.avi,gi
HyperKvasir,hyper-kvasir-videos\hyper-kvasir-videos\videos\9e3f0999-0279-44c2-ad4a-e3940df9991c.avi,video,datasets/HyperKvasir/hyper-kvasir-videos/hyper-kvasir-videos/videos,-1,False,False,False,val,datasets/HyperKvasir/hyper-kvasir-videos/hyper-kvasir-videos/videos/9e3f0999-0279-44c2-ad4a-e3940df9991c.avi,gi
HyperKvasir,hyper-kvasir-videos\hyper-kvasir-videos\videos\9f535876-50aa-43ce-ab3a-e698f3deaa68.avi,video,datasets/HyperKvasir/hyper-kvasir-videos/hyper-kvasir-videos/videos,-1,False,False,False,test,datasets/HyperKvasir/hyper-kvasir-videos/hyper-kvasir-videos/videos/9f535876-50aa-43ce-ab3a-e698f3deaa68.avi,gi
HyperKvasir,hyper-kvasir-videos\hyper-kvasir-videos\videos\9fc637a4-a724-40b8-8d02-81ca4775c55d.avi,video,datasets/HyperKvasir/hyper-kvasir-videos/hyper-kvasir-videos/videos,-1,False,False,False,train,datasets/HyperKvasir/hyper-kvasir-videos/hyper-kvasir-videos/videos/9fc637a4-a724-40b8-8d02-81ca4775c55d.avi,gi
HyperKvasir,hyper-kvasir-videos\hyper-kvasir-videos\videos\9fd95b39-0b6a-4a92-8636-cb4cff3eb517.avi,video,datasets/HyperKvasir/hyper-kvasir-videos/hyper-kvasir-videos/videos,-1,False,False,False,train,datasets/HyperKvasir/hyper-kvasir-videos/hyper-kvasir-videos/videos/9fd95b39-0b6a-4a92-8636-cb4cff3eb517.avi,gi
HyperKvasir,hyper-kvasir-videos\hyper-kvasir-videos\videos\a025fe0b-a144-4932-b693-a0691d21fa56.avi,video,datasets/HyperKvasir/hyper-kvasir-videos/hyper-kvasir-videos/videos,-1,False,False,False,train,datasets/HyperKvasir/hyper-kvasir-videos/hyper-kvasir-videos/videos/a025fe0b-a144-4932-b693-a0691d21fa56.avi,gi
HyperKvasir,hyper-kvasir-videos\hyper-kvasir-videos\videos\a0c1ba13-04d5-4f64-86ba-b21c5cfe5bbb.avi,video,datasets/HyperKvasir/hyper-kvasir-videos/hyper-kvasir-videos/videos,-1,False,False,False,train,datasets/HyperKvasir/hyper-kvasir-videos/hyper-kvasir-videos/videos/a0c1ba13-04d5-4f64-86ba-b21c5cfe5bbb.avi,gi
HyperKvasir,hyper-kvasir-videos\hyper-kvasir-videos\videos\a2c5a1b0-c21b-4f9c-a39b-6268ccab9d08.avi,video,datasets/HyperKvasir/hyper-kvasir-videos/hyper-kvasir-videos/videos,-1,False,False,False,val,datasets/HyperKvasir/hyper-kvasir-videos/hyper-kvasir-videos/videos/a2c5a1b0-c21b-4f9c-a39b-6268ccab9d08.avi,gi
HyperKvasir,hyper-kvasir-videos\hyper-kvasir-videos\videos\a3e1c30d-4522-4170-b056-a937a6d76748.avi,video,datasets/HyperKvasir/hyper-kvasir-videos/hyper-kvasir-videos/videos,-1,False,False,False,train,datasets/HyperKvasir/hyper-kvasir-videos/hyper-kvasir-videos/videos/a3e1c30d-4522-4170-b056-a937a6d76748.avi,gi
HyperKvasir,hyper-kvasir-videos\hyper-kvasir-videos\videos\a47dce89-f633-4c51-a4e7-9506ca513839.avi,video,datasets/HyperKvasir/hyper-kvasir-videos/hyper-kvasir-videos/videos,-1,False,False,False,train,datasets/HyperKvasir/hyper-kvasir-videos/hyper-kvasir-videos/videos/a47dce89-f633-4c51-a4e7-9506ca513839.avi,gi
HyperKvasir,hyper-kvasir-videos\hyper-kvasir-videos\videos\a5007c25-14c8-4541-a1f0-6ba226aa6426.avi,video,datasets/HyperKvasir/hyper-kvasir-videos/hyper-kvasir-videos/videos,-1,False,False,False,train,datasets/HyperKvasir/hyper-kvasir-videos/hyper-kvasir-videos/videos/a5007c25-14c8-4541-a1f0-6ba226aa6426.avi,gi
HyperKvasir,hyper-kvasir-videos\hyper-kvasir-videos\videos\a50ea18d-3898-4fb7-ba15-ba69aba93cf0.avi,video,datasets/HyperKvasir/hyper-kvasir-videos/hyper-kvasir-videos/videos,-1,False,False,False,train,datasets/HyperKvasir/hyper-kvasir-videos/hyper-kvasir-videos/videos/a50ea18d-3898-4fb7-ba15-ba69aba93cf0.avi,gi
HyperKvasir,hyper-kvasir-videos\hyper-kvasir-videos\videos\a5b1fd4d-b6bd-40d6-9b9a-f22d36b0b113.avi,video,datasets/HyperKvasir/hyper-kvasir-videos/hyper-kvasir-videos/videos,-1,False,False,False,train,datasets/HyperKvasir/hyper-kvasir-videos/hyper-kvasir-videos/videos/a5b1fd4d-b6bd-40d6-9b9a-f22d36b0b113.avi,gi
HyperKvasir,hyper-kvasir-videos\hyper-kvasir-videos\videos\a61c2926-7d0a-477c-9957-0b8f726030a0.avi,video,datasets/HyperKvasir/hyper-kvasir-videos/hyper-kvasir-videos/videos,-1,False,False,False,train,datasets/HyperKvasir/hyper-kvasir-videos/hyper-kvasir-videos/videos/a61c2926-7d0a-477c-9957-0b8f726030a0.avi,gi
HyperKvasir,hyper-kvasir-videos\hyper-kvasir-videos\videos\a6337f30-3932-4dc1-9563-5f93872cfef8.avi,video,datasets/HyperKvasir/hyper-kvasir-videos/hyper-kvasir-videos/videos,-1,False,False,False,train,datasets/HyperKvasir/hyper-kvasir-videos/hyper-kvasir-videos/videos/a6337f30-3932-4dc1-9563-5f93872cfef8.avi,gi
HyperKvasir,hyper-kvasir-videos\hyper-kvasir-videos\videos\a6340694-7315-4e1b-b8a5-c048df133d79.avi,video,datasets/HyperKvasir/hyper-kvasir-videos/hyper-kvasir-videos/videos,-1,False,False,False,train,datasets/HyperKvasir/hyper-kvasir-videos/hyper-kvasir-videos/videos/a6340694-7315-4e1b-b8a5-c048df133d79.avi,gi
HyperKvasir,hyper-kvasir-videos\hyper-kvasir-videos\videos\a7dde63d-6223-44af-83ac-e38a85b4bfed.avi,video,datasets/HyperKvasir/hyper-kvasir-videos/hyper-kvasir-videos/videos,-1,False,False,False,train,datasets/HyperKvasir/hyper-kvasir-videos/hyper-kvasir-videos/videos/a7dde63d-6223-44af-83ac-e38a85b4bfed.avi,gi
HyperKvasir,hyper-kvasir-videos\hyper-kvasir-videos\videos\a82312fa-a3b2-4df4-be16-6b48bbe035b6.avi,video,datasets/HyperKvasir/hyper-kvasir-videos/hyper-kvasir-videos/videos,-1,False,False,False,train,datasets/HyperKvasir/hyper-kvasir-videos/hyper-kvasir-videos/videos/a82312fa-a3b2-4df4-be16-6b48bbe035b6.avi,gi
HyperKvasir,hyper-kvasir-videos\hyper-kvasir-videos\videos\a8dfa532-27f2-4325-99eb-27cadb5b19c0.avi,video,datasets/HyperKvasir/hyper-kvasir-videos/hyper-kvasir-videos/videos,-1,False,False,False,train,datasets/HyperKvasir/hyper-kvasir-videos/hyper-kvasir-videos/videos/a8dfa532-27f2-4325-99eb-27cadb5b19c0.avi,gi
HyperKvasir,hyper-kvasir-videos\hyper-kvasir-videos\videos\aa035ab6-8f09-448c-a8a8-4ea91d9e6eec.avi,video,datasets/HyperKvasir/hyper-kvasir-videos/hyper-kvasir-videos/videos,-1,False,False,False,train,datasets/HyperKvasir/hyper-kvasir-videos/hyper-kvasir-videos/videos/aa035ab6-8f09-448c-a8a8-4ea91d9e6eec.avi,gi
HyperKvasir,hyper-kvasir-videos\hyper-kvasir-videos\videos\aaba39c3-8037-4178-82c8-b89a657f981c.avi,video,datasets/HyperKvasir/hyper-kvasir-videos/hyper-kvasir-videos/videos,-1,False,False,False,train,datasets/HyperKvasir/hyper-kvasir-videos/hyper-kvasir-videos/videos/aaba39c3-8037-4178-82c8-b89a657f981c.avi,gi
HyperKvasir,hyper-kvasir-videos\hyper-kvasir-videos\videos\ae68bef5-8ca4-42fd-a275-d34ee4ea8c14.avi,video,datasets/HyperKvasir/hyper-kvasir-videos/hyper-kvasir-videos/videos,-1,False,False,False,train,datasets/HyperKvasir/hyper-kvasir-videos/hyper-kvasir-videos/videos/ae68bef5-8ca4-42fd-a275-d34ee4ea8c14.avi,gi
HyperKvasir,hyper-kvasir-videos\hyper-kvasir-videos\videos\ae98a342-6099-4dad-999a-14ee29c4b92e.avi,video,datasets/HyperKvasir/hyper-kvasir-videos/hyper-kvasir-videos/videos,-1,False,False,False,test,datasets/HyperKvasir/hyper-kvasir-videos/hyper-kvasir-videos/videos/ae98a342-6099-4dad-999a-14ee29c4b92e.avi,gi
HyperKvasir,hyper-kvasir-videos\hyper-kvasir-videos\videos\afb55b80-8389-46da-b92f-cddc71aef728.avi,video,datasets/HyperKvasir/hyper-kvasir-videos/hyper-kvasir-videos/videos,-1,False,False,False,val,datasets/HyperKvasir/hyper-kvasir-videos/hyper-kvasir-videos/videos/afb55b80-8389-46da-b92f-cddc71aef728.avi,gi
HyperKvasir,hyper-kvasir-videos\hyper-kvasir-videos\videos\afbc5638-e8eb-454e-aab3-80f6f3922966.avi,video,datasets/HyperKvasir/hyper-kvasir-videos/hyper-kvasir-videos/videos,-1,False,False,False,train,datasets/HyperKvasir/hyper-kvasir-videos/hyper-kvasir-videos/videos/afbc5638-e8eb-454e-aab3-80f6f3922966.avi,gi
HyperKvasir,hyper-kvasir-videos\hyper-kvasir-videos\videos\b0024c29-1d51-48f9-81ba-afd01d962cae.avi,video,datasets/HyperKvasir/hyper-kvasir-videos/hyper-kvasir-videos/videos,-1,False,False,False,train,datasets/HyperKvasir/hyper-kvasir-videos/hyper-kvasir-videos/videos/b0024c29-1d51-48f9-81ba-afd01d962cae.avi,gi
HyperKvasir,hyper-kvasir-videos\hyper-kvasir-videos\videos\b0ec04ba-7538-4cf1-a75b-9e70e2f866e4.avi,video,datasets/HyperKvasir/hyper-kvasir-videos/hyper-kvasir-videos/videos,-1,False,False,False,train,datasets/HyperKvasir/hyper-kvasir-videos/hyper-kvasir-videos/videos/b0ec04ba-7538-4cf1-a75b-9e70e2f866e4.avi,gi
HyperKvasir,hyper-kvasir-videos\hyper-kvasir-videos\videos\b2071b4e-cce5-4a92-becc-3b4d81f23516.avi,video,datasets/HyperKvasir/hyper-kvasir-videos/hyper-kvasir-videos/videos,-1,False,False,False,train,datasets/HyperKvasir/hyper-kvasir-videos/hyper-kvasir-videos/videos/b2071b4e-cce5-4a92-becc-3b4d81f23516.avi,gi
HyperKvasir,hyper-kvasir-videos\hyper-kvasir-videos\videos\b22ba031-fee7-4a03-9dfb-32dfdc6c30f5.avi,video,datasets/HyperKvasir/hyper-kvasir-videos/hyper-kvasir-videos/videos,-1,False,False,False,train,datasets/HyperKvasir/hyper-kvasir-videos/hyper-kvasir-videos/videos/b22ba031-fee7-4a03-9dfb-32dfdc6c30f5.avi,gi
HyperKvasir,hyper-kvasir-videos\hyper-kvasir-videos\videos\b2a7dc0f-9f5a-439b-beca-0c516a021935.avi,video,datasets/HyperKvasir/hyper-kvasir-videos/hyper-kvasir-videos/videos,-1,False,False,False,train,datasets/HyperKvasir/hyper-kvasir-videos/hyper-kvasir-videos/videos/b2a7dc0f-9f5a-439b-beca-0c516a021935.avi,gi
HyperKvasir,hyper-kvasir-videos\hyper-kvasir-videos\videos\b2bf57d2-e9c9-45a7-856b-fd45574b0f94.avi,video,datasets/HyperKvasir/hyper-kvasir-videos/hyper-kvasir-videos/videos,-1,False,False,False,train,datasets/HyperKvasir/hyper-kvasir-videos/hyper-kvasir-videos/videos/b2bf57d2-e9c9-45a7-856b-fd45574b0f94.avi,gi
HyperKvasir,hyper-kvasir-videos\hyper-kvasir-videos\videos\b2c2110b-4047-4b5f-aaa4-0e2cc4ace9ed.avi,video,datasets/HyperKvasir/hyper-kvasir-videos/hyper-kvasir-videos/videos,-1,False,False,False,val,datasets/HyperKvasir/hyper-kvasir-videos/hyper-kvasir-videos/videos/b2c2110b-4047-4b5f-aaa4-0e2cc4ace9ed.avi,gi
HyperKvasir,hyper-kvasir-videos\hyper-kvasir-videos\videos\b2ce7754-73b2-472e-99be-201c6105bbd1.avi,video,datasets/HyperKvasir/hyper-kvasir-videos/hyper-kvasir-videos/videos,-1,False,False,False,train,datasets/HyperKvasir/hyper-kvasir-videos/hyper-kvasir-videos/videos/b2ce7754-73b2-472e-99be-201c6105bbd1.avi,gi
HyperKvasir,hyper-kvasir-videos\hyper-kvasir-videos\videos\b2f0685a-a344-492c-8510-0c800519a1db.avi,video,datasets/HyperKvasir/hyper-kvasir-videos/hyper-kvasir-videos/videos,-1,False,False,False,train,datasets/HyperKvasir/hyper-kvasir-videos/hyper-kvasir-videos/videos/b2f0685a-a344-492c-8510-0c800519a1db.avi,gi
HyperKvasir,hyper-kvasir-videos\hyper-kvasir-videos\videos\b3ae21d4-fcf2-4006-9506-b3d56205947a.avi,video,datasets/HyperKvasir/hyper-kvasir-videos/hyper-kvasir-videos/videos,-1,False,False,False,train,datasets/HyperKvasir/hyper-kvasir-videos/hyper-kvasir-videos/videos/b3ae21d4-fcf2-4006-9506-b3d56205947a.avi,gi
HyperKvasir,hyper-kvasir-videos\hyper-kvasir-videos\videos\b405cf38-ac84-4aff-8d7e-e62f03468d5d.avi,video,datasets/HyperKvasir/hyper-kvasir-videos/hyper-kvasir-videos/videos,-1,False,False,False,train,datasets/HyperKvasir/hyper-kvasir-videos/hyper-kvasir-videos/videos/b405cf38-ac84-4aff-8d7e-e62f03468d5d.avi,gi
HyperKvasir,hyper-kvasir-videos\hyper-kvasir-videos\videos\b45b8a86-1ce9-418c-bf91-272bb4fa157b.avi,video,datasets/HyperKvasir/hyper-kvasir-videos/hyper-kvasir-videos/videos,-1,False,False,False,train,datasets/HyperKvasir/hyper-kvasir-videos/hyper-kvasir-videos/videos/b45b8a86-1ce9-418c-bf91-272bb4fa157b.avi,gi
HyperKvasir,hyper-kvasir-videos\hyper-kvasir-videos\videos\b4c522db-6034-4b94-bcdd-15fa74e86504.avi,video,datasets/HyperKvasir/hyper-kvasir-videos/hyper-kvasir-videos/videos,-1,False,False,False,train,datasets/HyperKvasir/hyper-kvasir-videos/hyper-kvasir-videos/videos/b4c522db-6034-4b94-bcdd-15fa74e86504.avi,gi
HyperKvasir,hyper-kvasir-videos\hyper-kvasir-videos\videos\b5c6dbd7-3772-4047-a77e-d5f272562823.avi,video,datasets/HyperKvasir/hyper-kvasir-videos/hyper-kvasir-videos/videos,-1,False,False,False,train,datasets/HyperKvasir/hyper-kvasir-videos/hyper-kvasir-videos/videos/b5c6dbd7-3772-4047-a77e-d5f272562823.avi,gi
HyperKvasir,hyper-kvasir-videos\hyper-kvasir-videos\videos\b6acfb64-1c7e-42c5-82d1-b4f5fb0a289c.avi,video,datasets/HyperKvasir/hyper-kvasir-videos/hyper-kvasir-videos/videos,-1,False,False,False,train,datasets/HyperKvasir/hyper-kvasir-videos/hyper-kvasir-videos/videos/b6acfb64-1c7e-42c5-82d1-b4f5fb0a289c.avi,gi
HyperKvasir,hyper-kvasir-videos\hyper-kvasir-videos\videos\b71574a3-0fdd-4040-9fda-ca2b4a2634bf.avi,video,datasets/HyperKvasir/hyper-kvasir-videos/hyper-kvasir-videos/videos,-1,False,False,False,train,datasets/HyperKvasir/hyper-kvasir-videos/hyper-kvasir-videos/videos/b71574a3-0fdd-4040-9fda-ca2b4a2634bf.avi,gi
HyperKvasir,hyper-kvasir-videos\hyper-kvasir-videos\videos\b7ab596e-5081-4801-b008-d97f3256caac.avi,video,datasets/HyperKvasir/hyper-kvasir-videos/hyper-kvasir-videos/videos,-1,False,False,False,train,datasets/HyperKvasir/hyper-kvasir-videos/hyper-kvasir-videos/videos/b7ab596e-5081-4801-b008-d97f3256caac.avi,gi
HyperKvasir,hyper-kvasir-videos\hyper-kvasir-videos\videos\b8262217-516d-4590-a55a-88e53ee65345.avi,video,datasets/HyperKvasir/hyper-kvasir-videos/hyper-kvasir-videos/videos,-1,False,False,False,val,datasets/HyperKvasir/hyper-kvasir-videos/hyper-kvasir-videos/videos/b8262217-516d-4590-a55a-88e53ee65345.avi,gi
HyperKvasir,hyper-kvasir-videos\hyper-kvasir-videos\videos\b85566cc-a3da-4044-b98c-43732ae5dd0b.avi,video,datasets/HyperKvasir/hyper-kvasir-videos/hyper-kvasir-videos/videos,-1,False,False,False,train,datasets/HyperKvasir/hyper-kvasir-videos/hyper-kvasir-videos/videos/b85566cc-a3da-4044-b98c-43732ae5dd0b.avi,gi
HyperKvasir,hyper-kvasir-videos\hyper-kvasir-videos\videos\b8ac5308-bd68-4386-9ca8-1ca9e36fdf46.avi,video,datasets/HyperKvasir/hyper-kvasir-videos/hyper-kvasir-videos/videos,-1,False,False,False,train,datasets/HyperKvasir/hyper-kvasir-videos/hyper-kvasir-videos/videos/b8ac5308-bd68-4386-9ca8-1ca9e36fdf46.avi,gi
HyperKvasir,hyper-kvasir-videos\hyper-kvasir-videos\videos\b8c0710a-200a-479a-881e-aedfff4fb4ba.avi,video,datasets/HyperKvasir/hyper-kvasir-videos/hyper-kvasir-videos/videos,-1,False,False,False,train,datasets/HyperKvasir/hyper-kvasir-videos/hyper-kvasir-videos/videos/b8c0710a-200a-479a-881e-aedfff4fb4ba.avi,gi
HyperKvasir,hyper-kvasir-videos\hyper-kvasir-videos\videos\b91de20f-e2ce-45d9-9d2f-df8df1e63c73.avi,video,datasets/HyperKvasir/hyper-kvasir-videos/hyper-kvasir-videos/videos,-1,False,False,False,train,datasets/HyperKvasir/hyper-kvasir-videos/hyper-kvasir-videos/videos/b91de20f-e2ce-45d9-9d2f-df8df1e63c73.avi,gi
HyperKvasir,hyper-kvasir-videos\hyper-kvasir-videos\videos\babc9d35-8534-4243-acf5-f596cfd506ef.avi,video,datasets/HyperKvasir/hyper-kvasir-videos/hyper-kvasir-videos/videos,-1,False,False,False,train,datasets/HyperKvasir/hyper-kvasir-videos/hyper-kvasir-videos/videos/babc9d35-8534-4243-acf5-f596cfd506ef.avi,gi
HyperKvasir,hyper-kvasir-videos\hyper-kvasir-videos\videos\bd3787db-19c6-41f0-a28e-08b6360ce104.avi,video,datasets/HyperKvasir/hyper-kvasir-videos/hyper-kvasir-videos/videos,-1,False,False,False,test,datasets/HyperKvasir/hyper-kvasir-videos/hyper-kvasir-videos/videos/bd3787db-19c6-41f0-a28e-08b6360ce104.avi,gi
HyperKvasir,hyper-kvasir-videos\hyper-kvasir-videos\videos\be1a9e91-40ad-4596-9a92-9d3e4080cc86.avi,video,datasets/HyperKvasir/hyper-kvasir-videos/hyper-kvasir-videos/videos,-1,False,False,False,train,datasets/HyperKvasir/hyper-kvasir-videos/hyper-kvasir-videos/videos/be1a9e91-40ad-4596-9a92-9d3e4080cc86.avi,gi
HyperKvasir,hyper-kvasir-videos\hyper-kvasir-videos\videos\be97d107-e0fd-4d24-bc77-0ce9f88747a4.avi,video,datasets/HyperKvasir/hyper-kvasir-videos/hyper-kvasir-videos/videos,-1,False,False,False,test,datasets/HyperKvasir/hyper-kvasir-videos/hyper-kvasir-videos/videos/be97d107-e0fd-4d24-bc77-0ce9f88747a4.avi,gi
HyperKvasir,hyper-kvasir-videos\hyper-kvasir-videos\videos\beb5da9c-d536-4f00-992b-fd45e6df66bd.avi,video,datasets/HyperKvasir/hyper-kvasir-videos/hyper-kvasir-videos/videos,-1,False,False,False,train,datasets/HyperKvasir/hyper-kvasir-videos/hyper-kvasir-videos/videos/beb5da9c-d536-4f00-992b-fd45e6df66bd.avi,gi
HyperKvasir,hyper-kvasir-videos\hyper-kvasir-videos\videos\bf63a3ad-c81c-40ec-b0be-1b59a28458a7.avi,video,datasets/HyperKvasir/hyper-kvasir-videos/hyper-kvasir-videos/videos,-1,False,False,False,train,datasets/HyperKvasir/hyper-kvasir-videos/hyper-kvasir-videos/videos/bf63a3ad-c81c-40ec-b0be-1b59a28458a7.avi,gi
HyperKvasir,hyper-kvasir-videos\hyper-kvasir-videos\videos\c0c32324-044a-4881-82ce-3494409e57e9.avi,video,datasets/HyperKvasir/hyper-kvasir-videos/hyper-kvasir-videos/videos,-1,False,False,False,val,datasets/HyperKvasir/hyper-kvasir-videos/hyper-kvasir-videos/videos/c0c32324-044a-4881-82ce-3494409e57e9.avi,gi
HyperKvasir,hyper-kvasir-videos\hyper-kvasir-videos\videos\c0c92730-bf69-4ee1-a625-f5a31c153034.avi,video,datasets/HyperKvasir/hyper-kvasir-videos/hyper-kvasir-videos/videos,-1,False,False,False,train,datasets/HyperKvasir/hyper-kvasir-videos/hyper-kvasir-videos/videos/c0c92730-bf69-4ee1-a625-f5a31c153034.avi,gi
HyperKvasir,hyper-kvasir-videos\hyper-kvasir-videos\videos\c13fe94b-25c6-4419-8980-a0902ba58ccc.avi,video,datasets/HyperKvasir/hyper-kvasir-videos/hyper-kvasir-videos/videos,-1,False,False,False,train,datasets/HyperKvasir/hyper-kvasir-videos/hyper-kvasir-videos/videos/c13fe94b-25c6-4419-8980-a0902ba58ccc.avi,gi
HyperKvasir,hyper-kvasir-videos\hyper-kvasir-videos\videos\c16574fb-9283-416f-8e89-4981b6f03a82.avi,video,datasets/HyperKvasir/hyper-kvasir-videos/hyper-kvasir-videos/videos,-1,False,False,False,train,datasets/HyperKvasir/hyper-kvasir-videos/hyper-kvasir-videos/videos/c16574fb-9283-416f-8e89-4981b6f03a82.avi,gi
HyperKvasir,hyper-kvasir-videos\hyper-kvasir-videos\videos\c173e523-1a5c-4a6b-95eb-1b7aeee52827.avi,video,datasets/HyperKvasir/hyper-kvasir-videos/hyper-kvasir-videos/videos,-1,False,False,False,train,datasets/HyperKvasir/hyper-kvasir-videos/hyper-kvasir-videos/videos/c173e523-1a5c-4a6b-95eb-1b7aeee52827.avi,gi
HyperKvasir,hyper-kvasir-videos\hyper-kvasir-videos\videos\c175657c-3630-4be9-9824-28889896b6b2.avi,video,datasets/HyperKvasir/hyper-kvasir-videos/hyper-kvasir-videos/videos,-1,False,False,False,train,datasets/HyperKvasir/hyper-kvasir-videos/hyper-kvasir-videos/videos/c175657c-3630-4be9-9824-28889896b6b2.avi,gi
HyperKvasir,hyper-kvasir-videos\hyper-kvasir-videos\videos\c1d60d99-9d2c-4d65-b38e-b8761e5b05fa.avi,video,datasets/HyperKvasir/hyper-kvasir-videos/hyper-kvasir-videos/videos,-1,False,False,False,test,datasets/HyperKvasir/hyper-kvasir-videos/hyper-kvasir-videos/videos/c1d60d99-9d2c-4d65-b38e-b8761e5b05fa.avi,gi
HyperKvasir,hyper-kvasir-videos\hyper-kvasir-videos\videos\c205ec73-4652-4f91-8711-ddb6a50e1d16.avi,video,datasets/HyperKvasir/hyper-kvasir-videos/hyper-kvasir-videos/videos,-1,False,False,False,test,datasets/HyperKvasir/hyper-kvasir-videos/hyper-kvasir-videos/videos/c205ec73-4652-4f91-8711-ddb6a50e1d16.avi,gi
HyperKvasir,hyper-kvasir-videos\hyper-kvasir-videos\videos\c2350bfd-892b-4b17-9135-cf4d7e31ef0e.avi,video,datasets/HyperKvasir/hyper-kvasir-videos/hyper-kvasir-videos/videos,-1,False,False,False,train,datasets/HyperKvasir/hyper-kvasir-videos/hyper-kvasir-videos/videos/c2350bfd-892b-4b17-9135-cf4d7e31ef0e.avi,gi
HyperKvasir,hyper-kvasir-videos\hyper-kvasir-videos\videos\c23834e3-9b21-49de-84b0-1dbb2544e3ba.avi,video,datasets/HyperKvasir/hyper-kvasir-videos/hyper-kvasir-videos/videos,-1,False,False,False,test,datasets/HyperKvasir/hyper-kvasir-videos/hyper-kvasir-videos/videos/c23834e3-9b21-49de-84b0-1dbb2544e3ba.avi,gi
HyperKvasir,hyper-kvasir-videos\hyper-kvasir-videos\videos\c3de6ee2-bb5d-4ed2-b349-f9a579eb50ae.avi,video,datasets/HyperKvasir/hyper-kvasir-videos/hyper-kvasir-videos/videos,-1,False,False,False,train,datasets/HyperKvasir/hyper-kvasir-videos/hyper-kvasir-videos/videos/c3de6ee2-bb5d-4ed2-b349-f9a579eb50ae.avi,gi
HyperKvasir,hyper-kvasir-videos\hyper-kvasir-videos\videos\c43fc1d8-16d8-4650-890a-6d7435f3be41.avi,video,datasets/HyperKvasir/hyper-kvasir-videos/hyper-kvasir-videos/videos,-1,False,False,False,train,datasets/HyperKvasir/hyper-kvasir-videos/hyper-kvasir-videos/videos/c43fc1d8-16d8-4650-890a-6d7435f3be41.avi,gi
HyperKvasir,hyper-kvasir-videos\hyper-kvasir-videos\videos\c6d77740-6644-48b0-9373-2113a7493434.avi,video,datasets/HyperKvasir/hyper-kvasir-videos/hyper-kvasir-videos/videos,-1,False,False,False,test,datasets/HyperKvasir/hyper-kvasir-videos/hyper-kvasir-videos/videos/c6d77740-6644-48b0-9373-2113a7493434.avi,gi
HyperKvasir,hyper-kvasir-videos\hyper-kvasir-videos\videos\c6db279c-50e0-4b3f-8dd9-e2a6a39787c0.avi,video,datasets/HyperKvasir/hyper-kvasir-videos/hyper-kvasir-videos/videos,-1,False,False,False,train,datasets/HyperKvasir/hyper-kvasir-videos/hyper-kvasir-videos/videos/c6db279c-50e0-4b3f-8dd9-e2a6a39787c0.avi,gi
HyperKvasir,hyper-kvasir-videos\hyper-kvasir-videos\videos\c6e8a472-f78a-4aa1-b490-c522060b440d.avi,video,datasets/HyperKvasir/hyper-kvasir-videos/hyper-kvasir-videos/videos,-1,False,False,False,train,datasets/HyperKvasir/hyper-kvasir-videos/hyper-kvasir-videos/videos/c6e8a472-f78a-4aa1-b490-c522060b440d.avi,gi
HyperKvasir,hyper-kvasir-videos\hyper-kvasir-videos\videos\c801eb98-6af7-4a43-b23c-0351cffaca3b.avi,video,datasets/HyperKvasir/hyper-kvasir-videos/hyper-kvasir-videos/videos,-1,False,False,False,train,datasets/HyperKvasir/hyper-kvasir-videos/hyper-kvasir-videos/videos/c801eb98-6af7-4a43-b23c-0351cffaca3b.avi,gi
HyperKvasir,hyper-kvasir-videos\hyper-kvasir-videos\videos\c830c309-c2d6-4467-8f04-a785a7c329b6.avi,video,datasets/HyperKvasir/hyper-kvasir-videos/hyper-kvasir-videos/videos,-1,False,False,False,train,datasets/HyperKvasir/hyper-kvasir-videos/hyper-kvasir-videos/videos/c830c309-c2d6-4467-8f04-a785a7c329b6.avi,gi
HyperKvasir,hyper-kvasir-videos\hyper-kvasir-videos\videos\c8eba477-8f93-4adb-b3d4-351a866d37ce.avi,video,datasets/HyperKvasir/hyper-kvasir-videos/hyper-kvasir-videos/videos,-1,False,False,False,train,datasets/HyperKvasir/hyper-kvasir-videos/hyper-kvasir-videos/videos/c8eba477-8f93-4adb-b3d4-351a866d37ce.avi,gi
HyperKvasir,hyper-kvasir-videos\hyper-kvasir-videos\videos\ca701c41-41d2-4154-8748-078612a84db8.avi,video,datasets/HyperKvasir/hyper-kvasir-videos/hyper-kvasir-videos/videos,-1,False,False,False,train,datasets/HyperKvasir/hyper-kvasir-videos/hyper-kvasir-videos/videos/ca701c41-41d2-4154-8748-078612a84db8.avi,gi
HyperKvasir,hyper-kvasir-videos\hyper-kvasir-videos\videos\cafa734d-74ea-48f2-b58a-3f3151a99177.avi,video,datasets/HyperKvasir/hyper-kvasir-videos/hyper-kvasir-videos/videos,-1,False,False,False,train,datasets/HyperKvasir/hyper-kvasir-videos/hyper-kvasir-videos/videos/cafa734d-74ea-48f2-b58a-3f3151a99177.avi,gi
HyperKvasir,hyper-kvasir-videos\hyper-kvasir-videos\videos\cb41c082-31d4-42fd-b73b-3ab9b8a3fbe6.avi,video,datasets/HyperKvasir/hyper-kvasir-videos/hyper-kvasir-videos/videos,-1,False,False,False,train,datasets/HyperKvasir/hyper-kvasir-videos/hyper-kvasir-videos/videos/cb41c082-31d4-42fd-b73b-3ab9b8a3fbe6.avi,gi
HyperKvasir,hyper-kvasir-videos\hyper-kvasir-videos\videos\cd31e35a-59fd-4399-9f19-51eb485025d8.avi,video,datasets/HyperKvasir/hyper-kvasir-videos/hyper-kvasir-videos/videos,-1,False,False,False,train,datasets/HyperKvasir/hyper-kvasir-videos/hyper-kvasir-videos/videos/cd31e35a-59fd-4399-9f19-51eb485025d8.avi,gi
HyperKvasir,hyper-kvasir-videos\hyper-kvasir-videos\videos\ce8b6297-0056-4b8b-9070-f0b8046d5682.avi,video,datasets/HyperKvasir/hyper-kvasir-videos/hyper-kvasir-videos/videos,-1,False,False,False,train,datasets/HyperKvasir/hyper-kvasir-videos/hyper-kvasir-videos/videos/ce8b6297-0056-4b8b-9070-f0b8046d5682.avi,gi
HyperKvasir,hyper-kvasir-videos\hyper-kvasir-videos\videos\ced5f4a7-a68a-4133-be88-2f1f6dd1ea1b.avi,video,datasets/HyperKvasir/hyper-kvasir-videos/hyper-kvasir-videos/videos,-1,False,False,False,train,datasets/HyperKvasir/hyper-kvasir-videos/hyper-kvasir-videos/videos/ced5f4a7-a68a-4133-be88-2f1f6dd1ea1b.avi,gi
HyperKvasir,hyper-kvasir-videos\hyper-kvasir-videos\videos\cedf4c7b-4f47-4ac8-a576-e7faa968b1b0.avi,video,datasets/HyperKvasir/hyper-kvasir-videos/hyper-kvasir-videos/videos,-1,False,False,False,train,datasets/HyperKvasir/hyper-kvasir-videos/hyper-kvasir-videos/videos/cedf4c7b-4f47-4ac8-a576-e7faa968b1b0.avi,gi
HyperKvasir,hyper-kvasir-videos\hyper-kvasir-videos\videos\cf81b36b-952b-4ac2-ad23-7251e7355de8.avi,video,datasets/HyperKvasir/hyper-kvasir-videos/hyper-kvasir-videos/videos,-1,False,False,False,test,datasets/HyperKvasir/hyper-kvasir-videos/hyper-kvasir-videos/videos/cf81b36b-952b-4ac2-ad23-7251e7355de8.avi,gi
HyperKvasir,hyper-kvasir-videos\hyper-kvasir-videos\videos\d08af86b-e4c6-4ea6-987a-ee2e89a939c2.avi,video,datasets/HyperKvasir/hyper-kvasir-videos/hyper-kvasir-videos/videos,-1,False,False,False,train,datasets/HyperKvasir/hyper-kvasir-videos/hyper-kvasir-videos/videos/d08af86b-e4c6-4ea6-987a-ee2e89a939c2.avi,gi
HyperKvasir,hyper-kvasir-videos\hyper-kvasir-videos\videos\d1460617-5394-427b-975b-62000b3e194c.avi,video,datasets/HyperKvasir/hyper-kvasir-videos/hyper-kvasir-videos/videos,-1,False,False,False,train,datasets/HyperKvasir/hyper-kvasir-videos/hyper-kvasir-videos/videos/d1460617-5394-427b-975b-62000b3e194c.avi,gi
HyperKvasir,hyper-kvasir-videos\hyper-kvasir-videos\videos\d417eff3-d7b8-4445-b315-4255b9e23570.avi,video,datasets/HyperKvasir/hyper-kvasir-videos/hyper-kvasir-videos/videos,-1,False,False,False,train,datasets/HyperKvasir/hyper-kvasir-videos/hyper-kvasir-videos/videos/d417eff3-d7b8-4445-b315-4255b9e23570.avi,gi
HyperKvasir,hyper-kvasir-videos\hyper-kvasir-videos\videos\d52a707b-5ffe-430c-be42-d5a3d3b851dc.avi,video,datasets/HyperKvasir/hyper-kvasir-videos/hyper-kvasir-videos/videos,-1,False,False,False,train,datasets/HyperKvasir/hyper-kvasir-videos/hyper-kvasir-videos/videos/d52a707b-5ffe-430c-be42-d5a3d3b851dc.avi,gi
HyperKvasir,hyper-kvasir-videos\hyper-kvasir-videos\videos\d556e781-6776-4d40-b8cb-53c08063aafa.avi,video,datasets/HyperKvasir/hyper-kvasir-videos/hyper-kvasir-videos/videos,-1,False,False,False,test,datasets/HyperKvasir/hyper-kvasir-videos/hyper-kvasir-videos/videos/d556e781-6776-4d40-b8cb-53c08063aafa.avi,gi
HyperKvasir,hyper-kvasir-videos\hyper-kvasir-videos\videos\d6d48664-0d4f-48a1-a88f-c58e167f5212.avi,video,datasets/HyperKvasir/hyper-kvasir-videos/hyper-kvasir-videos/videos,-1,False,False,False,train,datasets/HyperKvasir/hyper-kvasir-videos/hyper-kvasir-videos/videos/d6d48664-0d4f-48a1-a88f-c58e167f5212.avi,gi
HyperKvasir,hyper-kvasir-videos\hyper-kvasir-videos\videos\d711a386-407f-4200-a355-f14fd3f0af83.avi,video,datasets/HyperKvasir/hyper-kvasir-videos/hyper-kvasir-videos/videos,-1,False,False,False,train,datasets/HyperKvasir/hyper-kvasir-videos/hyper-kvasir-videos/videos/d711a386-407f-4200-a355-f14fd3f0af83.avi,gi
HyperKvasir,hyper-kvasir-videos\hyper-kvasir-videos\videos\d8998f3e-efdd-4046-9477-96ad92f292e2.avi,video,datasets/HyperKvasir/hyper-kvasir-videos/hyper-kvasir-videos/videos,-1,False,False,False,train,datasets/HyperKvasir/hyper-kvasir-videos/hyper-kvasir-videos/videos/d8998f3e-efdd-4046-9477-96ad92f292e2.avi,gi
HyperKvasir,hyper-kvasir-videos\hyper-kvasir-videos\videos\da5799f6-0bbf-4a32-81b7-7103da6ae695.avi,video,datasets/HyperKvasir/hyper-kvasir-videos/hyper-kvasir-videos/videos,-1,False,False,False,train,datasets/HyperKvasir/hyper-kvasir-videos/hyper-kvasir-videos/videos/da5799f6-0bbf-4a32-81b7-7103da6ae695.avi,gi
HyperKvasir,hyper-kvasir-videos\hyper-kvasir-videos\videos\da5d2629-3a74-4ec0-9ace-57dbc6ebddad.avi,video,datasets/HyperKvasir/hyper-kvasir-videos/hyper-kvasir-videos/videos,-1,False,False,False,train,datasets/HyperKvasir/hyper-kvasir-videos/hyper-kvasir-videos/videos/da5d2629-3a74-4ec0-9ace-57dbc6ebddad.avi,gi
HyperKvasir,hyper-kvasir-videos\hyper-kvasir-videos\videos\da7868eb-f3d5-428a-b462-75d6a78ec1d9.avi,video,datasets/HyperKvasir/hyper-kvasir-videos/hyper-kvasir-videos/videos,-1,False,False,False,val,datasets/HyperKvasir/hyper-kvasir-videos/hyper-kvasir-videos/videos/da7868eb-f3d5-428a-b462-75d6a78ec1d9.avi,gi
HyperKvasir,hyper-kvasir-videos\hyper-kvasir-videos\videos\db640540-82a4-4503-acb8-a4e64612f84f.avi,video,datasets/HyperKvasir/hyper-kvasir-videos/hyper-kvasir-videos/videos,-1,False,False,False,val,datasets/HyperKvasir/hyper-kvasir-videos/hyper-kvasir-videos/videos/db640540-82a4-4503-acb8-a4e64612f84f.avi,gi
HyperKvasir,hyper-kvasir-videos\hyper-kvasir-videos\videos\dc3c08bf-237d-4ee8-a33a-83e03189b1f7.avi,video,datasets/HyperKvasir/hyper-kvasir-videos/hyper-kvasir-videos/videos,-1,False,False,False,train,datasets/HyperKvasir/hyper-kvasir-videos/hyper-kvasir-videos/videos/dc3c08bf-237d-4ee8-a33a-83e03189b1f7.avi,gi
HyperKvasir,hyper-kvasir-videos\hyper-kvasir-videos\videos\ddb368ed-45dd-49f1-bab3-de31f9fd3711.avi,video,datasets/HyperKvasir/hyper-kvasir-videos/hyper-kvasir-videos/videos,-1,False,False,False,val,datasets/HyperKvasir/hyper-kvasir-videos/hyper-kvasir-videos/videos/ddb368ed-45dd-49f1-bab3-de31f9fd3711.avi,gi
HyperKvasir,hyper-kvasir-videos\hyper-kvasir-videos\videos\ddf79ce8-17d1-466d-915f-c8a4d6566426.avi,video,datasets/HyperKvasir/hyper-kvasir-videos/hyper-kvasir-videos/videos,-1,False,False,False,train,datasets/HyperKvasir/hyper-kvasir-videos/hyper-kvasir-videos/videos/ddf79ce8-17d1-466d-915f-c8a4d6566426.avi,gi
HyperKvasir,hyper-kvasir-videos\hyper-kvasir-videos\videos\de2fb9e2-1924-4053-b108-e6fe371bb9e6.avi,video,datasets/HyperKvasir/hyper-kvasir-videos/hyper-kvasir-videos/videos,-1,False,False,False,val,datasets/HyperKvasir/hyper-kvasir-videos/hyper-kvasir-videos/videos/de2fb9e2-1924-4053-b108-e6fe371bb9e6.avi,gi
HyperKvasir,hyper-kvasir-videos\hyper-kvasir-videos\videos\de9c6a36-6b2b-43a1-8d6a-a6e34d82a05e.avi,video,datasets/HyperKvasir/hyper-kvasir-videos/hyper-kvasir-videos/videos,-1,False,False,False,val,datasets/HyperKvasir/hyper-kvasir-videos/hyper-kvasir-videos/videos/de9c6a36-6b2b-43a1-8d6a-a6e34d82a05e.avi,gi
HyperKvasir,hyper-kvasir-videos\hyper-kvasir-videos\videos\def7538b-640e-4910-bcee-bff38517113b.avi,video,datasets/HyperKvasir/hyper-kvasir-videos/hyper-kvasir-videos/videos,-1,False,False,False,train,datasets/HyperKvasir/hyper-kvasir-videos/hyper-kvasir-videos/videos/def7538b-640e-4910-bcee-bff38517113b.avi,gi
HyperKvasir,hyper-kvasir-videos\hyper-kvasir-videos\videos\def8c3b6-30b1-4d75-be96-946ae34df739.avi,video,datasets/HyperKvasir/hyper-kvasir-videos/hyper-kvasir-videos/videos,-1,False,False,False,val,datasets/HyperKvasir/hyper-kvasir-videos/hyper-kvasir-videos/videos/def8c3b6-30b1-4d75-be96-946ae34df739.avi,gi
HyperKvasir,hyper-kvasir-videos\hyper-kvasir-videos\videos\df1aa095-0cab-4433-97fe-00d456f33615.avi,video,datasets/HyperKvasir/hyper-kvasir-videos/hyper-kvasir-videos/videos,-1,False,False,False,train,datasets/HyperKvasir/hyper-kvasir-videos/hyper-kvasir-videos/videos/df1aa095-0cab-4433-97fe-00d456f33615.avi,gi
HyperKvasir,hyper-kvasir-videos\hyper-kvasir-videos\videos\dfbd44f0-b2fb-4ca4-943a-a2eedcf5b9c7.avi,video,datasets/HyperKvasir/hyper-kvasir-videos/hyper-kvasir-videos/videos,-1,False,False,False,train,datasets/HyperKvasir/hyper-kvasir-videos/hyper-kvasir-videos/videos/dfbd44f0-b2fb-4ca4-943a-a2eedcf5b9c7.avi,gi
HyperKvasir,hyper-kvasir-videos\hyper-kvasir-videos\videos\dfd89598-412e-4b09-8aa0-af81f416cd1b.avi,video,datasets/HyperKvasir/hyper-kvasir-videos/hyper-kvasir-videos/videos,-1,False,False,False,train,datasets/HyperKvasir/hyper-kvasir-videos/hyper-kvasir-videos/videos/dfd89598-412e-4b09-8aa0-af81f416cd1b.avi,gi
HyperKvasir,hyper-kvasir-videos\hyper-kvasir-videos\videos\e076411e-2444-4ad6-ae55-f17e807dee2d.avi,video,datasets/HyperKvasir/hyper-kvasir-videos/hyper-kvasir-videos/videos,-1,False,False,False,train,datasets/HyperKvasir/hyper-kvasir-videos/hyper-kvasir-videos/videos/e076411e-2444-4ad6-ae55-f17e807dee2d.avi,gi
HyperKvasir,hyper-kvasir-videos\hyper-kvasir-videos\videos\e12aa28f-c6ca-4964-b631-6d3b03de1228.avi,video,datasets/HyperKvasir/hyper-kvasir-videos/hyper-kvasir-videos/videos,-1,False,False,False,train,datasets/HyperKvasir/hyper-kvasir-videos/hyper-kvasir-videos/videos/e12aa28f-c6ca-4964-b631-6d3b03de1228.avi,gi
HyperKvasir,hyper-kvasir-videos\hyper-kvasir-videos\videos\e1ab1778-8537-4537-9c1e-3b59f3823c33.avi,video,datasets/HyperKvasir/hyper-kvasir-videos/hyper-kvasir-videos/videos,-1,False,False,False,train,datasets/HyperKvasir/hyper-kvasir-videos/hyper-kvasir-videos/videos/e1ab1778-8537-4537-9c1e-3b59f3823c33.avi,gi
HyperKvasir,hyper-kvasir-videos\hyper-kvasir-videos\videos\e1c63a77-4dac-476a-b49b-6ca7504ea489.avi,video,datasets/HyperKvasir/hyper-kvasir-videos/hyper-kvasir-videos/videos,-1,False,False,False,train,datasets/HyperKvasir/hyper-kvasir-videos/hyper-kvasir-videos/videos/e1c63a77-4dac-476a-b49b-6ca7504ea489.avi,gi
HyperKvasir,hyper-kvasir-videos\hyper-kvasir-videos\videos\e2089c8c-effc-4406-a8a0-0d6ae6da9b9b.avi,video,datasets/HyperKvasir/hyper-kvasir-videos/hyper-kvasir-videos/videos,-1,False,False,False,train,datasets/HyperKvasir/hyper-kvasir-videos/hyper-kvasir-videos/videos/e2089c8c-effc-4406-a8a0-0d6ae6da9b9b.avi,gi
HyperKvasir,hyper-kvasir-videos\hyper-kvasir-videos\videos\e214dcc1-6e71-4dd1-ac11-ccee8d9e734c.avi,video,datasets/HyperKvasir/hyper-kvasir-videos/hyper-kvasir-videos/videos,-1,False,False,False,train,datasets/HyperKvasir/hyper-kvasir-videos/hyper-kvasir-videos/videos/e214dcc1-6e71-4dd1-ac11-ccee8d9e734c.avi,gi
HyperKvasir,hyper-kvasir-videos\hyper-kvasir-videos\videos\e2c3af2c-b2c0-4257-a121-0d215d195536.avi,video,datasets/HyperKvasir/hyper-kvasir-videos/hyper-kvasir-videos/videos,-1,False,False,False,train,datasets/HyperKvasir/hyper-kvasir-videos/hyper-kvasir-videos/videos/e2c3af2c-b2c0-4257-a121-0d215d195536.avi,gi
HyperKvasir,hyper-kvasir-videos\hyper-kvasir-videos\videos\e3f6787b-ab57-4d07-8492-b4a7e51f71b2.avi,video,datasets/HyperKvasir/hyper-kvasir-videos/hyper-kvasir-videos/videos,-1,False,False,False,train,datasets/HyperKvasir/hyper-kvasir-videos/hyper-kvasir-videos/videos/e3f6787b-ab57-4d07-8492-b4a7e51f71b2.avi,gi
HyperKvasir,hyper-kvasir-videos\hyper-kvasir-videos\videos\e5e3b89a-d291-4082-86c5-6919de249299.avi,video,datasets/HyperKvasir/hyper-kvasir-videos/hyper-kvasir-videos/videos,-1,False,False,False,train,datasets/HyperKvasir/hyper-kvasir-videos/hyper-kvasir-videos/videos/e5e3b89a-d291-4082-86c5-6919de249299.avi,gi
HyperKvasir,hyper-kvasir-videos\hyper-kvasir-videos\videos\e8e36826-f370-4f4a-ae81-caba8fb3c604.avi,video,datasets/HyperKvasir/hyper-kvasir-videos/hyper-kvasir-videos/videos,-1,False,False,False,val,datasets/HyperKvasir/hyper-kvasir-videos/hyper-kvasir-videos/videos/e8e36826-f370-4f4a-ae81-caba8fb3c604.avi,gi
HyperKvasir,hyper-kvasir-videos\hyper-kvasir-videos\videos\e9abda77-6e54-49b7-a6f6-d2e103a66b26.avi,video,datasets/HyperKvasir/hyper-kvasir-videos/hyper-kvasir-videos/videos,-1,False,False,False,train,datasets/HyperKvasir/hyper-kvasir-videos/hyper-kvasir-videos/videos/e9abda77-6e54-49b7-a6f6-d2e103a66b26.avi,gi
HyperKvasir,hyper-kvasir-videos\hyper-kvasir-videos\videos\ea9ef6eb-0cf6-4e20-8cf0-5a70d7695a17.avi,video,datasets/HyperKvasir/hyper-kvasir-videos/hyper-kvasir-videos/videos,-1,False,False,False,test,datasets/HyperKvasir/hyper-kvasir-videos/hyper-kvasir-videos/videos/ea9ef6eb-0cf6-4e20-8cf0-5a70d7695a17.avi,gi
HyperKvasir,hyper-kvasir-videos\hyper-kvasir-videos\videos\ec65d14e-4460-40fb-bc48-973ec5f4ae60.avi,video,datasets/HyperKvasir/hyper-kvasir-videos/hyper-kvasir-videos/videos,-1,False,False,False,train,datasets/HyperKvasir/hyper-kvasir-videos/hyper-kvasir-videos/videos/ec65d14e-4460-40fb-bc48-973ec5f4ae60.avi,gi
HyperKvasir,hyper-kvasir-videos\hyper-kvasir-videos\videos\ed224431-4807-4120-9ce3-8c45266b2437.avi,video,datasets/HyperKvasir/hyper-kvasir-videos/hyper-kvasir-videos/videos,-1,False,False,False,train,datasets/HyperKvasir/hyper-kvasir-videos/hyper-kvasir-videos/videos/ed224431-4807-4120-9ce3-8c45266b2437.avi,gi
HyperKvasir,hyper-kvasir-videos\hyper-kvasir-videos\videos\ee095f18-817c-4160-88f2-1ea8919700f6.avi,video,datasets/HyperKvasir/hyper-kvasir-videos/hyper-kvasir-videos/videos,-1,False,False,False,train,datasets/HyperKvasir/hyper-kvasir-videos/hyper-kvasir-videos/videos/ee095f18-817c-4160-88f2-1ea8919700f6.avi,gi
HyperKvasir,hyper-kvasir-videos\hyper-kvasir-videos\videos\eecf3adf-445b-4cdf-b577-cb52840fb83a.avi,video,datasets/HyperKvasir/hyper-kvasir-videos/hyper-kvasir-videos/videos,-1,False,False,False,train,datasets/HyperKvasir/hyper-kvasir-videos/hyper-kvasir-videos/videos/eecf3adf-445b-4cdf-b577-cb52840fb83a.avi,gi
HyperKvasir,hyper-kvasir-videos\hyper-kvasir-videos\videos\ef31f827-0525-4325-aa67-5c5bd4354c26.avi,video,datasets/HyperKvasir/hyper-kvasir-videos/hyper-kvasir-videos/videos,-1,False,False,False,train,datasets/HyperKvasir/hyper-kvasir-videos/hyper-kvasir-videos/videos/ef31f827-0525-4325-aa67-5c5bd4354c26.avi,gi
HyperKvasir,hyper-kvasir-videos\hyper-kvasir-videos\videos\ef8949d8-e490-4d7d-8a11-5e78a103d337.avi,video,datasets/HyperKvasir/hyper-kvasir-videos/hyper-kvasir-videos/videos,-1,False,False,False,train,datasets/HyperKvasir/hyper-kvasir-videos/hyper-kvasir-videos/videos/ef8949d8-e490-4d7d-8a11-5e78a103d337.avi,gi
HyperKvasir,hyper-kvasir-videos\hyper-kvasir-videos\videos\f0325856-fad4-448c-82f5-11c5e2ffabef.avi,video,datasets/HyperKvasir/hyper-kvasir-videos/hyper-kvasir-videos/videos,-1,False,False,False,train,datasets/HyperKvasir/hyper-kvasir-videos/hyper-kvasir-videos/videos/f0325856-fad4-448c-82f5-11c5e2ffabef.avi,gi
HyperKvasir,hyper-kvasir-videos\hyper-kvasir-videos\videos\f04c62cf-982d-46f0-b840-f46d9116d344.avi,video,datasets/HyperKvasir/hyper-kvasir-videos/hyper-kvasir-videos/videos,-1,False,False,False,train,datasets/HyperKvasir/hyper-kvasir-videos/hyper-kvasir-videos/videos/f04c62cf-982d-46f0-b840-f46d9116d344.avi,gi
HyperKvasir,hyper-kvasir-videos\hyper-kvasir-videos\videos\f1dfa843-1e53-4a5d-b3b1-d29dc08e968a.avi,video,datasets/HyperKvasir/hyper-kvasir-videos/hyper-kvasir-videos/videos,-1,False,False,False,train,datasets/HyperKvasir/hyper-kvasir-videos/hyper-kvasir-videos/videos/f1dfa843-1e53-4a5d-b3b1-d29dc08e968a.avi,gi
HyperKvasir,hyper-kvasir-videos\hyper-kvasir-videos\videos\f2248a32-624a-4ba5-b2f8-0dd8955bd331.avi,video,datasets/HyperKvasir/hyper-kvasir-videos/hyper-kvasir-videos/videos,-1,False,False,False,train,datasets/HyperKvasir/hyper-kvasir-videos/hyper-kvasir-videos/videos/f2248a32-624a-4ba5-b2f8-0dd8955bd331.avi,gi
HyperKvasir,hyper-kvasir-videos\hyper-kvasir-videos\videos\f2c72cfa-f151-4566-8799-a75e688e250b.avi,video,datasets/HyperKvasir/hyper-kvasir-videos/hyper-kvasir-videos/videos,-1,False,False,False,train,datasets/HyperKvasir/hyper-kvasir-videos/hyper-kvasir-videos/videos/f2c72cfa-f151-4566-8799-a75e688e250b.avi,gi
HyperKvasir,hyper-kvasir-videos\hyper-kvasir-videos\videos\f3020c65-4c46-40de-8fb8-57135398af55.avi,video,datasets/HyperKvasir/hyper-kvasir-videos/hyper-kvasir-videos/videos,-1,False,False,False,train,datasets/HyperKvasir/hyper-kvasir-videos/hyper-kvasir-videos/videos/f3020c65-4c46-40de-8fb8-57135398af55.avi,gi
HyperKvasir,hyper-kvasir-videos\hyper-kvasir-videos\videos\f3cbaea8-c26a-4ccf-8c3e-f7c3d939b818.avi,video,datasets/HyperKvasir/hyper-kvasir-videos/hyper-kvasir-videos/videos,-1,False,False,False,train,datasets/HyperKvasir/hyper-kvasir-videos/hyper-kvasir-videos/videos/f3cbaea8-c26a-4ccf-8c3e-f7c3d939b818.avi,gi
HyperKvasir,hyper-kvasir-videos\hyper-kvasir-videos\videos\f5511ad9-43d7-4365-ad97-7af052a2697d.avi,video,datasets/HyperKvasir/hyper-kvasir-videos/hyper-kvasir-videos/videos,-1,False,False,False,val,datasets/HyperKvasir/hyper-kvasir-videos/hyper-kvasir-videos/videos/f5511ad9-43d7-4365-ad97-7af052a2697d.avi,gi
HyperKvasir,hyper-kvasir-videos\hyper-kvasir-videos\videos\f611197c-acb7-4703-90aa-6a4a623c614f.avi,video,datasets/HyperKvasir/hyper-kvasir-videos/hyper-kvasir-videos/videos,-1,False,False,False,train,datasets/HyperKvasir/hyper-kvasir-videos/hyper-kvasir-videos/videos/f611197c-acb7-4703-90aa-6a4a623c614f.avi,gi
HyperKvasir,hyper-kvasir-videos\hyper-kvasir-videos\videos\f655d0eb-2225-48e4-9eed-11cab20c5df5.avi,video,datasets/HyperKvasir/hyper-kvasir-videos/hyper-kvasir-videos/videos,-1,False,False,False,train,datasets/HyperKvasir/hyper-kvasir-videos/hyper-kvasir-videos/videos/f655d0eb-2225-48e4-9eed-11cab20c5df5.avi,gi
HyperKvasir,hyper-kvasir-videos\hyper-kvasir-videos\videos\f7329df7-81e1-4e06-aa74-fdabc2ebd00b.avi,video,datasets/HyperKvasir/hyper-kvasir-videos/hyper-kvasir-videos/videos,-1,False,False,False,train,datasets/HyperKvasir/hyper-kvasir-videos/hyper-kvasir-videos/videos/f7329df7-81e1-4e06-aa74-fdabc2ebd00b.avi,gi
HyperKvasir,hyper-kvasir-videos\hyper-kvasir-videos\videos\f75949a3-bd10-4762-a7d5-1e5e42fae8e4.avi,video,datasets/HyperKvasir/hyper-kvasir-videos/hyper-kvasir-videos/videos,-1,False,False,False,train,datasets/HyperKvasir/hyper-kvasir-videos/hyper-kvasir-videos/videos/f75949a3-bd10-4762-a7d5-1e5e42fae8e4.avi,gi
HyperKvasir,hyper-kvasir-videos\hyper-kvasir-videos\videos\f80462b0-1ee2-4bf8-af36-b2f6037101a4.avi,video,datasets/HyperKvasir/hyper-kvasir-videos/hyper-kvasir-videos/videos,-1,False,False,False,train,datasets/HyperKvasir/hyper-kvasir-videos/hyper-kvasir-videos/videos/f80462b0-1ee2-4bf8-af36-b2f6037101a4.avi,gi
HyperKvasir,hyper-kvasir-videos\hyper-kvasir-videos\videos\f8b700d2-838f-4bd8-9a23-413ce1863664.avi,video,datasets/HyperKvasir/hyper-kvasir-videos/hyper-kvasir-videos/videos,-1,False,False,False,train,datasets/HyperKvasir/hyper-kvasir-videos/hyper-kvasir-videos/videos/f8b700d2-838f-4bd8-9a23-413ce1863664.avi,gi
HyperKvasir,hyper-kvasir-videos\hyper-kvasir-videos\videos\f918a7be-5bcb-47b1-8a4a-d93f33e9e5f5.avi,video,datasets/HyperKvasir/hyper-kvasir-videos/hyper-kvasir-videos/videos,-1,False,False,False,train,datasets/HyperKvasir/hyper-kvasir-videos/hyper-kvasir-videos/videos/f918a7be-5bcb-47b1-8a4a-d93f33e9e5f5.avi,gi
HyperKvasir,hyper-kvasir-videos\hyper-kvasir-videos\videos\f9783220-67a3-4310-a88c-7730e306f5f0.avi,video,datasets/HyperKvasir/hyper-kvasir-videos/hyper-kvasir-videos/videos,-1,False,False,False,train,datasets/HyperKvasir/hyper-kvasir-videos/hyper-kvasir-videos/videos/f9783220-67a3-4310-a88c-7730e306f5f0.avi,gi
HyperKvasir,hyper-kvasir-videos\hyper-kvasir-videos\videos\f9a29376-1672-4b6f-97c7-8ed490a58390.avi,video,datasets/HyperKvasir/hyper-kvasir-videos/hyper-kvasir-videos/videos,-1,False,False,False,train,datasets/HyperKvasir/hyper-kvasir-videos/hyper-kvasir-videos/videos/f9a29376-1672-4b6f-97c7-8ed490a58390.avi,gi
HyperKvasir,hyper-kvasir-videos\hyper-kvasir-videos\videos\fa4e7f55-98da-42aa-8e1d-c34327b3358c.avi,video,datasets/HyperKvasir/hyper-kvasir-videos/hyper-kvasir-videos/videos,-1,False,False,False,train,datasets/HyperKvasir/hyper-kvasir-videos/hyper-kvasir-videos/videos/fa4e7f55-98da-42aa-8e1d-c34327b3358c.avi,gi
HyperKvasir,hyper-kvasir-videos\hyper-kvasir-videos\videos\fc79c489-b358-4368-b965-330615af73d4.avi,video,datasets/HyperKvasir/hyper-kvasir-videos/hyper-kvasir-videos/videos,-1,False,False,False,train,datasets/HyperKvasir/hyper-kvasir-videos/hyper-kvasir-videos/videos/fc79c489-b358-4368-b965-330615af73d4.avi,gi
HyperKvasir,hyper-kvasir-videos\hyper-kvasir-videos\videos\fccd29c9-2c49-412a-b69d-08debce109a1.avi,video,datasets/HyperKvasir/hyper-kvasir-videos/hyper-kvasir-videos/videos,-1,False,False,False,train,datasets/HyperKvasir/hyper-kvasir-videos/hyper-kvasir-videos/videos/fccd29c9-2c49-412a-b69d-08debce109a1.avi,gi
HyperKvasir,hyper-kvasir-videos\hyper-kvasir-videos\videos\fdb16408-bc2c-4a65-b9d0-0ff5bfcd8b37.avi,video,datasets/HyperKvasir/hyper-kvasir-videos/hyper-kvasir-videos/videos,-1,False,False,False,train,datasets/HyperKvasir/hyper-kvasir-videos/hyper-kvasir-videos/videos/fdb16408-bc2c-4a65-b9d0-0ff5bfcd8b37.avi,gi
HyperKvasir,hyper-kvasir-videos\hyper-kvasir-videos\videos\fdc86898-0f25-4c44-959b-0526786f1968.avi,video,datasets/HyperKvasir/hyper-kvasir-videos/hyper-kvasir-videos/videos,-1,False,False,False,train,datasets/HyperKvasir/hyper-kvasir-videos/hyper-kvasir-videos/videos/fdc86898-0f25-4c44-959b-0526786f1968.avi,gi
HyperKvasir,hyper-kvasir-videos\hyper-kvasir-videos\videos\fdcc21a4-0c91-446f-98b4-197fe7c6891c.avi,video,datasets/HyperKvasir/hyper-kvasir-videos/hyper-kvasir-videos/videos,-1,False,False,False,train,datasets/HyperKvasir/hyper-kvasir-videos/hyper-kvasir-videos/videos/fdcc21a4-0c91-446f-98b4-197fe7c6891c.avi,gi
HyperKvasir,hyper-kvasir-videos\hyper-kvasir-videos\videos\fe683132-a4c7-4254-93ff-6fe44524cf53.avi,video,datasets/HyperKvasir/hyper-kvasir-videos/hyper-kvasir-videos/videos,-1,False,False,False,train,datasets/HyperKvasir/hyper-kvasir-videos/hyper-kvasir-videos/videos/fe683132-a4c7-4254-93ff-6fe44524cf53.avi,gi
HyperKvasir,hyper-kvasir-labeled-images\labeled-images\lower-gi-tract\anatomical-landmarks\cecum,rgb,datasets/HyperKvasir/hyper-kvasir-labeled-images/labeled-images/lower-gi-tract/anatomical-landmarks/cecum,1009,False,False,False,train,datasets/HyperKvasir/hyper-kvasir-labeled-images/labeled-images/lower-gi-tract/anatomical-landmarks/cecum/000e3fee-7f5c-4819-9f9c-4c983b68888a.jpg,gi
HyperKvasir,hyper-kvasir-labeled-images\labeled-images\lower-gi-tract\anatomical-landmarks\ileum,rgb,datasets/HyperKvasir/hyper-kvasir-labeled-images/labeled-images/lower-gi-tract/anatomical-landmarks/ileum,9,False,False,False,train,datasets/HyperKvasir/hyper-kvasir-labeled-images/labeled-images/lower-gi-tract/anatomical-landmarks/ileum/055d0a29-54d8-44fb-b6be-d3525085677b.jpg,gi
HyperKvasir,hyper-kvasir-labeled-images\labeled-images\lower-gi-tract\anatomical-landmarks\retroflex-rectum,rgb,datasets/HyperKvasir/hyper-kvasir-labeled-images/labeled-images/lower-gi-tract/anatomical-landmarks/retroflex-rectum,391,False,False,False,train,datasets/HyperKvasir/hyper-kvasir-labeled-images/labeled-images/lower-gi-tract/anatomical-landmarks/retroflex-rectum/02a52e87-412c-4a86-b7af-5f06bb429bc7.jpg,gi
HyperKvasir,hyper-kvasir-labeled-images\labeled-images\lower-gi-tract\pathological-findings\hemorrhoids,rgb,datasets/HyperKvasir/hyper-kvasir-labeled-images/labeled-images/lower-gi-tract/pathological-findings/hemorrhoids,6,False,False,False,train,datasets/HyperKvasir/hyper-kvasir-labeled-images/labeled-images/lower-gi-tract/pathological-findings/hemorrhoids/01577b97-7e95-48a9-b722-0da9d2cca313.jpg,gi
HyperKvasir,hyper-kvasir-labeled-images\labeled-images\lower-gi-tract\pathological-findings\polyps,rgb,datasets/HyperKvasir/hyper-kvasir-labeled-images/labeled-images/lower-gi-tract/pathological-findings/polyps,1028,False,False,False,train,datasets/HyperKvasir/hyper-kvasir-labeled-images/labeled-images/lower-gi-tract/pathological-findings/polyps/0004a718-546c-41c2-9c69-c4685093a039.jpg,gi
HyperKvasir,hyper-kvasir-labeled-images\labeled-images\lower-gi-tract\pathological-findings\ulcerative-colitis-grade-0-1,rgb,datasets/HyperKvasir/hyper-kvasir-labeled-images/labeled-images/lower-gi-tract/pathological-findings/ulcerative-colitis-grade-0-1,35,False,False,False,train,datasets/HyperKvasir/hyper-kvasir-labeled-images/labeled-images/lower-gi-tract/pathological-findings/ulcerative-colitis-grade-0-1/1fda887e-e41c-4879-8581-3b3668da4ae2.jpg,gi
HyperKvasir,hyper-kvasir-labeled-images\labeled-images\lower-gi-tract\pathological-findings\ulcerative-colitis-grade-1,rgb,datasets/HyperKvasir/hyper-kvasir-labeled-images/labeled-images/lower-gi-tract/pathological-findings/ulcerative-colitis-grade-1,201,False,False,False,train,datasets/HyperKvasir/hyper-kvasir-labeled-images/labeled-images/lower-gi-tract/pathological-findings/ulcerative-colitis-grade-1/04716ed9-4ce3-488a-ae00-43df139ca3b5.jpg,gi
HyperKvasir,hyper-kvasir-labeled-images\labeled-images\lower-gi-tract\pathological-findings\ulcerative-colitis-grade-1-2,rgb,datasets/HyperKvasir/hyper-kvasir-labeled-images/labeled-images/lower-gi-tract/pathological-findings/ulcerative-colitis-grade-1-2,11,False,False,False,val,datasets/HyperKvasir/hyper-kvasir-labeled-images/labeled-images/lower-gi-tract/pathological-findings/ulcerative-colitis-grade-1-2/00064260-95ca-47fc-9103-2b526f59fada.jpg,gi
HyperKvasir,hyper-kvasir-labeled-images\labeled-images\lower-gi-tract\pathological-findings\ulcerative-colitis-grade-2,rgb,datasets/HyperKvasir/hyper-kvasir-labeled-images/labeled-images/lower-gi-tract/pathological-findings/ulcerative-colitis-grade-2,443,False,False,False,train,datasets/HyperKvasir/hyper-kvasir-labeled-images/labeled-images/lower-gi-tract/pathological-findings/ulcerative-colitis-grade-2/007bcee7-a272-4e74-b10d-78d4d7816678.jpg,gi
HyperKvasir,hyper-kvasir-labeled-images\labeled-images\lower-gi-tract\pathological-findings\ulcerative-colitis-grade-2-3,rgb,datasets/HyperKvasir/hyper-kvasir-labeled-images/labeled-images/lower-gi-tract/pathological-findings/ulcerative-colitis-grade-2-3,28,False,False,False,train,datasets/HyperKvasir/hyper-kvasir-labeled-images/labeled-images/lower-gi-tract/pathological-findings/ulcerative-colitis-grade-2-3/11da6a48-3762-42c0-86f2-84e8f0243c2f.jpg,gi
HyperKvasir,hyper-kvasir-labeled-images\labeled-images\lower-gi-tract\pathological-findings\ulcerative-colitis-grade-3,rgb,datasets/HyperKvasir/hyper-kvasir-labeled-images/labeled-images/lower-gi-tract/pathological-findings/ulcerative-colitis-grade-3,133,False,False,False,train,datasets/HyperKvasir/hyper-kvasir-labeled-images/labeled-images/lower-gi-tract/pathological-findings/ulcerative-colitis-grade-3/005d713e-b761-4c4e-b1f2-c8f3cd2f86e5.jpg,gi
HyperKvasir,hyper-kvasir-labeled-images\labeled-images\lower-gi-tract\quality-of-mucosal-views\bbps-0-1,rgb,datasets/HyperKvasir/hyper-kvasir-labeled-images/labeled-images/lower-gi-tract/quality-of-mucosal-views/bbps-0-1,646,False,False,False,train,datasets/HyperKvasir/hyper-kvasir-labeled-images/labeled-images/lower-gi-tract/quality-of-mucosal-views/bbps-0-1/00053206-b78e-4acd-b2ef-078130b71b26.jpg,gi
HyperKvasir,hyper-kvasir-labeled-images\labeled-images\lower-gi-tract\quality-of-mucosal-views\bbps-2-3,rgb,datasets/HyperKvasir/hyper-kvasir-labeled-images/labeled-images/lower-gi-tract/quality-of-mucosal-views/bbps-2-3,1148,False,False,False,val,datasets/HyperKvasir/hyper-kvasir-labeled-images/labeled-images/lower-gi-tract/quality-of-mucosal-views/bbps-2-3/000def01-69c7-4bab-a06c-8aee2b233b57.jpg,gi
HyperKvasir,hyper-kvasir-labeled-images\labeled-images\lower-gi-tract\quality-of-mucosal-views\impacted-stool,rgb,datasets/HyperKvasir/hyper-kvasir-labeled-images/labeled-images/lower-gi-tract/quality-of-mucosal-views/impacted-stool,131,False,False,False,train,datasets/HyperKvasir/hyper-kvasir-labeled-images/labeled-images/lower-gi-tract/quality-of-mucosal-views/impacted-stool/011b9803-a7bb-4278-8cd8-44c53dd2508a.jpg,gi
HyperKvasir,hyper-kvasir-labeled-images\labeled-images\lower-gi-tract\therapeutic-interventions\dyed-lifted-polyps,rgb,datasets/HyperKvasir/hyper-kvasir-labeled-images/labeled-images/lower-gi-tract/therapeutic-interventions/dyed-lifted-polyps,1002,False,False,False,train,datasets/HyperKvasir/hyper-kvasir-labeled-images/labeled-images/lower-gi-tract/therapeutic-interventions/dyed-lifted-polyps/003ce964-69ef-4f91-92c7-c33835289c18.jpg,gi
HyperKvasir,hyper-kvasir-labeled-images\labeled-images\lower-gi-tract\therapeutic-interventions\dyed-resection-margins,rgb,datasets/HyperKvasir/hyper-kvasir-labeled-images/labeled-images/lower-gi-tract/therapeutic-interventions/dyed-resection-margins,989,False,False,False,train,datasets/HyperKvasir/hyper-kvasir-labeled-images/labeled-images/lower-gi-tract/therapeutic-interventions/dyed-resection-margins/0016b80d-1d3d-4fe0-ad7c-7a8e369352bb.jpg,gi
HyperKvasir,hyper-kvasir-labeled-images\labeled-images\upper-gi-tract\anatomical-landmarks\pylorus,rgb,datasets/HyperKvasir/hyper-kvasir-labeled-images/labeled-images/upper-gi-tract/anatomical-landmarks/pylorus,999,False,False,False,train,datasets/HyperKvasir/hyper-kvasir-labeled-images/labeled-images/upper-gi-tract/anatomical-landmarks/pylorus/000cd4cc-0e53-46e5-ba6c-bdcdb8e5b20e.jpg,gi
HyperKvasir,hyper-kvasir-labeled-images\labeled-images\upper-gi-tract\anatomical-landmarks\retroflex-stomach,rgb,datasets/HyperKvasir/hyper-kvasir-labeled-images/labeled-images/upper-gi-tract/anatomical-landmarks/retroflex-stomach,764,False,False,False,train,datasets/HyperKvasir/hyper-kvasir-labeled-images/labeled-images/upper-gi-tract/anatomical-landmarks/retroflex-stomach/005f1aa1-cfc7-4a68-b7d3-080eea906784.jpg,gi
HyperKvasir,hyper-kvasir-labeled-images\labeled-images\upper-gi-tract\anatomical-landmarks\z-line,rgb,datasets/HyperKvasir/hyper-kvasir-labeled-images/labeled-images/upper-gi-tract/anatomical-landmarks/z-line,932,False,False,False,train,datasets/HyperKvasir/hyper-kvasir-labeled-images/labeled-images/upper-gi-tract/anatomical-landmarks/z-line/001dcfa9-0cac-4b07-9cec-bc70944cd4d3.jpg,gi
HyperKvasir,hyper-kvasir-labeled-images\labeled-images\upper-gi-tract\pathological-findings\barretts,rgb,datasets/HyperKvasir/hyper-kvasir-labeled-images/labeled-images/upper-gi-tract/pathological-findings/barretts,41,False,True,False,val,datasets/HyperKvasir/hyper-kvasir-labeled-images/labeled-images/upper-gi-tract/pathological-findings/barretts/0033588e-ae3b-4cc0-aa8e-2ac34857c9cb.jpg,gi
HyperKvasir,hyper-kvasir-labeled-images\labeled-images\upper-gi-tract\pathological-findings\esophagitis-a,rgb,datasets/HyperKvasir/hyper-kvasir-labeled-images/labeled-images/upper-gi-tract/pathological-findings/esophagitis-a,403,False,True,False,train,datasets/HyperKvasir/hyper-kvasir-labeled-images/labeled-images/upper-gi-tract/pathological-findings/esophagitis-a/029e4210-dcc0-4350-92e4-9bd075ca31df.jpg,gi
HyperKvasir,hyper-kvasir-labeled-images\labeled-images\upper-gi-tract\pathological-findings\esophagitis-b-d,rgb,datasets/HyperKvasir/hyper-kvasir-labeled-images/labeled-images/upper-gi-tract/pathological-findings/esophagitis-b-d,260,False,True,False,train,datasets/HyperKvasir/hyper-kvasir-labeled-images/labeled-images/upper-gi-tract/pathological-findings/esophagitis-b-d/018fc250-a81a-41c0-83af-0521dc455d26.jpg,gi
HyperKvasir,hyper-kvasir-videos\hyper-kvasir-videos\videos\0220d11b-ab12-4b02-93ce-5d7c205c7043_frames,rgb,datasets/HyperKvasir/hyper-kvasir-videos/hyper-kvasir-videos/videos/0220d11b-ab12-4b02-93ce-5d7c205c7043_frames,98,False,False,False,train,datasets/HyperKvasir/hyper-kvasir-videos/hyper-kvasir-videos/videos/0220d11b-ab12-4b02-93ce-5d7c205c7043_frames/frame_000000.jpg,gi
HyperKvasir,hyper-kvasir-videos\hyper-kvasir-videos\videos\02817e58-22da-4e62-9bc3-a29ba2c14c59_frames,rgb,datasets/HyperKvasir/hyper-kvasir-videos/hyper-kvasir-videos/videos/02817e58-22da-4e62-9bc3-a29ba2c14c59_frames,126,False,False,False,test,datasets/HyperKvasir/hyper-kvasir-videos/hyper-kvasir-videos/videos/02817e58-22da-4e62-9bc3-a29ba2c14c59_frames/frame_000000.jpg,gi
HyperKvasir,hyper-kvasir-videos\hyper-kvasir-videos\videos\057803c8-1a4b-4d65-9cd3-f0fc8968c606_frames,rgb,datasets/HyperKvasir/hyper-kvasir-videos/hyper-kvasir-videos/videos/057803c8-1a4b-4d65-9cd3-f0fc8968c606_frames,251,False,False,False,test,datasets/HyperKvasir/hyper-kvasir-videos/hyper-kvasir-videos/videos/057803c8-1a4b-4d65-9cd3-f0fc8968c606_frames/frame_000000.jpg,gi
HyperKvasir,hyper-kvasir-videos\hyper-kvasir-videos\videos\05a868ca-4a74-49d6-8769-b0d62d828d95_frames,rgb,datasets/HyperKvasir/hyper-kvasir-videos/hyper-kvasir-videos/videos/05a868ca-4a74-49d6-8769-b0d62d828d95_frames,20,False,False,False,val,datasets/HyperKvasir/hyper-kvasir-videos/hyper-kvasir-videos/videos/05a868ca-4a74-49d6-8769-b0d62d828d95_frames/frame_000000.jpg,gi
HyperKvasir,hyper-kvasir-videos\hyper-kvasir-videos\videos\05cf1dbe-08e5-4261-9bb3-28abbd346e2e_frames,rgb,datasets/HyperKvasir/hyper-kvasir-videos/hyper-kvasir-videos/videos/05cf1dbe-08e5-4261-9bb3-28abbd346e2e_frames,251,False,False,False,train,datasets/HyperKvasir/hyper-kvasir-videos/hyper-kvasir-videos/videos/05cf1dbe-08e5-4261-9bb3-28abbd346e2e_frames/frame_000000.jpg,gi
HyperKvasir,hyper-kvasir-videos\hyper-kvasir-videos\videos\061d6094-656d-43a9-86be-1eaae62785d6_frames,rgb,datasets/HyperKvasir/hyper-kvasir-videos/hyper-kvasir-videos/videos/061d6094-656d-43a9-86be-1eaae62785d6_frames,1255,False,False,False,train,datasets/HyperKvasir/hyper-kvasir-videos/hyper-kvasir-videos/videos/061d6094-656d-43a9-86be-1eaae62785d6_frames/frame_000000.jpg,gi
HyperKvasir,hyper-kvasir-videos\hyper-kvasir-videos\videos\0729435b-e613-44a0-87cb-2b5361e8ac84_frames,rgb,datasets/HyperKvasir/hyper-kvasir-videos/hyper-kvasir-videos/videos/0729435b-e613-44a0-87cb-2b5361e8ac84_frames,251,False,False,False,train,datasets/HyperKvasir/hyper-kvasir-videos/hyper-kvasir-videos/videos/0729435b-e613-44a0-87cb-2b5361e8ac84_frames/frame_000000.jpg,gi
HyperKvasir,hyper-kvasir-videos\hyper-kvasir-videos\videos\07bf7341-7ddd-44a0-8b31-36842b8761fa_frames,rgb,datasets/HyperKvasir/hyper-kvasir-videos/hyper-kvasir-videos/videos/07bf7341-7ddd-44a0-8b31-36842b8761fa_frames,176,False,False,False,train,datasets/HyperKvasir/hyper-kvasir-videos/hyper-kvasir-videos/videos/07bf7341-7ddd-44a0-8b31-36842b8761fa_frames/frame_000000.jpg,gi
HyperKvasir,hyper-kvasir-videos\hyper-kvasir-videos\videos\08c26278-0aa6-40e5-9a0e-f02a2ae5e91d_frames,rgb,datasets/HyperKvasir/hyper-kvasir-videos/hyper-kvasir-videos/videos/08c26278-0aa6-40e5-9a0e-f02a2ae5e91d_frames,204,False,False,False,train,datasets/HyperKvasir/hyper-kvasir-videos/hyper-kvasir-videos/videos/08c26278-0aa6-40e5-9a0e-f02a2ae5e91d_frames/frame_000000.jpg,gi
HyperKvasir,hyper-kvasir-videos\hyper-kvasir-videos\videos\09ac4bbb-0dec-496c-bed4-06180c9ed6f7_frames,rgb,datasets/HyperKvasir/hyper-kvasir-videos/hyper-kvasir-videos/videos/09ac4bbb-0dec-496c-bed4-06180c9ed6f7_frames,276,False,False,False,test,datasets/HyperKvasir/hyper-kvasir-videos/hyper-kvasir-videos/videos/09ac4bbb-0dec-496c-bed4-06180c9ed6f7_frames/frame_000000.jpg,gi
HyperKvasir,hyper-kvasir-videos\hyper-kvasir-videos\videos\09bb6b38-f3e3-4c3b-b917-2df57eb3f10b_frames,rgb,datasets/HyperKvasir/hyper-kvasir-videos/hyper-kvasir-videos/videos/09bb6b38-f3e3-4c3b-b917-2df57eb3f10b_frames,251,False,False,False,train,datasets/HyperKvasir/hyper-kvasir-videos/hyper-kvasir-videos/videos/09bb6b38-f3e3-4c3b-b917-2df57eb3f10b_frames/frame_000000.jpg,gi
HyperKvasir,hyper-kvasir-videos\hyper-kvasir-videos\videos\0c35ad30-14c3-4ab9-b60b-b421e568a921_frames,rgb,datasets/HyperKvasir/hyper-kvasir-videos/hyper-kvasir-videos/videos/0c35ad30-14c3-4ab9-b60b-b421e568a921_frames,64,False,False,False,train,datasets/HyperKvasir/hyper-kvasir-videos/hyper-kvasir-videos/videos/0c35ad30-14c3-4ab9-b60b-b421e568a921_frames/frame_000000.jpg,gi
HyperKvasir,hyper-kvasir-videos\hyper-kvasir-videos\videos\0d50b006-c0ad-4e78-9e0e-4d39ba54cdbf_frames,rgb,datasets/HyperKvasir/hyper-kvasir-videos/hyper-kvasir-videos/videos/0d50b006-c0ad-4e78-9e0e-4d39ba54cdbf_frames,150,False,False,False,train,datasets/HyperKvasir/hyper-kvasir-videos/hyper-kvasir-videos/videos/0d50b006-c0ad-4e78-9e0e-4d39ba54cdbf_frames/frame_000000.jpg,gi
HyperKvasir,hyper-kvasir-videos\hyper-kvasir-videos\videos\0df6a544-da6e-42db-97df-393c5bc99441_frames,rgb,datasets/HyperKvasir/hyper-kvasir-videos/hyper-kvasir-videos/videos/0df6a544-da6e-42db-97df-393c5bc99441_frames,252,False,False,False,train,datasets/HyperKvasir/hyper-kvasir-videos/hyper-kvasir-videos/videos/0df6a544-da6e-42db-97df-393c5bc99441_frames/frame_000000.jpg,gi
HyperKvasir,hyper-kvasir-videos\hyper-kvasir-videos\videos\0ecac639-6e57-4bab-8281-9d6feebe9599_frames,rgb,datasets/HyperKvasir/hyper-kvasir-videos/hyper-kvasir-videos/videos/0ecac639-6e57-4bab-8281-9d6feebe9599_frames,61,False,False,False,train,datasets/HyperKvasir/hyper-kvasir-videos/hyper-kvasir-videos/videos/0ecac639-6e57-4bab-8281-9d6feebe9599_frames/frame_000000.jpg,gi
HyperKvasir,hyper-kvasir-videos\hyper-kvasir-videos\videos\11305ea5-389a-46c8-95f3-94a1af84247d_frames,rgb,datasets/HyperKvasir/hyper-kvasir-videos/hyper-kvasir-videos/videos/11305ea5-389a-46c8-95f3-94a1af84247d_frames,56,False,False,False,train,datasets/HyperKvasir/hyper-kvasir-videos/hyper-kvasir-videos/videos/11305ea5-389a-46c8-95f3-94a1af84247d_frames/frame_000000.jpg,gi
HyperKvasir,hyper-kvasir-videos\hyper-kvasir-videos\videos\12b56586-2a80-44e3-b0dd-db1f0b500fe0_frames,rgb,datasets/HyperKvasir/hyper-kvasir-videos/hyper-kvasir-videos/videos/12b56586-2a80-44e3-b0dd-db1f0b500fe0_frames,510,False,False,False,val,datasets/HyperKvasir/hyper-kvasir-videos/hyper-kvasir-videos/videos/12b56586-2a80-44e3-b0dd-db1f0b500fe0_frames/frame_000000.jpg,gi
HyperKvasir,hyper-kvasir-videos\hyper-kvasir-videos\videos\12cfe1ef-ca92-49fe-b8f7-d0571be00580_frames,rgb,datasets/HyperKvasir/hyper-kvasir-videos/hyper-kvasir-videos/videos/12cfe1ef-ca92-49fe-b8f7-d0571be00580_frames,241,False,False,False,train,datasets/HyperKvasir/hyper-kvasir-videos/hyper-kvasir-videos/videos/12cfe1ef-ca92-49fe-b8f7-d0571be00580_frames/frame_000000.jpg,gi
HyperKvasir,hyper-kvasir-videos\hyper-kvasir-videos\videos\12ebca74-2378-4498-b2c1-44e0a3ae9f9f_frames,rgb,datasets/HyperKvasir/hyper-kvasir-videos/hyper-kvasir-videos/videos/12ebca74-2378-4498-b2c1-44e0a3ae9f9f_frames,78,False,False,False,train,datasets/HyperKvasir/hyper-kvasir-videos/hyper-kvasir-videos/videos/12ebca74-2378-4498-b2c1-44e0a3ae9f9f_frames/frame_000000.jpg,gi
HyperKvasir,hyper-kvasir-videos\hyper-kvasir-videos\videos\14873d0e-96bc-464c-869d-78745fa8cb81_frames,rgb,datasets/HyperKvasir/hyper-kvasir-videos/hyper-kvasir-videos/videos/14873d0e-96bc-464c-869d-78745fa8cb81_frames,99,False,False,False,test,datasets/HyperKvasir/hyper-kvasir-videos/hyper-kvasir-videos/videos/14873d0e-96bc-464c-869d-78745fa8cb81_frames/frame_000000.jpg,gi
HyperKvasir,hyper-kvasir-videos\hyper-kvasir-videos\videos\15aba7e4-e314-4b71-b487-0aaf7f05784c_frames,rgb,datasets/HyperKvasir/hyper-kvasir-videos/hyper-kvasir-videos/videos/15aba7e4-e314-4b71-b487-0aaf7f05784c_frames,275,False,False,False,test,datasets/HyperKvasir/hyper-kvasir-videos/hyper-kvasir-videos/videos/15aba7e4-e314-4b71-b487-0aaf7f05784c_frames/frame_000000.jpg,gi
HyperKvasir,hyper-kvasir-videos\hyper-kvasir-videos\videos\15c365ca-a3c1-465b-949a-d2262a086f81_frames,rgb,datasets/HyperKvasir/hyper-kvasir-videos/hyper-kvasir-videos/videos/15c365ca-a3c1-465b-949a-d2262a086f81_frames,232,False,False,False,train,datasets/HyperKvasir/hyper-kvasir-videos/hyper-kvasir-videos/videos/15c365ca-a3c1-465b-949a-d2262a086f81_frames/frame_000000.jpg,gi
HyperKvasir,hyper-kvasir-videos\hyper-kvasir-videos\videos\1604ddda-34c8-4fea-943d-3a05ba83c82e_frames,rgb,datasets/HyperKvasir/hyper-kvasir-videos/hyper-kvasir-videos/videos/1604ddda-34c8-4fea-943d-3a05ba83c82e_frames,251,False,False,False,train,datasets/HyperKvasir/hyper-kvasir-videos/hyper-kvasir-videos/videos/1604ddda-34c8-4fea-943d-3a05ba83c82e_frames/frame_000000.jpg,gi
HyperKvasir,hyper-kvasir-videos\hyper-kvasir-videos\videos\164c76bd-cf72-46f6-a643-ddfecb6448d7_frames,rgb,datasets/HyperKvasir/hyper-kvasir-videos/hyper-kvasir-videos/videos/164c76bd-cf72-46f6-a643-ddfecb6448d7_frames,65,False,False,False,train,datasets/HyperKvasir/hyper-kvasir-videos/hyper-kvasir-videos/videos/164c76bd-cf72-46f6-a643-ddfecb6448d7_frames/frame_000000.jpg,gi
HyperKvasir,hyper-kvasir-videos\hyper-kvasir-videos\videos\16963978-a8e4-4769-a5de-b7585c7323a5_frames,rgb,datasets/HyperKvasir/hyper-kvasir-videos/hyper-kvasir-videos/videos/16963978-a8e4-4769-a5de-b7585c7323a5_frames,38,False,False,False,train,datasets/HyperKvasir/hyper-kvasir-videos/hyper-kvasir-videos/videos/16963978-a8e4-4769-a5de-b7585c7323a5_frames/frame_000000.jpg,gi
HyperKvasir,hyper-kvasir-videos\hyper-kvasir-videos\videos\16e7e461-a9a7-4b04-8d2c-155de3eb1c90_frames,rgb,datasets/HyperKvasir/hyper-kvasir-videos/hyper-kvasir-videos/videos/16e7e461-a9a7-4b04-8d2c-155de3eb1c90_frames,17,False,False,False,train,datasets/HyperKvasir/hyper-kvasir-videos/hyper-kvasir-videos/videos/16e7e461-a9a7-4b04-8d2c-155de3eb1c90_frames/frame_000000.jpg,gi
HyperKvasir,hyper-kvasir-videos\hyper-kvasir-videos\videos\17241dcf-de85-461d-9435-f5134035aacb_frames,rgb,datasets/HyperKvasir/hyper-kvasir-videos/hyper-kvasir-videos/videos/17241dcf-de85-461d-9435-f5134035aacb_frames,27,False,False,False,train,datasets/HyperKvasir/hyper-kvasir-videos/hyper-kvasir-videos/videos/17241dcf-de85-461d-9435-f5134035aacb_frames/frame_000000.jpg,gi
HyperKvasir,hyper-kvasir-videos\hyper-kvasir-videos\videos\17d4f706-b2c0-4d46-9082-92094e6e90fc_frames,rgb,datasets/HyperKvasir/hyper-kvasir-videos/hyper-kvasir-videos/videos/17d4f706-b2c0-4d46-9082-92094e6e90fc_frames,649,False,False,False,train,datasets/HyperKvasir/hyper-kvasir-videos/hyper-kvasir-videos/videos/17d4f706-b2c0-4d46-9082-92094e6e90fc_frames/frame_000000.jpg,gi
HyperKvasir,hyper-kvasir-videos\hyper-kvasir-videos\videos\18399b93-7750-41ca-ad6d-5712d996f039_frames,rgb,datasets/HyperKvasir/hyper-kvasir-videos/hyper-kvasir-videos/videos/18399b93-7750-41ca-ad6d-5712d996f039_frames,17,False,False,False,train,datasets/HyperKvasir/hyper-kvasir-videos/hyper-kvasir-videos/videos/18399b93-7750-41ca-ad6d-5712d996f039_frames/frame_000000.jpg,gi
HyperKvasir,hyper-kvasir-videos\hyper-kvasir-videos\videos\19f60cad-74fb-41a3-83e0-6b4d7f789b3a_frames,rgb,datasets/HyperKvasir/hyper-kvasir-videos/hyper-kvasir-videos/videos/19f60cad-74fb-41a3-83e0-6b4d7f789b3a_frames,195,False,False,False,train,datasets/HyperKvasir/hyper-kvasir-videos/hyper-kvasir-videos/videos/19f60cad-74fb-41a3-83e0-6b4d7f789b3a_frames/frame_000000.jpg,gi
HyperKvasir,hyper-kvasir-videos\hyper-kvasir-videos\videos\1a15b57d-edb2-4c39-b5a7-b85d4e2404bd_frames,rgb,datasets/HyperKvasir/hyper-kvasir-videos/hyper-kvasir-videos/videos/1a15b57d-edb2-4c39-b5a7-b85d4e2404bd_frames,251,False,False,False,train,datasets/HyperKvasir/hyper-kvasir-videos/hyper-kvasir-videos/videos/1a15b57d-edb2-4c39-b5a7-b85d4e2404bd_frames/frame_000000.jpg,gi
HyperKvasir,hyper-kvasir-videos\hyper-kvasir-videos\videos\1c9578a7-d1c3-45bb-9594-e984aa77fddb_frames,rgb,datasets/HyperKvasir/hyper-kvasir-videos/hyper-kvasir-videos/videos/1c9578a7-d1c3-45bb-9594-e984aa77fddb_frames,128,False,False,False,train,datasets/HyperKvasir/hyper-kvasir-videos/hyper-kvasir-videos/videos/1c9578a7-d1c3-45bb-9594-e984aa77fddb_frames/frame_000000.jpg,gi
HyperKvasir,hyper-kvasir-videos\hyper-kvasir-videos\videos\1cd5428d-fd6c-472f-a363-81781a3b91a1_frames,rgb,datasets/HyperKvasir/hyper-kvasir-videos/hyper-kvasir-videos/videos/1cd5428d-fd6c-472f-a363-81781a3b91a1_frames,79,False,False,False,test,datasets/HyperKvasir/hyper-kvasir-videos/hyper-kvasir-videos/videos/1cd5428d-fd6c-472f-a363-81781a3b91a1_frames/frame_000000.jpg,gi
HyperKvasir,hyper-kvasir-videos\hyper-kvasir-videos\videos\1db75715-7c9b-4017-8c3f-389b3d185411_frames,rgb,datasets/HyperKvasir/hyper-kvasir-videos/hyper-kvasir-videos/videos/1db75715-7c9b-4017-8c3f-389b3d185411_frames,1252,False,False,False,train,datasets/HyperKvasir/hyper-kvasir-videos/hyper-kvasir-videos/videos/1db75715-7c9b-4017-8c3f-389b3d185411_frames/frame_000000.jpg,gi
HyperKvasir,hyper-kvasir-videos\hyper-kvasir-videos\videos\1ddbfddd-24e5-41cf-a3c3-bab8e92def55_frames,rgb,datasets/HyperKvasir/hyper-kvasir-videos/hyper-kvasir-videos/videos/1ddbfddd-24e5-41cf-a3c3-bab8e92def55_frames,328,False,False,False,train,datasets/HyperKvasir/hyper-kvasir-videos/hyper-kvasir-videos/videos/1ddbfddd-24e5-41cf-a3c3-bab8e92def55_frames/frame_000000.jpg,gi
HyperKvasir,hyper-kvasir-videos\hyper-kvasir-videos\videos\1de3ef0f-d54d-49e3-98a1-a919c5552a64_frames,rgb,datasets/HyperKvasir/hyper-kvasir-videos/hyper-kvasir-videos/videos/1de3ef0f-d54d-49e3-98a1-a919c5552a64_frames,102,False,False,False,test,datasets/HyperKvasir/hyper-kvasir-videos/hyper-kvasir-videos/videos/1de3ef0f-d54d-49e3-98a1-a919c5552a64_frames/frame_000000.jpg,gi
HyperKvasir,hyper-kvasir-videos\hyper-kvasir-videos\videos\1e2fd8b3-6f22-40bf-bc4b-fc3949897fa0_frames,rgb,datasets/HyperKvasir/hyper-kvasir-videos/hyper-kvasir-videos/videos/1e2fd8b3-6f22-40bf-bc4b-fc3949897fa0_frames,141,False,False,False,train,datasets/HyperKvasir/hyper-kvasir-videos/hyper-kvasir-videos/videos/1e2fd8b3-6f22-40bf-bc4b-fc3949897fa0_frames/frame_000000.jpg,gi
HyperKvasir,hyper-kvasir-videos\hyper-kvasir-videos\videos\1e453eb9-7e7e-4c53-88de-8ed97dc6694c_frames,rgb,datasets/HyperKvasir/hyper-kvasir-videos/hyper-kvasir-videos/videos/1e453eb9-7e7e-4c53-88de-8ed97dc6694c_frames,245,False,False,False,train,datasets/HyperKvasir/hyper-kvasir-videos/hyper-kvasir-videos/videos/1e453eb9-7e7e-4c53-88de-8ed97dc6694c_frames/frame_000000.jpg,gi
HyperKvasir,hyper-kvasir-videos\hyper-kvasir-videos\videos\1e8d4bbe-234c-4610-9093-95d40ea50f33_frames,rgb,datasets/HyperKvasir/hyper-kvasir-videos/hyper-kvasir-videos/videos/1e8d4bbe-234c-4610-9093-95d40ea50f33_frames,758,False,False,False,train,datasets/HyperKvasir/hyper-kvasir-videos/hyper-kvasir-videos/videos/1e8d4bbe-234c-4610-9093-95d40ea50f33_frames/frame_000000.jpg,gi
HyperKvasir,hyper-kvasir-videos\hyper-kvasir-videos\videos\1f17e901-9ba3-4536-abfe-d6a9a039e983_frames,rgb,datasets/HyperKvasir/hyper-kvasir-videos/hyper-kvasir-videos/videos/1f17e901-9ba3-4536-abfe-d6a9a039e983_frames,34,False,False,False,train,datasets/HyperKvasir/hyper-kvasir-videos/hyper-kvasir-videos/videos/1f17e901-9ba3-4536-abfe-d6a9a039e983_frames/frame_000000.jpg,gi
HyperKvasir,hyper-kvasir-videos\hyper-kvasir-videos\videos\1f7821b9-f4e4-4bb1-ae9a-a3d36abf7b6f_frames,rgb,datasets/HyperKvasir/hyper-kvasir-videos/hyper-kvasir-videos/videos/1f7821b9-f4e4-4bb1-ae9a-a3d36abf7b6f_frames,67,False,False,False,train,datasets/HyperKvasir/hyper-kvasir-videos/hyper-kvasir-videos/videos/1f7821b9-f4e4-4bb1-ae9a-a3d36abf7b6f_frames/frame_000000.jpg,gi
HyperKvasir,hyper-kvasir-videos\hyper-kvasir-videos\videos\1f7e03fd-06da-4823-94a6-11293897f545_frames,rgb,datasets/HyperKvasir/hyper-kvasir-videos/hyper-kvasir-videos/videos/1f7e03fd-06da-4823-94a6-11293897f545_frames,187,False,False,False,test,datasets/HyperKvasir/hyper-kvasir-videos/hyper-kvasir-videos/videos/1f7e03fd-06da-4823-94a6-11293897f545_frames/frame_000000.jpg,gi
HyperKvasir,hyper-kvasir-videos\hyper-kvasir-videos\videos\1fe787f4-b316-4f7e-a1bc-c6ad001f4b1c_frames,rgb,datasets/HyperKvasir/hyper-kvasir-videos/hyper-kvasir-videos/videos/1fe787f4-b316-4f7e-a1bc-c6ad001f4b1c_frames,121,False,False,False,train,datasets/HyperKvasir/hyper-kvasir-videos/hyper-kvasir-videos/videos/1fe787f4-b316-4f7e-a1bc-c6ad001f4b1c_frames/frame_000000.jpg,gi
HyperKvasir,hyper-kvasir-videos\hyper-kvasir-videos\videos\20be5f51-60c9-4d65-bc4a-1fbd3197c0ef_frames,rgb,datasets/HyperKvasir/hyper-kvasir-videos/hyper-kvasir-videos/videos/20be5f51-60c9-4d65-bc4a-1fbd3197c0ef_frames,48,False,False,False,train,datasets/HyperKvasir/hyper-kvasir-videos/hyper-kvasir-videos/videos/20be5f51-60c9-4d65-bc4a-1fbd3197c0ef_frames/frame_000000.jpg,gi
HyperKvasir,hyper-kvasir-videos\hyper-kvasir-videos\videos\20cdb729-afeb-42c2-b478-b54e24221ecd_frames,rgb,datasets/HyperKvasir/hyper-kvasir-videos/hyper-kvasir-videos/videos/20cdb729-afeb-42c2-b478-b54e24221ecd_frames,114,False,False,False,train,datasets/HyperKvasir/hyper-kvasir-videos/hyper-kvasir-videos/videos/20cdb729-afeb-42c2-b478-b54e24221ecd_frames/frame_000000.jpg,gi
HyperKvasir,hyper-kvasir-videos\hyper-kvasir-videos\videos\211cd51d-d11a-4725-8772-97447201e9dd_frames,rgb,datasets/HyperKvasir/hyper-kvasir-videos/hyper-kvasir-videos/videos/211cd51d-d11a-4725-8772-97447201e9dd_frames,150,False,False,False,train,datasets/HyperKvasir/hyper-kvasir-videos/hyper-kvasir-videos/videos/211cd51d-d11a-4725-8772-97447201e9dd_frames/frame_000000.jpg,gi
HyperKvasir,hyper-kvasir-videos\hyper-kvasir-videos\videos\226ad7b7-00bd-4679-8a7a-bc7c07f0dc51_frames,rgb,datasets/HyperKvasir/hyper-kvasir-videos/hyper-kvasir-videos/videos/226ad7b7-00bd-4679-8a7a-bc7c07f0dc51_frames,45,False,False,False,train,datasets/HyperKvasir/hyper-kvasir-videos/hyper-kvasir-videos/videos/226ad7b7-00bd-4679-8a7a-bc7c07f0dc51_frames/frame_000000.jpg,gi
HyperKvasir,hyper-kvasir-videos\hyper-kvasir-videos\videos\2330e8a9-3238-4e3f-8d77-0d6ff5dbc0f1_frames,rgb,datasets/HyperKvasir/hyper-kvasir-videos/hyper-kvasir-videos/videos/2330e8a9-3238-4e3f-8d77-0d6ff5dbc0f1_frames,740,False,False,False,test,datasets/HyperKvasir/hyper-kvasir-videos/hyper-kvasir-videos/videos/2330e8a9-3238-4e3f-8d77-0d6ff5dbc0f1_frames/frame_000000.jpg,gi
HyperKvasir,hyper-kvasir-videos\hyper-kvasir-videos\videos\234a1785-c3b2-427d-aee2-0ec0eb184cb4_frames,rgb,datasets/HyperKvasir/hyper-kvasir-videos/hyper-kvasir-videos/videos/234a1785-c3b2-427d-aee2-0ec0eb184cb4_frames,140,False,False,False,train,datasets/HyperKvasir/hyper-kvasir-videos/hyper-kvasir-videos/videos/234a1785-c3b2-427d-aee2-0ec0eb184cb4_frames/frame_000000.jpg,gi
HyperKvasir,hyper-kvasir-videos\hyper-kvasir-videos\videos\2383d344-9474-448b-a0b3-f9aa173954cc_frames,rgb,datasets/HyperKvasir/hyper-kvasir-videos/hyper-kvasir-videos/videos/2383d344-9474-448b-a0b3-f9aa173954cc_frames,102,False,False,False,test,datasets/HyperKvasir/hyper-kvasir-videos/hyper-kvasir-videos/videos/2383d344-9474-448b-a0b3-f9aa173954cc_frames/frame_000000.jpg,gi
HyperKvasir,hyper-kvasir-videos\hyper-kvasir-videos\videos\2446bb8b-454f-409a-ae5a-ff5ad5fb2409_frames,rgb,datasets/HyperKvasir/hyper-kvasir-videos/hyper-kvasir-videos/videos/2446bb8b-454f-409a-ae5a-ff5ad5fb2409_frames,5,False,False,False,test,datasets/HyperKvasir/hyper-kvasir-videos/hyper-kvasir-videos/videos/2446bb8b-454f-409a-ae5a-ff5ad5fb2409_frames/frame_000000.jpg,gi
HyperKvasir,hyper-kvasir-videos\hyper-kvasir-videos\videos\25290d81-fa23-40f3-afe0-a7ad85003e9f_frames,rgb,datasets/HyperKvasir/hyper-kvasir-videos/hyper-kvasir-videos/videos/25290d81-fa23-40f3-afe0-a7ad85003e9f_frames,171,False,False,False,test,datasets/HyperKvasir/hyper-kvasir-videos/hyper-kvasir-videos/videos/25290d81-fa23-40f3-afe0-a7ad85003e9f_frames/frame_000000.jpg,gi
HyperKvasir,hyper-kvasir-videos\hyper-kvasir-videos\videos\26833e6c-e275-4a47-9cc8-cdcfd4bb7073_frames,rgb,datasets/HyperKvasir/hyper-kvasir-videos/hyper-kvasir-videos/videos/26833e6c-e275-4a47-9cc8-cdcfd4bb7073_frames,249,False,False,False,train,datasets/HyperKvasir/hyper-kvasir-videos/hyper-kvasir-videos/videos/26833e6c-e275-4a47-9cc8-cdcfd4bb7073_frames/frame_000000.jpg,gi
HyperKvasir,hyper-kvasir-videos\hyper-kvasir-videos\videos\26c197fc-9b0a-47da-a44c-4cff4ed3b95d_frames,rgb,datasets/HyperKvasir/hyper-kvasir-videos/hyper-kvasir-videos/videos/26c197fc-9b0a-47da-a44c-4cff4ed3b95d_frames,996,False,False,False,val,datasets/HyperKvasir/hyper-kvasir-videos/hyper-kvasir-videos/videos/26c197fc-9b0a-47da-a44c-4cff4ed3b95d_frames/frame_000000.jpg,gi
HyperKvasir,hyper-kvasir-videos\hyper-kvasir-videos\videos\27dd21a7-a8b1-4220-855a-ce397ceb6261_frames,rgb,datasets/HyperKvasir/hyper-kvasir-videos/hyper-kvasir-videos/videos/27dd21a7-a8b1-4220-855a-ce397ceb6261_frames,1252,False,False,False,train,datasets/HyperKvasir/hyper-kvasir-videos/hyper-kvasir-videos/videos/27dd21a7-a8b1-4220-855a-ce397ceb6261_frames/frame_000000.jpg,gi
HyperKvasir,hyper-kvasir-videos\hyper-kvasir-videos\videos\29170a58-50d8-452b-ab39-5e9c641f5ae9_frames,rgb,datasets/HyperKvasir/hyper-kvasir-videos/hyper-kvasir-videos/videos/29170a58-50d8-452b-ab39-5e9c641f5ae9_frames,298,False,False,False,train,datasets/HyperKvasir/hyper-kvasir-videos/hyper-kvasir-videos/videos/29170a58-50d8-452b-ab39-5e9c641f5ae9_frames/frame_000000.jpg,gi
HyperKvasir,hyper-kvasir-videos\hyper-kvasir-videos\videos\29c2db01-5525-4fff-8768-40a8b6fa5f4d_frames,rgb,datasets/HyperKvasir/hyper-kvasir-videos/hyper-kvasir-videos/videos/29c2db01-5525-4fff-8768-40a8b6fa5f4d_frames,97,False,False,False,train,datasets/HyperKvasir/hyper-kvasir-videos/hyper-kvasir-videos/videos/29c2db01-5525-4fff-8768-40a8b6fa5f4d_frames/frame_000000.jpg,gi
HyperKvasir,hyper-kvasir-videos\hyper-kvasir-videos\videos\29ce8d04-c184-42fa-ac05-322d3a2d37bd_frames,rgb,datasets/HyperKvasir/hyper-kvasir-videos/hyper-kvasir-videos/videos/29ce8d04-c184-42fa-ac05-322d3a2d37bd_frames,12,False,False,False,train,datasets/HyperKvasir/hyper-kvasir-videos/hyper-kvasir-videos/videos/29ce8d04-c184-42fa-ac05-322d3a2d37bd_frames/frame_000000.jpg,gi
HyperKvasir,hyper-kvasir-videos\hyper-kvasir-videos\videos\2a200509-e1d3-46bd-8ae7-7fb1a8491709_frames,rgb,datasets/HyperKvasir/hyper-kvasir-videos/hyper-kvasir-videos/videos/2a200509-e1d3-46bd-8ae7-7fb1a8491709_frames,337,False,False,False,train,datasets/HyperKvasir/hyper-kvasir-videos/hyper-kvasir-videos/videos/2a200509-e1d3-46bd-8ae7-7fb1a8491709_frames/frame_000000.jpg,gi
HyperKvasir,hyper-kvasir-videos\hyper-kvasir-videos\videos\2ad8b6ac-7f77-430b-91be-6f5a6b2adaff_frames,rgb,datasets/HyperKvasir/hyper-kvasir-videos/hyper-kvasir-videos/videos/2ad8b6ac-7f77-430b-91be-6f5a6b2adaff_frames,159,False,False,False,train,datasets/HyperKvasir/hyper-kvasir-videos/hyper-kvasir-videos/videos/2ad8b6ac-7f77-430b-91be-6f5a6b2adaff_frames/frame_000000.jpg,gi
HyperKvasir,hyper-kvasir-videos\hyper-kvasir-videos\videos\2b666ea0-1f01-4856-8ff4-a17fe7e9842b_frames,rgb,datasets/HyperKvasir/hyper-kvasir-videos/hyper-kvasir-videos/videos/2b666ea0-1f01-4856-8ff4-a17fe7e9842b_frames,181,False,False,False,train,datasets/HyperKvasir/hyper-kvasir-videos/hyper-kvasir-videos/videos/2b666ea0-1f01-4856-8ff4-a17fe7e9842b_frames/frame_000000.jpg,gi
HyperKvasir,hyper-kvasir-videos\hyper-kvasir-videos\videos\2b80a3ae-e457-484d-955f-c2295de44bff_frames,rgb,datasets/HyperKvasir/hyper-kvasir-videos/hyper-kvasir-videos/videos/2b80a3ae-e457-484d-955f-c2295de44bff_frames,134,False,False,False,train,datasets/HyperKvasir/hyper-kvasir-videos/hyper-kvasir-videos/videos/2b80a3ae-e457-484d-955f-c2295de44bff_frames/frame_000000.jpg,gi
HyperKvasir,hyper-kvasir-videos\hyper-kvasir-videos\videos\2bf8d4ba-356a-4d3e-bc30-27e52d661670_frames,rgb,datasets/HyperKvasir/hyper-kvasir-videos/hyper-kvasir-videos/videos/2bf8d4ba-356a-4d3e-bc30-27e52d661670_frames,251,False,False,False,val,datasets/HyperKvasir/hyper-kvasir-videos/hyper-kvasir-videos/videos/2bf8d4ba-356a-4d3e-bc30-27e52d661670_frames/frame_000000.jpg,gi
HyperKvasir,hyper-kvasir-videos\hyper-kvasir-videos\videos\2eb34265-6359-4233-bdbb-71f3389e220a_frames,rgb,datasets/HyperKvasir/hyper-kvasir-videos/hyper-kvasir-videos/videos/2eb34265-6359-4233-bdbb-71f3389e220a_frames,232,False,False,False,train,datasets/HyperKvasir/hyper-kvasir-videos/hyper-kvasir-videos/videos/2eb34265-6359-4233-bdbb-71f3389e220a_frames/frame_000000.jpg,gi
HyperKvasir,hyper-kvasir-videos\hyper-kvasir-videos\videos\2f27d098-5f58-41b1-90ec-7ac7d34699a7_frames,rgb,datasets/HyperKvasir/hyper-kvasir-videos/hyper-kvasir-videos/videos/2f27d098-5f58-41b1-90ec-7ac7d34699a7_frames,76,False,False,False,train,datasets/HyperKvasir/hyper-kvasir-videos/hyper-kvasir-videos/videos/2f27d098-5f58-41b1-90ec-7ac7d34699a7_frames/frame_000000.jpg,gi
HyperKvasir,hyper-kvasir-videos\hyper-kvasir-videos\videos\2f5b66de-6073-47ac-a266-7b7307dcab3e_frames,rgb,datasets/HyperKvasir/hyper-kvasir-videos/hyper-kvasir-videos/videos/2f5b66de-6073-47ac-a266-7b7307dcab3e_frames,251,False,False,False,train,datasets/HyperKvasir/hyper-kvasir-videos/hyper-kvasir-videos/videos/2f5b66de-6073-47ac-a266-7b7307dcab3e_frames/frame_000000.jpg,gi
HyperKvasir,hyper-kvasir-videos\hyper-kvasir-videos\videos\30bee289-c6ba-46c1-bb6a-4b3cf231b3aa_frames,rgb,datasets/HyperKvasir/hyper-kvasir-videos/hyper-kvasir-videos/videos/30bee289-c6ba-46c1-bb6a-4b3cf231b3aa_frames,251,False,False,False,test,datasets/HyperKvasir/hyper-kvasir-videos/hyper-kvasir-videos/videos/30bee289-c6ba-46c1-bb6a-4b3cf231b3aa_frames/frame_000000.jpg,gi
HyperKvasir,hyper-kvasir-videos\hyper-kvasir-videos\videos\30cc095b-4ce7-442e-814a-3014daa3c71a_frames,rgb,datasets/HyperKvasir/hyper-kvasir-videos/hyper-kvasir-videos/videos/30cc095b-4ce7-442e-814a-3014daa3c71a_frames,106,False,False,False,train,datasets/HyperKvasir/hyper-kvasir-videos/hyper-kvasir-videos/videos/30cc095b-4ce7-442e-814a-3014daa3c71a_frames/frame_000000.jpg,gi
HyperKvasir,hyper-kvasir-videos\hyper-kvasir-videos\videos\3111f67f-9081-4d11-8e27-61b56aebd727_frames,rgb,datasets/HyperKvasir/hyper-kvasir-videos/hyper-kvasir-videos/videos/3111f67f-9081-4d11-8e27-61b56aebd727_frames,251,False,False,False,train,datasets/HyperKvasir/hyper-kvasir-videos/hyper-kvasir-videos/videos/3111f67f-9081-4d11-8e27-61b56aebd727_frames/frame_000000.jpg,gi
HyperKvasir,hyper-kvasir-videos\hyper-kvasir-videos\videos\31573497-b434-4c27-86ba-a53a65d5f9ce_frames,rgb,datasets/HyperKvasir/hyper-kvasir-videos/hyper-kvasir-videos/videos/31573497-b434-4c27-86ba-a53a65d5f9ce_frames,1251,False,False,False,val,datasets/HyperKvasir/hyper-kvasir-videos/hyper-kvasir-videos/videos/31573497-b434-4c27-86ba-a53a65d5f9ce_frames/frame_000000.jpg,gi
HyperKvasir,hyper-kvasir-videos\hyper-kvasir-videos\videos\31b7276b-da32-4ea4-ac8c-f8ebdb62931f_frames,rgb,datasets/HyperKvasir/hyper-kvasir-videos/hyper-kvasir-videos/videos/31b7276b-da32-4ea4-ac8c-f8ebdb62931f_frames,28,False,False,False,train,datasets/HyperKvasir/hyper-kvasir-videos/hyper-kvasir-videos/videos/31b7276b-da32-4ea4-ac8c-f8ebdb62931f_frames/frame_000000.jpg,gi
HyperKvasir,hyper-kvasir-videos\hyper-kvasir-videos\videos\33143cb2-a5ef-4bab-b25e-148a8076e5dd_frames,rgb,datasets/HyperKvasir/hyper-kvasir-videos/hyper-kvasir-videos/videos/33143cb2-a5ef-4bab-b25e-148a8076e5dd_frames,1251,False,False,False,train,datasets/HyperKvasir/hyper-kvasir-videos/hyper-kvasir-videos/videos/33143cb2-a5ef-4bab-b25e-148a8076e5dd_frames/frame_000000.jpg,gi
HyperKvasir,hyper-kvasir-videos\hyper-kvasir-videos\videos\344e28c1-90cc-4f7f-afa9-165e1688840f_frames,rgb,datasets/HyperKvasir/hyper-kvasir-videos/hyper-kvasir-videos/videos/344e28c1-90cc-4f7f-afa9-165e1688840f_frames,38,False,False,False,train,datasets/HyperKvasir/hyper-kvasir-videos/hyper-kvasir-videos/videos/344e28c1-90cc-4f7f-afa9-165e1688840f_frames/frame_000000.jpg,gi
HyperKvasir,hyper-kvasir-videos\hyper-kvasir-videos\videos\36350ec5-b735-4f44-89d7-c9e24c1bb773_frames,rgb,datasets/HyperKvasir/hyper-kvasir-videos/hyper-kvasir-videos/videos/36350ec5-b735-4f44-89d7-c9e24c1bb773_frames,89,False,False,False,train,datasets/HyperKvasir/hyper-kvasir-videos/hyper-kvasir-videos/videos/36350ec5-b735-4f44-89d7-c9e24c1bb773_frames/frame_000000.jpg,gi
HyperKvasir,hyper-kvasir-videos\hyper-kvasir-videos\videos\36bf21be-04ae-4b64-9d41-4f234300f3d1_frames,rgb,datasets/HyperKvasir/hyper-kvasir-videos/hyper-kvasir-videos/videos/36bf21be-04ae-4b64-9d41-4f234300f3d1_frames,251,False,False,False,train,datasets/HyperKvasir/hyper-kvasir-videos/hyper-kvasir-videos/videos/36bf21be-04ae-4b64-9d41-4f234300f3d1_frames/frame_000000.jpg,gi
HyperKvasir,hyper-kvasir-videos\hyper-kvasir-videos\videos\3743a8c9-998c-4e9a-91d0-2dcf3ed03ac5_frames,rgb,datasets/HyperKvasir/hyper-kvasir-videos/hyper-kvasir-videos/videos/3743a8c9-998c-4e9a-91d0-2dcf3ed03ac5_frames,328,False,False,False,train,datasets/HyperKvasir/hyper-kvasir-videos/hyper-kvasir-videos/videos/3743a8c9-998c-4e9a-91d0-2dcf3ed03ac5_frames/frame_000000.jpg,gi
HyperKvasir,hyper-kvasir-videos\hyper-kvasir-videos\videos\37ecf2c6-5805-451b-b384-cb4f497d21fc_frames,rgb,datasets/HyperKvasir/hyper-kvasir-videos/hyper-kvasir-videos/videos/37ecf2c6-5805-451b-b384-cb4f497d21fc_frames,251,False,False,False,train,datasets/HyperKvasir/hyper-kvasir-videos/hyper-kvasir-videos/videos/37ecf2c6-5805-451b-b384-cb4f497d21fc_frames/frame_000000.jpg,gi
HyperKvasir,hyper-kvasir-videos\hyper-kvasir-videos\videos\3887da5f-0673-4769-84b0-e67fcddf1630_frames,rgb,datasets/HyperKvasir/hyper-kvasir-videos/hyper-kvasir-videos/videos/3887da5f-0673-4769-84b0-e67fcddf1630_frames,241,False,False,False,train,datasets/HyperKvasir/hyper-kvasir-videos/hyper-kvasir-videos/videos/3887da5f-0673-4769-84b0-e67fcddf1630_frames/frame_000000.jpg,gi
HyperKvasir,hyper-kvasir-videos\hyper-kvasir-videos\videos\39de6fcf-d914-4c88-87d6-f0d11d865fd2_frames,rgb,datasets/HyperKvasir/hyper-kvasir-videos/hyper-kvasir-videos/videos/39de6fcf-d914-4c88-87d6-f0d11d865fd2_frames,254,False,False,False,train,datasets/HyperKvasir/hyper-kvasir-videos/hyper-kvasir-videos/videos/39de6fcf-d914-4c88-87d6-f0d11d865fd2_frames/frame_000000.jpg,gi
HyperKvasir,hyper-kvasir-videos\hyper-kvasir-videos\videos\39f4b14e-ad62-447d-b530-b94a7f225d57_frames,rgb,datasets/HyperKvasir/hyper-kvasir-videos/hyper-kvasir-videos/videos/39f4b14e-ad62-447d-b530-b94a7f225d57_frames,70,False,False,False,val,datasets/HyperKvasir/hyper-kvasir-videos/hyper-kvasir-videos/videos/39f4b14e-ad62-447d-b530-b94a7f225d57_frames/frame_000000.jpg,gi
HyperKvasir,hyper-kvasir-videos\hyper-kvasir-videos\videos\3a7f1bb3-9e72-468a-be4a-35bdbc3a2c5d_frames,rgb,datasets/HyperKvasir/hyper-kvasir-videos/hyper-kvasir-videos/videos/3a7f1bb3-9e72-468a-be4a-35bdbc3a2c5d_frames,251,False,False,False,train,datasets/HyperKvasir/hyper-kvasir-videos/hyper-kvasir-videos/videos/3a7f1bb3-9e72-468a-be4a-35bdbc3a2c5d_frames/frame_000000.jpg,gi
HyperKvasir,hyper-kvasir-videos\hyper-kvasir-videos\videos\3a846710-1570-4ca0-9ff5-dc364b5de079_frames,rgb,datasets/HyperKvasir/hyper-kvasir-videos/hyper-kvasir-videos/videos/3a846710-1570-4ca0-9ff5-dc364b5de079_frames,276,False,False,False,train,datasets/HyperKvasir/hyper-kvasir-videos/hyper-kvasir-videos/videos/3a846710-1570-4ca0-9ff5-dc364b5de079_frames/frame_000000.jpg,gi
HyperKvasir,hyper-kvasir-videos\hyper-kvasir-videos\videos\3ad598c7-d022-4f6d-8cae-b8ab9a87ff76_frames,rgb,datasets/HyperKvasir/hyper-kvasir-videos/hyper-kvasir-videos/videos/3ad598c7-d022-4f6d-8cae-b8ab9a87ff76_frames,251,False,False,False,train,datasets/HyperKvasir/hyper-kvasir-videos/hyper-kvasir-videos/videos/3ad598c7-d022-4f6d-8cae-b8ab9a87ff76_frames/frame_000000.jpg,gi
HyperKvasir,hyper-kvasir-videos\hyper-kvasir-videos\videos\3af11f3a-f8f4-4c47-aab1-da489a443d39_frames,rgb,datasets/HyperKvasir/hyper-kvasir-videos/hyper-kvasir-videos/videos/3af11f3a-f8f4-4c47-aab1-da489a443d39_frames,251,False,False,False,train,datasets/HyperKvasir/hyper-kvasir-videos/hyper-kvasir-videos/videos/3af11f3a-f8f4-4c47-aab1-da489a443d39_frames/frame_000000.jpg,gi
HyperKvasir,hyper-kvasir-videos\hyper-kvasir-videos\videos\3b0fab03-6367-4bff-9272-7ed2ba0dfb31_frames,rgb,datasets/HyperKvasir/hyper-kvasir-videos/hyper-kvasir-videos/videos/3b0fab03-6367-4bff-9272-7ed2ba0dfb31_frames,396,False,False,False,train,datasets/HyperKvasir/hyper-kvasir-videos/hyper-kvasir-videos/videos/3b0fab03-6367-4bff-9272-7ed2ba0dfb31_frames/frame_000000.jpg,gi
HyperKvasir,hyper-kvasir-videos\hyper-kvasir-videos\videos\3c46c5c1-b449-4ecf-8460-42bdf056f270_frames,rgb,datasets/HyperKvasir/hyper-kvasir-videos/hyper-kvasir-videos/videos/3c46c5c1-b449-4ecf-8460-42bdf056f270_frames,117,False,False,False,val,datasets/HyperKvasir/hyper-kvasir-videos/hyper-kvasir-videos/videos/3c46c5c1-b449-4ecf-8460-42bdf056f270_frames/frame_000000.jpg,gi
HyperKvasir,hyper-kvasir-videos\hyper-kvasir-videos\videos\3d25579b-a196-4869-890e-ef9c944e1a95_frames,rgb,datasets/HyperKvasir/hyper-kvasir-videos/hyper-kvasir-videos/videos/3d25579b-a196-4869-890e-ef9c944e1a95_frames,251,False,False,False,train,datasets/HyperKvasir/hyper-kvasir-videos/hyper-kvasir-videos/videos/3d25579b-a196-4869-890e-ef9c944e1a95_frames/frame_000000.jpg,gi
HyperKvasir,hyper-kvasir-videos\hyper-kvasir-videos\videos\3e3a7ac0-4244-46cc-89a1-44ce84dd1ccf_frames,rgb,datasets/HyperKvasir/hyper-kvasir-videos/hyper-kvasir-videos/videos/3e3a7ac0-4244-46cc-89a1-44ce84dd1ccf_frames,108,False,False,False,train,datasets/HyperKvasir/hyper-kvasir-videos/hyper-kvasir-videos/videos/3e3a7ac0-4244-46cc-89a1-44ce84dd1ccf_frames/frame_000000.jpg,gi
HyperKvasir,hyper-kvasir-videos\hyper-kvasir-videos\videos\3e64e5be-1701-4b3c-a0d7-a54c4a57ad7a_frames,rgb,datasets/HyperKvasir/hyper-kvasir-videos/hyper-kvasir-videos/videos/3e64e5be-1701-4b3c-a0d7-a54c4a57ad7a_frames,242,False,False,False,train,datasets/HyperKvasir/hyper-kvasir-videos/hyper-kvasir-videos/videos/3e64e5be-1701-4b3c-a0d7-a54c4a57ad7a_frames/frame_000000.jpg,gi
HyperKvasir,hyper-kvasir-videos\hyper-kvasir-videos\videos\3efa7595-36f6-40a7-8d1f-96a59a069937_frames,rgb,datasets/HyperKvasir/hyper-kvasir-videos/hyper-kvasir-videos/videos/3efa7595-36f6-40a7-8d1f-96a59a069937_frames,89,False,False,False,train,datasets/HyperKvasir/hyper-kvasir-videos/hyper-kvasir-videos/videos/3efa7595-36f6-40a7-8d1f-96a59a069937_frames/frame_000000.jpg,gi
HyperKvasir,hyper-kvasir-videos\hyper-kvasir-videos\videos\3f450a06-3397-48ed-ab27-5bd184af2862_frames,rgb,datasets/HyperKvasir/hyper-kvasir-videos/hyper-kvasir-videos/videos/3f450a06-3397-48ed-ab27-5bd184af2862_frames,4,False,False,False,test,datasets/HyperKvasir/hyper-kvasir-videos/hyper-kvasir-videos/videos/3f450a06-3397-48ed-ab27-5bd184af2862_frames/frame_000000.jpg,gi
HyperKvasir,hyper-kvasir-videos\hyper-kvasir-videos\videos\3f96784d-21ca-4868-a0af-c247628dbaf9_frames,rgb,datasets/HyperKvasir/hyper-kvasir-videos/hyper-kvasir-videos/videos/3f96784d-21ca-4868-a0af-c247628dbaf9_frames,7,False,False,False,train,datasets/HyperKvasir/hyper-kvasir-videos/hyper-kvasir-videos/videos/3f96784d-21ca-4868-a0af-c247628dbaf9_frames/frame_000000.jpg,gi
HyperKvasir,hyper-kvasir-videos\hyper-kvasir-videos\videos\3fbc3436-372d-4665-b092-10b03b4dbd72_frames,rgb,datasets/HyperKvasir/hyper-kvasir-videos/hyper-kvasir-videos/videos/3fbc3436-372d-4665-b092-10b03b4dbd72_frames,203,False,False,False,train,datasets/HyperKvasir/hyper-kvasir-videos/hyper-kvasir-videos/videos/3fbc3436-372d-4665-b092-10b03b4dbd72_frames/frame_000000.jpg,gi
HyperKvasir,hyper-kvasir-videos\hyper-kvasir-videos\videos\41327452-adbd-4745-a833-53ce52b829a5_frames,rgb,datasets/HyperKvasir/hyper-kvasir-videos/hyper-kvasir-videos/videos/41327452-adbd-4745-a833-53ce52b829a5_frames,263,False,False,False,train,datasets/HyperKvasir/hyper-kvasir-videos/hyper-kvasir-videos/videos/41327452-adbd-4745-a833-53ce52b829a5_frames/frame_000000.jpg,gi
HyperKvasir,hyper-kvasir-videos\hyper-kvasir-videos\videos\42158aee-22ca-4e44-84df-4592f58fd43b_frames,rgb,datasets/HyperKvasir/hyper-kvasir-videos/hyper-kvasir-videos/videos/42158aee-22ca-4e44-84df-4592f58fd43b_frames,120,False,False,False,train,datasets/HyperKvasir/hyper-kvasir-videos/hyper-kvasir-videos/videos/42158aee-22ca-4e44-84df-4592f58fd43b_frames/frame_000000.jpg,gi
HyperKvasir,hyper-kvasir-videos\hyper-kvasir-videos\videos\4221b9f9-7fe9-4a5a-a932-88d1e8b1a4f7_frames,rgb,datasets/HyperKvasir/hyper-kvasir-videos/hyper-kvasir-videos/videos/4221b9f9-7fe9-4a5a-a932-88d1e8b1a4f7_frames,251,False,False,False,train,datasets/HyperKvasir/hyper-kvasir-videos/hyper-kvasir-videos/videos/4221b9f9-7fe9-4a5a-a932-88d1e8b1a4f7_frames/frame_000000.jpg,gi
HyperKvasir,hyper-kvasir-videos\hyper-kvasir-videos\videos\43097a1a-6eae-4576-9644-78b01dda088f_frames,rgb,datasets/HyperKvasir/hyper-kvasir-videos/hyper-kvasir-videos/videos/43097a1a-6eae-4576-9644-78b01dda088f_frames,1251,False,False,False,train,datasets/HyperKvasir/hyper-kvasir-videos/hyper-kvasir-videos/videos/43097a1a-6eae-4576-9644-78b01dda088f_frames/frame_000000.jpg,gi
HyperKvasir,hyper-kvasir-videos\hyper-kvasir-videos\videos\44c8c58b-e226-4f10-adf4-b8f91b71c476_frames,rgb,datasets/HyperKvasir/hyper-kvasir-videos/hyper-kvasir-videos/videos/44c8c58b-e226-4f10-adf4-b8f91b71c476_frames,8,False,False,False,train,datasets/HyperKvasir/hyper-kvasir-videos/hyper-kvasir-videos/videos/44c8c58b-e226-4f10-adf4-b8f91b71c476_frames/frame_000000.jpg,gi
HyperKvasir,hyper-kvasir-videos\hyper-kvasir-videos\videos\44f1e701-2d9a-4f25-a5a8-424bb549844d_frames,rgb,datasets/HyperKvasir/hyper-kvasir-videos/hyper-kvasir-videos/videos/44f1e701-2d9a-4f25-a5a8-424bb549844d_frames,129,False,False,False,train,datasets/HyperKvasir/hyper-kvasir-videos/hyper-kvasir-videos/videos/44f1e701-2d9a-4f25-a5a8-424bb549844d_frames/frame_000000.jpg,gi
HyperKvasir,hyper-kvasir-videos\hyper-kvasir-videos\videos\45267af3-9d21-47d7-bc68-08d0ad2a220b_frames,rgb,datasets/HyperKvasir/hyper-kvasir-videos/hyper-kvasir-videos/videos/45267af3-9d21-47d7-bc68-08d0ad2a220b_frames,248,False,False,False,test,datasets/HyperKvasir/hyper-kvasir-videos/hyper-kvasir-videos/videos/45267af3-9d21-47d7-bc68-08d0ad2a220b_frames/frame_000000.jpg,gi
HyperKvasir,hyper-kvasir-videos\hyper-kvasir-videos\videos\4567775b-dc70-41a4-b933-962e5a7f66f3_frames,rgb,datasets/HyperKvasir/hyper-kvasir-videos/hyper-kvasir-videos/videos/4567775b-dc70-41a4-b933-962e5a7f66f3_frames,111,False,False,False,train,datasets/HyperKvasir/hyper-kvasir-videos/hyper-kvasir-videos/videos/4567775b-dc70-41a4-b933-962e5a7f66f3_frames/frame_000000.jpg,gi
HyperKvasir,hyper-kvasir-videos\hyper-kvasir-videos\videos\478400dc-ae29-473a-b464-2b8cfac7c663_frames,rgb,datasets/HyperKvasir/hyper-kvasir-videos/hyper-kvasir-videos/videos/478400dc-ae29-473a-b464-2b8cfac7c663_frames,28,False,False,False,train,datasets/HyperKvasir/hyper-kvasir-videos/hyper-kvasir-videos/videos/478400dc-ae29-473a-b464-2b8cfac7c663_frames/frame_000000.jpg,gi
HyperKvasir,hyper-kvasir-videos\hyper-kvasir-videos\videos\47b890b9-4478-4938-b337-9b3ac84c0193_frames,rgb,datasets/HyperKvasir/hyper-kvasir-videos/hyper-kvasir-videos/videos/47b890b9-4478-4938-b337-9b3ac84c0193_frames,251,False,False,False,train,datasets/HyperKvasir/hyper-kvasir-videos/hyper-kvasir-videos/videos/47b890b9-4478-4938-b337-9b3ac84c0193_frames/frame_000000.jpg,gi
HyperKvasir,hyper-kvasir-videos\hyper-kvasir-videos\videos\47f3be81-c915-40c2-8ff6-bc60264027b2_frames,rgb,datasets/HyperKvasir/hyper-kvasir-videos/hyper-kvasir-videos/videos/47f3be81-c915-40c2-8ff6-bc60264027b2_frames,254,False,False,False,train,datasets/HyperKvasir/hyper-kvasir-videos/hyper-kvasir-videos/videos/47f3be81-c915-40c2-8ff6-bc60264027b2_frames/frame_000000.jpg,gi
HyperKvasir,hyper-kvasir-videos\hyper-kvasir-videos\videos\496f3fe6-b069-47aa-80d0-cfdda1d28fc0_frames,rgb,datasets/HyperKvasir/hyper-kvasir-videos/hyper-kvasir-videos/videos/496f3fe6-b069-47aa-80d0-cfdda1d28fc0_frames,293,False,False,False,train,datasets/HyperKvasir/hyper-kvasir-videos/hyper-kvasir-videos/videos/496f3fe6-b069-47aa-80d0-cfdda1d28fc0_frames/frame_000000.jpg,gi
HyperKvasir,hyper-kvasir-videos\hyper-kvasir-videos\videos\4990b4b7-d5de-42b6-8936-0dba787f8c4f_frames,rgb,datasets/HyperKvasir/hyper-kvasir-videos/hyper-kvasir-videos/videos/4990b4b7-d5de-42b6-8936-0dba787f8c4f_frames,488,False,False,False,train,datasets/HyperKvasir/hyper-kvasir-videos/hyper-kvasir-videos/videos/4990b4b7-d5de-42b6-8936-0dba787f8c4f_frames/frame_000000.jpg,gi
HyperKvasir,hyper-kvasir-videos\hyper-kvasir-videos\videos\4a14697b-86a6-4262-9940-087cee0cef37_frames,rgb,datasets/HyperKvasir/hyper-kvasir-videos/hyper-kvasir-videos/videos/4a14697b-86a6-4262-9940-087cee0cef37_frames,263,False,False,False,train,datasets/HyperKvasir/hyper-kvasir-videos/hyper-kvasir-videos/videos/4a14697b-86a6-4262-9940-087cee0cef37_frames/frame_000000.jpg,gi
HyperKvasir,hyper-kvasir-videos\hyper-kvasir-videos\videos\4b57beb2-5738-4ec5-822b-1b034da9323e_frames,rgb,datasets/HyperKvasir/hyper-kvasir-videos/hyper-kvasir-videos/videos/4b57beb2-5738-4ec5-822b-1b034da9323e_frames,28,False,False,False,train,datasets/HyperKvasir/hyper-kvasir-videos/hyper-kvasir-videos/videos/4b57beb2-5738-4ec5-822b-1b034da9323e_frames/frame_000000.jpg,gi
HyperKvasir,hyper-kvasir-videos\hyper-kvasir-videos\videos\4bc8ab95-7f15-4500-8edc-bc669601815e_frames,rgb,datasets/HyperKvasir/hyper-kvasir-videos/hyper-kvasir-videos/videos/4bc8ab95-7f15-4500-8edc-bc669601815e_frames,909,False,False,False,train,datasets/HyperKvasir/hyper-kvasir-videos/hyper-kvasir-videos/videos/4bc8ab95-7f15-4500-8edc-bc669601815e_frames/frame_000000.jpg,gi
HyperKvasir,hyper-kvasir-videos\hyper-kvasir-videos\videos\4bd5623b-e540-4bb5-94a3-e68e7c3ef258_frames,rgb,datasets/HyperKvasir/hyper-kvasir-videos/hyper-kvasir-videos/videos/4bd5623b-e540-4bb5-94a3-e68e7c3ef258_frames,65,False,False,False,train,datasets/HyperKvasir/hyper-kvasir-videos/hyper-kvasir-videos/videos/4bd5623b-e540-4bb5-94a3-e68e7c3ef258_frames/frame_000000.jpg,gi
HyperKvasir,hyper-kvasir-videos\hyper-kvasir-videos\videos\4c0cae22-4945-4f17-a60b-23688b485d91_frames,rgb,datasets/HyperKvasir/hyper-kvasir-videos/hyper-kvasir-videos/videos/4c0cae22-4945-4f17-a60b-23688b485d91_frames,65,False,False,False,test,datasets/HyperKvasir/hyper-kvasir-videos/hyper-kvasir-videos/videos/4c0cae22-4945-4f17-a60b-23688b485d91_frames/frame_000000.jpg,gi
HyperKvasir,hyper-kvasir-videos\hyper-kvasir-videos\videos\4d7c4da9-41b7-45f0-8cd2-b4c3357425b1_frames,rgb,datasets/HyperKvasir/hyper-kvasir-videos/hyper-kvasir-videos/videos/4d7c4da9-41b7-45f0-8cd2-b4c3357425b1_frames,165,False,False,False,val,datasets/HyperKvasir/hyper-kvasir-videos/hyper-kvasir-videos/videos/4d7c4da9-41b7-45f0-8cd2-b4c3357425b1_frames/frame_000000.jpg,gi
HyperKvasir,hyper-kvasir-videos\hyper-kvasir-videos\videos\4decf13d-754e-4945-ac55-50d170cbed54_frames,rgb,datasets/HyperKvasir/hyper-kvasir-videos/hyper-kvasir-videos/videos/4decf13d-754e-4945-ac55-50d170cbed54_frames,251,False,False,False,train,datasets/HyperKvasir/hyper-kvasir-videos/hyper-kvasir-videos/videos/4decf13d-754e-4945-ac55-50d170cbed54_frames/frame_000000.jpg,gi
HyperKvasir,hyper-kvasir-videos\hyper-kvasir-videos\videos\4f0b1953-4a32-4070-82b4-2d723e80b52c_frames,rgb,datasets/HyperKvasir/hyper-kvasir-videos/hyper-kvasir-videos/videos/4f0b1953-4a32-4070-82b4-2d723e80b52c_frames,1251,False,False,False,train,datasets/HyperKvasir/hyper-kvasir-videos/hyper-kvasir-videos/videos/4f0b1953-4a32-4070-82b4-2d723e80b52c_frames/frame_000000.jpg,gi
HyperKvasir,hyper-kvasir-videos\hyper-kvasir-videos\videos\4f7771f2-3db8-46b4-9d4f-a7852bf90d81_frames,rgb,datasets/HyperKvasir/hyper-kvasir-videos/hyper-kvasir-videos/videos/4f7771f2-3db8-46b4-9d4f-a7852bf90d81_frames,251,False,False,False,test,datasets/HyperKvasir/hyper-kvasir-videos/hyper-kvasir-videos/videos/4f7771f2-3db8-46b4-9d4f-a7852bf90d81_frames/frame_000000.jpg,gi
HyperKvasir,hyper-kvasir-videos\hyper-kvasir-videos\videos\4f809023-fb71-4bf3-94de-8ed7b2d59e46_frames,rgb,datasets/HyperKvasir/hyper-kvasir-videos/hyper-kvasir-videos/videos/4f809023-fb71-4bf3-94de-8ed7b2d59e46_frames,103,False,False,False,train,datasets/HyperKvasir/hyper-kvasir-videos/hyper-kvasir-videos/videos/4f809023-fb71-4bf3-94de-8ed7b2d59e46_frames/frame_000000.jpg,gi
HyperKvasir,hyper-kvasir-videos\hyper-kvasir-videos\videos\512722d1-05f9-4454-a343-7aba1fb462c2_frames,rgb,datasets/HyperKvasir/hyper-kvasir-videos/hyper-kvasir-videos/videos/512722d1-05f9-4454-a343-7aba1fb462c2_frames,202,False,False,False,train,datasets/HyperKvasir/hyper-kvasir-videos/hyper-kvasir-videos/videos/512722d1-05f9-4454-a343-7aba1fb462c2_frames/frame_000000.jpg,gi
HyperKvasir,hyper-kvasir-videos\hyper-kvasir-videos\videos\52cf5162-bdcb-42dc-8ce9-e946c899392c_frames,rgb,datasets/HyperKvasir/hyper-kvasir-videos/hyper-kvasir-videos/videos/52cf5162-bdcb-42dc-8ce9-e946c899392c_frames,1251,False,False,False,train,datasets/HyperKvasir/hyper-kvasir-videos/hyper-kvasir-videos/videos/52cf5162-bdcb-42dc-8ce9-e946c899392c_frames/frame_000000.jpg,gi
HyperKvasir,hyper-kvasir-videos\hyper-kvasir-videos\videos\53eb5f01-b575-4aba-95f2-14161cb69146_frames,rgb,datasets/HyperKvasir/hyper-kvasir-videos/hyper-kvasir-videos/videos/53eb5f01-b575-4aba-95f2-14161cb69146_frames,21,False,False,False,val,datasets/HyperKvasir/hyper-kvasir-videos/hyper-kvasir-videos/videos/53eb5f01-b575-4aba-95f2-14161cb69146_frames/frame_000000.jpg,gi
HyperKvasir,hyper-kvasir-videos\hyper-kvasir-videos\videos\54ae142f-13b2-4f8b-8c3e-1ef19ec82aaa_frames,rgb,datasets/HyperKvasir/hyper-kvasir-videos/hyper-kvasir-videos/videos/54ae142f-13b2-4f8b-8c3e-1ef19ec82aaa_frames,566,False,False,False,train,datasets/HyperKvasir/hyper-kvasir-videos/hyper-kvasir-videos/videos/54ae142f-13b2-4f8b-8c3e-1ef19ec82aaa_frames/frame_000000.jpg,gi
HyperKvasir,hyper-kvasir-videos\hyper-kvasir-videos\videos\5513d718-9a79-474e-8948-1483446b8053_frames,rgb,datasets/HyperKvasir/hyper-kvasir-videos/hyper-kvasir-videos/videos/5513d718-9a79-474e-8948-1483446b8053_frames,232,False,False,False,train,datasets/HyperKvasir/hyper-kvasir-videos/hyper-kvasir-videos/videos/5513d718-9a79-474e-8948-1483446b8053_frames/frame_000000.jpg,gi
HyperKvasir,hyper-kvasir-videos\hyper-kvasir-videos\videos\5633a8e3-e463-48f7-b732-9df1877bc180_frames,rgb,datasets/HyperKvasir/hyper-kvasir-videos/hyper-kvasir-videos/videos/5633a8e3-e463-48f7-b732-9df1877bc180_frames,269,False,False,False,train,datasets/HyperKvasir/hyper-kvasir-videos/hyper-kvasir-videos/videos/5633a8e3-e463-48f7-b732-9df1877bc180_frames/frame_000000.jpg,gi
HyperKvasir,hyper-kvasir-videos\hyper-kvasir-videos\videos\5674e741-1cdb-40be-8888-fa7f3a221b09_frames,rgb,datasets/HyperKvasir/hyper-kvasir-videos/hyper-kvasir-videos/videos/5674e741-1cdb-40be-8888-fa7f3a221b09_frames,145,False,False,False,test,datasets/HyperKvasir/hyper-kvasir-videos/hyper-kvasir-videos/videos/5674e741-1cdb-40be-8888-fa7f3a221b09_frames/frame_000000.jpg,gi
HyperKvasir,hyper-kvasir-videos\hyper-kvasir-videos\videos\584f1fa0-9bb9-49d3-b412-c42819d0a200_frames,rgb,datasets/HyperKvasir/hyper-kvasir-videos/hyper-kvasir-videos/videos/584f1fa0-9bb9-49d3-b412-c42819d0a200_frames,251,False,False,False,train,datasets/HyperKvasir/hyper-kvasir-videos/hyper-kvasir-videos/videos/584f1fa0-9bb9-49d3-b412-c42819d0a200_frames/frame_000000.jpg,gi
HyperKvasir,hyper-kvasir-videos\hyper-kvasir-videos\videos\585b78e1-4bc9-405b-8445-6fbdb89c6f7a_frames,rgb,datasets/HyperKvasir/hyper-kvasir-videos/hyper-kvasir-videos/videos/585b78e1-4bc9-405b-8445-6fbdb89c6f7a_frames,1251,False,False,False,train,datasets/HyperKvasir/hyper-kvasir-videos/hyper-kvasir-videos/videos/585b78e1-4bc9-405b-8445-6fbdb89c6f7a_frames/frame_000000.jpg,gi
HyperKvasir,hyper-kvasir-videos\hyper-kvasir-videos\videos\58bf0b01-3e57-41b0-a13e-52c7b013bfe4_frames,rgb,datasets/HyperKvasir/hyper-kvasir-videos/hyper-kvasir-videos/videos/58bf0b01-3e57-41b0-a13e-52c7b013bfe4_frames,52,False,False,False,train,datasets/HyperKvasir/hyper-kvasir-videos/hyper-kvasir-videos/videos/58bf0b01-3e57-41b0-a13e-52c7b013bfe4_frames/frame_000000.jpg,gi
HyperKvasir,hyper-kvasir-videos\hyper-kvasir-videos\videos\5939a5b2-2972-4f2a-a158-345f3a4a72ae_frames,rgb,datasets/HyperKvasir/hyper-kvasir-videos/hyper-kvasir-videos/videos/5939a5b2-2972-4f2a-a158-345f3a4a72ae_frames,251,False,False,False,train,datasets/HyperKvasir/hyper-kvasir-videos/hyper-kvasir-videos/videos/5939a5b2-2972-4f2a-a158-345f3a4a72ae_frames/frame_000000.jpg,gi
HyperKvasir,hyper-kvasir-videos\hyper-kvasir-videos\videos\598806ae-27a1-47c3-adf2-3f313e3ed7ae_frames,rgb,datasets/HyperKvasir/hyper-kvasir-videos/hyper-kvasir-videos/videos/598806ae-27a1-47c3-adf2-3f313e3ed7ae_frames,247,False,False,False,val,datasets/HyperKvasir/hyper-kvasir-videos/hyper-kvasir-videos/videos/598806ae-27a1-47c3-adf2-3f313e3ed7ae_frames/frame_000000.jpg,gi
HyperKvasir,hyper-kvasir-videos\hyper-kvasir-videos\videos\59b48a78-dec3-4e58-8e1d-978bdc7a78e3_frames,rgb,datasets/HyperKvasir/hyper-kvasir-videos/hyper-kvasir-videos/videos/59b48a78-dec3-4e58-8e1d-978bdc7a78e3_frames,120,False,False,False,test,datasets/HyperKvasir/hyper-kvasir-videos/hyper-kvasir-videos/videos/59b48a78-dec3-4e58-8e1d-978bdc7a78e3_frames/frame_000000.jpg,gi
HyperKvasir,hyper-kvasir-videos\hyper-kvasir-videos\videos\5aebb6b7-2e9d-4454-b0bd-dcacad732950_frames,rgb,datasets/HyperKvasir/hyper-kvasir-videos/hyper-kvasir-videos/videos/5aebb6b7-2e9d-4454-b0bd-dcacad732950_frames,55,False,False,False,train,datasets/HyperKvasir/hyper-kvasir-videos/hyper-kvasir-videos/videos/5aebb6b7-2e9d-4454-b0bd-dcacad732950_frames/frame_000000.jpg,gi
HyperKvasir,hyper-kvasir-videos\hyper-kvasir-videos\videos\5af764dc-dee3-43f3-9e26-46291d1074a1_frames,rgb,datasets/HyperKvasir/hyper-kvasir-videos/hyper-kvasir-videos/videos/5af764dc-dee3-43f3-9e26-46291d1074a1_frames,41,False,False,False,train,datasets/HyperKvasir/hyper-kvasir-videos/hyper-kvasir-videos/videos/5af764dc-dee3-43f3-9e26-46291d1074a1_frames/frame_000000.jpg,gi
HyperKvasir,hyper-kvasir-videos\hyper-kvasir-videos\videos\5b18133d-a1ef-48ee-9de0-dc5d2a84933c_frames,rgb,datasets/HyperKvasir/hyper-kvasir-videos/hyper-kvasir-videos/videos/5b18133d-a1ef-48ee-9de0-dc5d2a84933c_frames,5,False,False,False,train,datasets/HyperKvasir/hyper-kvasir-videos/hyper-kvasir-videos/videos/5b18133d-a1ef-48ee-9de0-dc5d2a84933c_frames/frame_000000.jpg,gi
HyperKvasir,hyper-kvasir-videos\hyper-kvasir-videos\videos\5b2f37fb-8365-4b75-85c1-731e5ce120e6_frames,rgb,datasets/HyperKvasir/hyper-kvasir-videos/hyper-kvasir-videos/videos/5b2f37fb-8365-4b75-85c1-731e5ce120e6_frames,63,False,False,False,train,datasets/HyperKvasir/hyper-kvasir-videos/hyper-kvasir-videos/videos/5b2f37fb-8365-4b75-85c1-731e5ce120e6_frames/frame_000000.jpg,gi
HyperKvasir,hyper-kvasir-videos\hyper-kvasir-videos\videos\5b87e720-5dfa-42b8-95bc-e40202be7404_frames,rgb,datasets/HyperKvasir/hyper-kvasir-videos/hyper-kvasir-videos/videos/5b87e720-5dfa-42b8-95bc-e40202be7404_frames,842,False,False,False,train,datasets/HyperKvasir/hyper-kvasir-videos/hyper-kvasir-videos/videos/5b87e720-5dfa-42b8-95bc-e40202be7404_frames/frame_000000.jpg,gi
HyperKvasir,hyper-kvasir-videos\hyper-kvasir-videos\videos\5c5b3692-51a0-42fc-8836-923448e3b018_frames,rgb,datasets/HyperKvasir/hyper-kvasir-videos/hyper-kvasir-videos/videos/5c5b3692-51a0-42fc-8836-923448e3b018_frames,137,False,False,False,train,datasets/HyperKvasir/hyper-kvasir-videos/hyper-kvasir-videos/videos/5c5b3692-51a0-42fc-8836-923448e3b018_frames/frame_000000.jpg,gi
HyperKvasir,hyper-kvasir-videos\hyper-kvasir-videos\videos\5c812c3f-33e6-4e1a-b708-637e76ab9244_frames,rgb,datasets/HyperKvasir/hyper-kvasir-videos/hyper-kvasir-videos/videos/5c812c3f-33e6-4e1a-b708-637e76ab9244_frames,131,False,False,False,val,datasets/HyperKvasir/hyper-kvasir-videos/hyper-kvasir-videos/videos/5c812c3f-33e6-4e1a-b708-637e76ab9244_frames/frame_000000.jpg,gi
HyperKvasir,hyper-kvasir-videos\hyper-kvasir-videos\videos\5e314451-8923-4906-b6c7-3260ffb0569f_frames,rgb,datasets/HyperKvasir/hyper-kvasir-videos/hyper-kvasir-videos/videos/5e314451-8923-4906-b6c7-3260ffb0569f_frames,199,False,False,False,train,datasets/HyperKvasir/hyper-kvasir-videos/hyper-kvasir-videos/videos/5e314451-8923-4906-b6c7-3260ffb0569f_frames/frame_000000.jpg,gi
HyperKvasir,hyper-kvasir-videos\hyper-kvasir-videos\videos\5e79ea18-19b8-4f8e-bc30-e89b5154dd68_frames,rgb,datasets/HyperKvasir/hyper-kvasir-videos/hyper-kvasir-videos/videos/5e79ea18-19b8-4f8e-bc30-e89b5154dd68_frames,172,False,False,False,train,datasets/HyperKvasir/hyper-kvasir-videos/hyper-kvasir-videos/videos/5e79ea18-19b8-4f8e-bc30-e89b5154dd68_frames/frame_000000.jpg,gi
HyperKvasir,hyper-kvasir-videos\hyper-kvasir-videos\videos\5e9d52cd-7fa1-4a43-bc78-ec6eb8b899ef_frames,rgb,datasets/HyperKvasir/hyper-kvasir-videos/hyper-kvasir-videos/videos/5e9d52cd-7fa1-4a43-bc78-ec6eb8b899ef_frames,165,False,False,False,train,datasets/HyperKvasir/hyper-kvasir-videos/hyper-kvasir-videos/videos/5e9d52cd-7fa1-4a43-bc78-ec6eb8b899ef_frames/frame_000000.jpg,gi
HyperKvasir,hyper-kvasir-videos\hyper-kvasir-videos\videos\5f8f7768-d7c3-4a1f-8628-0b7a47837fff_frames,rgb,datasets/HyperKvasir/hyper-kvasir-videos/hyper-kvasir-videos/videos/5f8f7768-d7c3-4a1f-8628-0b7a47837fff_frames,180,False,False,False,train,datasets/HyperKvasir/hyper-kvasir-videos/hyper-kvasir-videos/videos/5f8f7768-d7c3-4a1f-8628-0b7a47837fff_frames/frame_000000.jpg,gi
HyperKvasir,hyper-kvasir-videos\hyper-kvasir-videos\videos\5f97c2c8-34dc-434d-8bab-c87991621029_frames,rgb,datasets/HyperKvasir/hyper-kvasir-videos/hyper-kvasir-videos/videos/5f97c2c8-34dc-434d-8bab-c87991621029_frames,96,False,False,False,train,datasets/HyperKvasir/hyper-kvasir-videos/hyper-kvasir-videos/videos/5f97c2c8-34dc-434d-8bab-c87991621029_frames/frame_000000.jpg,gi
HyperKvasir,hyper-kvasir-videos\hyper-kvasir-videos\videos\62c0e64d-d893-4695-93e0-43ada5b44e46_frames,rgb,datasets/HyperKvasir/hyper-kvasir-videos/hyper-kvasir-videos/videos/62c0e64d-d893-4695-93e0-43ada5b44e46_frames,165,False,False,False,train,datasets/HyperKvasir/hyper-kvasir-videos/hyper-kvasir-videos/videos/62c0e64d-d893-4695-93e0-43ada5b44e46_frames/frame_000000.jpg,gi
HyperKvasir,hyper-kvasir-videos\hyper-kvasir-videos\videos\63ad3aa7-2194-4ab5-b8d4-25e7f697ed96_frames,rgb,datasets/HyperKvasir/hyper-kvasir-videos/hyper-kvasir-videos/videos/63ad3aa7-2194-4ab5-b8d4-25e7f697ed96_frames,251,False,False,False,train,datasets/HyperKvasir/hyper-kvasir-videos/hyper-kvasir-videos/videos/63ad3aa7-2194-4ab5-b8d4-25e7f697ed96_frames/frame_000000.jpg,gi
HyperKvasir,hyper-kvasir-videos\hyper-kvasir-videos\videos\641ca1ce-2c7f-406c-895f-089e9962eb47_frames,rgb,datasets/HyperKvasir/hyper-kvasir-videos/hyper-kvasir-videos/videos/641ca1ce-2c7f-406c-895f-089e9962eb47_frames,251,False,False,False,train,datasets/HyperKvasir/hyper-kvasir-videos/hyper-kvasir-videos/videos/641ca1ce-2c7f-406c-895f-089e9962eb47_frames/frame_000000.jpg,gi
HyperKvasir,hyper-kvasir-videos\hyper-kvasir-videos\videos\6494dd33-2253-4b0a-9248-b9650aa7a930_frames,rgb,datasets/HyperKvasir/hyper-kvasir-videos/hyper-kvasir-videos/videos/6494dd33-2253-4b0a-9248-b9650aa7a930_frames,218,False,False,False,train,datasets/HyperKvasir/hyper-kvasir-videos/hyper-kvasir-videos/videos/6494dd33-2253-4b0a-9248-b9650aa7a930_frames/frame_000000.jpg,gi
HyperKvasir,hyper-kvasir-videos\hyper-kvasir-videos\videos\654acacf-82cb-4b1a-aca0-f045ccfe30a0_frames,rgb,datasets/HyperKvasir/hyper-kvasir-videos/hyper-kvasir-videos/videos/654acacf-82cb-4b1a-aca0-f045ccfe30a0_frames,52,False,False,False,train,datasets/HyperKvasir/hyper-kvasir-videos/hyper-kvasir-videos/videos/654acacf-82cb-4b1a-aca0-f045ccfe30a0_frames/frame_000000.jpg,gi
HyperKvasir,hyper-kvasir-videos\hyper-kvasir-videos\videos\65f4a966-f6ac-4c71-a2f1-c5428f13ad8b_frames,rgb,datasets/HyperKvasir/hyper-kvasir-videos/hyper-kvasir-videos/videos/65f4a966-f6ac-4c71-a2f1-c5428f13ad8b_frames,101,False,False,False,val,datasets/HyperKvasir/hyper-kvasir-videos/hyper-kvasir-videos/videos/65f4a966-f6ac-4c71-a2f1-c5428f13ad8b_frames/frame_000000.jpg,gi
HyperKvasir,hyper-kvasir-videos\hyper-kvasir-videos\videos\660fb59a-29ce-4aba-b21c-ae9be157ff2e_frames,rgb,datasets/HyperKvasir/hyper-kvasir-videos/hyper-kvasir-videos/videos/660fb59a-29ce-4aba-b21c-ae9be157ff2e_frames,66,False,False,False,train,datasets/HyperKvasir/hyper-kvasir-videos/hyper-kvasir-videos/videos/660fb59a-29ce-4aba-b21c-ae9be157ff2e_frames/frame_000000.jpg,gi
HyperKvasir,hyper-kvasir-videos\hyper-kvasir-videos\videos\6784f92f-286c-4f02-afd2-17ab2d6234a3_frames,rgb,datasets/HyperKvasir/hyper-kvasir-videos/hyper-kvasir-videos/videos/6784f92f-286c-4f02-afd2-17ab2d6234a3_frames,73,False,False,False,train,datasets/HyperKvasir/hyper-kvasir-videos/hyper-kvasir-videos/videos/6784f92f-286c-4f02-afd2-17ab2d6234a3_frames/frame_000000.jpg,gi
HyperKvasir,hyper-kvasir-videos\hyper-kvasir-videos\videos\679e59c9-b1ce-472c-aba9-9bc105a2b67c_frames,rgb,datasets/HyperKvasir/hyper-kvasir-videos/hyper-kvasir-videos/videos/679e59c9-b1ce-472c-aba9-9bc105a2b67c_frames,70,False,False,False,train,datasets/HyperKvasir/hyper-kvasir-videos/hyper-kvasir-videos/videos/679e59c9-b1ce-472c-aba9-9bc105a2b67c_frames/frame_000000.jpg,gi
HyperKvasir,hyper-kvasir-videos\hyper-kvasir-videos\videos\67b70288-3ee0-4a32-a78f-5cec412067e4_frames,rgb,datasets/HyperKvasir/hyper-kvasir-videos/hyper-kvasir-videos/videos/67b70288-3ee0-4a32-a78f-5cec412067e4_frames,552,False,False,False,train,datasets/HyperKvasir/hyper-kvasir-videos/hyper-kvasir-videos/videos/67b70288-3ee0-4a32-a78f-5cec412067e4_frames/frame_000000.jpg,gi
HyperKvasir,hyper-kvasir-videos\hyper-kvasir-videos\videos\67e7ae14-0595-466e-aa7b-9d8a06c59e12_frames,rgb,datasets/HyperKvasir/hyper-kvasir-videos/hyper-kvasir-videos/videos/67e7ae14-0595-466e-aa7b-9d8a06c59e12_frames,74,False,False,False,val,datasets/HyperKvasir/hyper-kvasir-videos/hyper-kvasir-videos/videos/67e7ae14-0595-466e-aa7b-9d8a06c59e12_frames/frame_000000.jpg,gi
HyperKvasir,hyper-kvasir-videos\hyper-kvasir-videos\videos\6822e0ee-9ee2-4408-8c55-3c1030928679_frames,rgb,datasets/HyperKvasir/hyper-kvasir-videos/hyper-kvasir-videos/videos/6822e0ee-9ee2-4408-8c55-3c1030928679_frames,387,False,False,False,train,datasets/HyperKvasir/hyper-kvasir-videos/hyper-kvasir-videos/videos/6822e0ee-9ee2-4408-8c55-3c1030928679_frames/frame_000000.jpg,gi
HyperKvasir,hyper-kvasir-videos\hyper-kvasir-videos\videos\698f130b-41ff-414d-908c-8d8c0f82d4a8_frames,rgb,datasets/HyperKvasir/hyper-kvasir-videos/hyper-kvasir-videos/videos/698f130b-41ff-414d-908c-8d8c0f82d4a8_frames,264,False,False,False,val,datasets/HyperKvasir/hyper-kvasir-videos/hyper-kvasir-videos/videos/698f130b-41ff-414d-908c-8d8c0f82d4a8_frames/frame_000000.jpg,gi
HyperKvasir,hyper-kvasir-videos\hyper-kvasir-videos\videos\6a2a53d3-b37e-4e67-b521-23081957258c_frames,rgb,datasets/HyperKvasir/hyper-kvasir-videos/hyper-kvasir-videos/videos/6a2a53d3-b37e-4e67-b521-23081957258c_frames,251,False,False,False,train,datasets/HyperKvasir/hyper-kvasir-videos/hyper-kvasir-videos/videos/6a2a53d3-b37e-4e67-b521-23081957258c_frames/frame_000000.jpg,gi
HyperKvasir,hyper-kvasir-videos\hyper-kvasir-videos\videos\6aa30b9a-8061-4328-9677-5d1509b19ad2_frames,rgb,datasets/HyperKvasir/hyper-kvasir-videos/hyper-kvasir-videos/videos/6aa30b9a-8061-4328-9677-5d1509b19ad2_frames,56,False,False,False,train,datasets/HyperKvasir/hyper-kvasir-videos/hyper-kvasir-videos/videos/6aa30b9a-8061-4328-9677-5d1509b19ad2_frames/frame_000000.jpg,gi
HyperKvasir,hyper-kvasir-videos\hyper-kvasir-videos\videos\6ab427b7-ba71-442c-be78-0f5a97f3f6eb_frames,rgb,datasets/HyperKvasir/hyper-kvasir-videos/hyper-kvasir-videos/videos/6ab427b7-ba71-442c-be78-0f5a97f3f6eb_frames,68,False,False,False,train,datasets/HyperKvasir/hyper-kvasir-videos/hyper-kvasir-videos/videos/6ab427b7-ba71-442c-be78-0f5a97f3f6eb_frames/frame_000000.jpg,gi
HyperKvasir,hyper-kvasir-videos\hyper-kvasir-videos\videos\6c96186c-4195-4182-b276-1358b22991ca_frames,rgb,datasets/HyperKvasir/hyper-kvasir-videos/hyper-kvasir-videos/videos/6c96186c-4195-4182-b276-1358b22991ca_frames,171,False,False,False,train,datasets/HyperKvasir/hyper-kvasir-videos/hyper-kvasir-videos/videos/6c96186c-4195-4182-b276-1358b22991ca_frames/frame_000000.jpg,gi
HyperKvasir,hyper-kvasir-videos\hyper-kvasir-videos\videos\6cbfc5b7-ea22-409e-9ef8-4ac64b21b8f3_frames,rgb,datasets/HyperKvasir/hyper-kvasir-videos/hyper-kvasir-videos/videos/6cbfc5b7-ea22-409e-9ef8-4ac64b21b8f3_frames,368,False,False,False,train,datasets/HyperKvasir/hyper-kvasir-videos/hyper-kvasir-videos/videos/6cbfc5b7-ea22-409e-9ef8-4ac64b21b8f3_frames/frame_000000.jpg,gi
HyperKvasir,hyper-kvasir-videos\hyper-kvasir-videos\videos\6cdbccf0-f460-411c-8ccf-7ee7fee18309_frames,rgb,datasets/HyperKvasir/hyper-kvasir-videos/hyper-kvasir-videos/videos/6cdbccf0-f460-411c-8ccf-7ee7fee18309_frames,21,False,False,False,train,datasets/HyperKvasir/hyper-kvasir-videos/hyper-kvasir-videos/videos/6cdbccf0-f460-411c-8ccf-7ee7fee18309_frames/frame_000000.jpg,gi
HyperKvasir,hyper-kvasir-videos\hyper-kvasir-videos\videos\6db915e1-6ccf-4680-8cf9-6245f922bea8_frames,rgb,datasets/HyperKvasir/hyper-kvasir-videos/hyper-kvasir-videos/videos/6db915e1-6ccf-4680-8cf9-6245f922bea8_frames,251,False,False,False,train,datasets/HyperKvasir/hyper-kvasir-videos/hyper-kvasir-videos/videos/6db915e1-6ccf-4680-8cf9-6245f922bea8_frames/frame_000000.jpg,gi
HyperKvasir,hyper-kvasir-videos\hyper-kvasir-videos\videos\6ea4d1d9-ad4f-44a8-a79b-8cc692f043f1_frames,rgb,datasets/HyperKvasir/hyper-kvasir-videos/hyper-kvasir-videos/videos/6ea4d1d9-ad4f-44a8-a79b-8cc692f043f1_frames,128,False,False,False,train,datasets/HyperKvasir/hyper-kvasir-videos/hyper-kvasir-videos/videos/6ea4d1d9-ad4f-44a8-a79b-8cc692f043f1_frames/frame_000000.jpg,gi
HyperKvasir,hyper-kvasir-videos\hyper-kvasir-videos\videos\6ef518b6-1bc7-471f-b310-75670145f58d_frames,rgb,datasets/HyperKvasir/hyper-kvasir-videos/hyper-kvasir-videos/videos/6ef518b6-1bc7-471f-b310-75670145f58d_frames,251,False,False,False,train,datasets/HyperKvasir/hyper-kvasir-videos/hyper-kvasir-videos/videos/6ef518b6-1bc7-471f-b310-75670145f58d_frames/frame_000000.jpg,gi
HyperKvasir,hyper-kvasir-videos\hyper-kvasir-videos\videos\6f95f9c5-7cac-4ddd-b53f-2f62786b228d_frames,rgb,datasets/HyperKvasir/hyper-kvasir-videos/hyper-kvasir-videos/videos/6f95f9c5-7cac-4ddd-b53f-2f62786b228d_frames,62,False,False,False,train,datasets/HyperKvasir/hyper-kvasir-videos/hyper-kvasir-videos/videos/6f95f9c5-7cac-4ddd-b53f-2f62786b228d_frames/frame_000000.jpg,gi
HyperKvasir,hyper-kvasir-videos\hyper-kvasir-videos\videos\7014e0d5-f396-4b8e-b307-5a3a49b63eea_frames,rgb,datasets/HyperKvasir/hyper-kvasir-videos/hyper-kvasir-videos/videos/7014e0d5-f396-4b8e-b307-5a3a49b63eea_frames,242,False,False,False,train,datasets/HyperKvasir/hyper-kvasir-videos/hyper-kvasir-videos/videos/7014e0d5-f396-4b8e-b307-5a3a49b63eea_frames/frame_000000.jpg,gi
HyperKvasir,hyper-kvasir-videos\hyper-kvasir-videos\videos\7110eae6-936f-42d8-9c49-987252375cce_frames,rgb,datasets/HyperKvasir/hyper-kvasir-videos/hyper-kvasir-videos/videos/7110eae6-936f-42d8-9c49-987252375cce_frames,242,False,False,False,train,datasets/HyperKvasir/hyper-kvasir-videos/hyper-kvasir-videos/videos/7110eae6-936f-42d8-9c49-987252375cce_frames/frame_000000.jpg,gi
HyperKvasir,hyper-kvasir-videos\hyper-kvasir-videos\videos\73bad003-9b4b-43b7-a8bf-04b6a66ecb1e_frames,rgb,datasets/HyperKvasir/hyper-kvasir-videos/hyper-kvasir-videos/videos/73bad003-9b4b-43b7-a8bf-04b6a66ecb1e_frames,33,False,False,False,train,datasets/HyperKvasir/hyper-kvasir-videos/hyper-kvasir-videos/videos/73bad003-9b4b-43b7-a8bf-04b6a66ecb1e_frames/frame_000000.jpg,gi
HyperKvasir,hyper-kvasir-videos\hyper-kvasir-videos\videos\73dc31f0-9fd4-4539-9745-714a02dd25d8_frames,rgb,datasets/HyperKvasir/hyper-kvasir-videos/hyper-kvasir-videos/videos/73dc31f0-9fd4-4539-9745-714a02dd25d8_frames,459,False,False,False,train,datasets/HyperKvasir/hyper-kvasir-videos/hyper-kvasir-videos/videos/73dc31f0-9fd4-4539-9745-714a02dd25d8_frames/frame_000000.jpg,gi
HyperKvasir,hyper-kvasir-videos\hyper-kvasir-videos\videos\742d790e-0fec-4461-97e6-50be81625380_frames,rgb,datasets/HyperKvasir/hyper-kvasir-videos/hyper-kvasir-videos/videos/742d790e-0fec-4461-97e6-50be81625380_frames,131,False,False,False,train,datasets/HyperKvasir/hyper-kvasir-videos/hyper-kvasir-videos/videos/742d790e-0fec-4461-97e6-50be81625380_frames/frame_000000.jpg,gi
HyperKvasir,hyper-kvasir-videos\hyper-kvasir-videos\videos\763aea61-3306-4b93-969b-bfab70feb40d_frames,rgb,datasets/HyperKvasir/hyper-kvasir-videos/hyper-kvasir-videos/videos/763aea61-3306-4b93-969b-bfab70feb40d_frames,849,False,False,False,train,datasets/HyperKvasir/hyper-kvasir-videos/hyper-kvasir-videos/videos/763aea61-3306-4b93-969b-bfab70feb40d_frames/frame_000000.jpg,gi
HyperKvasir,hyper-kvasir-videos\hyper-kvasir-videos\videos\76866169-90d1-42fa-ab86-0ee7bb56ea01_frames,rgb,datasets/HyperKvasir/hyper-kvasir-videos/hyper-kvasir-videos/videos/76866169-90d1-42fa-ab86-0ee7bb56ea01_frames,272,False,False,False,train,datasets/HyperKvasir/hyper-kvasir-videos/hyper-kvasir-videos/videos/76866169-90d1-42fa-ab86-0ee7bb56ea01_frames/frame_000000.jpg,gi
HyperKvasir,hyper-kvasir-videos\hyper-kvasir-videos\videos\769c796b-d926-4764-96a6-502b54e3792d_frames,rgb,datasets/HyperKvasir/hyper-kvasir-videos/hyper-kvasir-videos/videos/769c796b-d926-4764-96a6-502b54e3792d_frames,253,False,False,False,train,datasets/HyperKvasir/hyper-kvasir-videos/hyper-kvasir-videos/videos/769c796b-d926-4764-96a6-502b54e3792d_frames/frame_000000.jpg,gi
HyperKvasir,hyper-kvasir-videos\hyper-kvasir-videos\videos\77364899-9708-4a4b-8fad-80de87922c61_frames,rgb,datasets/HyperKvasir/hyper-kvasir-videos/hyper-kvasir-videos/videos/77364899-9708-4a4b-8fad-80de87922c61_frames,242,False,False,False,train,datasets/HyperKvasir/hyper-kvasir-videos/hyper-kvasir-videos/videos/77364899-9708-4a4b-8fad-80de87922c61_frames/frame_000000.jpg,gi
HyperKvasir,hyper-kvasir-videos\hyper-kvasir-videos\videos\77a36cd1-cfcd-4ae9-be35-1f7999c7b618_frames,rgb,datasets/HyperKvasir/hyper-kvasir-videos/hyper-kvasir-videos/videos/77a36cd1-cfcd-4ae9-be35-1f7999c7b618_frames,4,False,False,False,train,datasets/HyperKvasir/hyper-kvasir-videos/hyper-kvasir-videos/videos/77a36cd1-cfcd-4ae9-be35-1f7999c7b618_frames/frame_000000.jpg,gi
HyperKvasir,hyper-kvasir-videos\hyper-kvasir-videos\videos\77d7b8f1-5e92-4da5-90bc-342f67431de2_frames,rgb,datasets/HyperKvasir/hyper-kvasir-videos/hyper-kvasir-videos/videos/77d7b8f1-5e92-4da5-90bc-342f67431de2_frames,250,False,False,False,train,datasets/HyperKvasir/hyper-kvasir-videos/hyper-kvasir-videos/videos/77d7b8f1-5e92-4da5-90bc-342f67431de2_frames/frame_000000.jpg,gi
HyperKvasir,hyper-kvasir-videos\hyper-kvasir-videos\videos\78fae1ce-66d9-407e-ac6e-5eb132885815_frames,rgb,datasets/HyperKvasir/hyper-kvasir-videos/hyper-kvasir-videos/videos/78fae1ce-66d9-407e-ac6e-5eb132885815_frames,73,False,False,False,val,datasets/HyperKvasir/hyper-kvasir-videos/hyper-kvasir-videos/videos/78fae1ce-66d9-407e-ac6e-5eb132885815_frames/frame_000000.jpg,gi
HyperKvasir,hyper-kvasir-videos\hyper-kvasir-videos\videos\7940116d-cb1c-4f77-8ebc-248f5995d236_frames,rgb,datasets/HyperKvasir/hyper-kvasir-videos/hyper-kvasir-videos/videos/7940116d-cb1c-4f77-8ebc-248f5995d236_frames,44,False,False,False,train,datasets/HyperKvasir/hyper-kvasir-videos/hyper-kvasir-videos/videos/7940116d-cb1c-4f77-8ebc-248f5995d236_frames/frame_000000.jpg,gi
HyperKvasir,hyper-kvasir-videos\hyper-kvasir-videos\videos\7a8811c8-13b7-4eca-a2b2-f74f2a081e6e_frames,rgb,datasets/HyperKvasir/hyper-kvasir-videos/hyper-kvasir-videos/videos/7a8811c8-13b7-4eca-a2b2-f74f2a081e6e_frames,81,False,False,False,test,datasets/HyperKvasir/hyper-kvasir-videos/hyper-kvasir-videos/videos/7a8811c8-13b7-4eca-a2b2-f74f2a081e6e_frames/frame_000000.jpg,gi
HyperKvasir,hyper-kvasir-videos\hyper-kvasir-videos\videos\7b2a3d16-aaef-4210-b907-805b499731ca_frames,rgb,datasets/HyperKvasir/hyper-kvasir-videos/hyper-kvasir-videos/videos/7b2a3d16-aaef-4210-b907-805b499731ca_frames,20,False,False,False,train,datasets/HyperKvasir/hyper-kvasir-videos/hyper-kvasir-videos/videos/7b2a3d16-aaef-4210-b907-805b499731ca_frames/frame_000000.jpg,gi
HyperKvasir,hyper-kvasir-videos\hyper-kvasir-videos\videos\7b70dd34-e7a9-4422-828e-911d65755689_frames,rgb,datasets/HyperKvasir/hyper-kvasir-videos/hyper-kvasir-videos/videos/7b70dd34-e7a9-4422-828e-911d65755689_frames,90,False,False,False,train,datasets/HyperKvasir/hyper-kvasir-videos/hyper-kvasir-videos/videos/7b70dd34-e7a9-4422-828e-911d65755689_frames/frame_000000.jpg,gi
HyperKvasir,hyper-kvasir-videos\hyper-kvasir-videos\videos\7bdc9c3b-64ca-480b-b9a9-c5f62600a56f_frames,rgb,datasets/HyperKvasir/hyper-kvasir-videos/hyper-kvasir-videos/videos/7bdc9c3b-64ca-480b-b9a9-c5f62600a56f_frames,166,False,False,False,train,datasets/HyperKvasir/hyper-kvasir-videos/hyper-kvasir-videos/videos/7bdc9c3b-64ca-480b-b9a9-c5f62600a56f_frames/frame_000000.jpg,gi
HyperKvasir,hyper-kvasir-videos\hyper-kvasir-videos\videos\7cfdbb45-a132-4a04-8e6e-72270e3c7792_frames,rgb,datasets/HyperKvasir/hyper-kvasir-videos/hyper-kvasir-videos/videos/7cfdbb45-a132-4a04-8e6e-72270e3c7792_frames,649,False,False,False,train,datasets/HyperKvasir/hyper-kvasir-videos/hyper-kvasir-videos/videos/7cfdbb45-a132-4a04-8e6e-72270e3c7792_frames/frame_000000.jpg,gi
HyperKvasir,hyper-kvasir-videos\hyper-kvasir-videos\videos\7d47547a-8143-402a-bca7-523c816ba66d_frames,rgb,datasets/HyperKvasir/hyper-kvasir-videos/hyper-kvasir-videos/videos/7d47547a-8143-402a-bca7-523c816ba66d_frames,121,False,False,False,train,datasets/HyperKvasir/hyper-kvasir-videos/hyper-kvasir-videos/videos/7d47547a-8143-402a-bca7-523c816ba66d_frames/frame_000000.jpg,gi
HyperKvasir,hyper-kvasir-videos\hyper-kvasir-videos\videos\7d8e1601-a407-426f-aded-8ed1d60dac8e_frames,rgb,datasets/HyperKvasir/hyper-kvasir-videos/hyper-kvasir-videos/videos/7d8e1601-a407-426f-aded-8ed1d60dac8e_frames,25,False,False,False,train,datasets/HyperKvasir/hyper-kvasir-videos/hyper-kvasir-videos/videos/7d8e1601-a407-426f-aded-8ed1d60dac8e_frames/frame_000000.jpg,gi
HyperKvasir,hyper-kvasir-videos\hyper-kvasir-videos\videos\7d97a4c5-bbf6-46f9-b558-fec238ac17ae_frames,rgb,datasets/HyperKvasir/hyper-kvasir-videos/hyper-kvasir-videos/videos/7d97a4c5-bbf6-46f9-b558-fec238ac17ae_frames,241,False,False,False,train,datasets/HyperKvasir/hyper-kvasir-videos/hyper-kvasir-videos/videos/7d97a4c5-bbf6-46f9-b558-fec238ac17ae_frames/frame_000000.jpg,gi
HyperKvasir,hyper-kvasir-videos\hyper-kvasir-videos\videos\7e1f8909-ad31-4d50-9915-5cc6fceb900e_frames,rgb,datasets/HyperKvasir/hyper-kvasir-videos/hyper-kvasir-videos/videos/7e1f8909-ad31-4d50-9915-5cc6fceb900e_frames,46,False,False,False,train,datasets/HyperKvasir/hyper-kvasir-videos/hyper-kvasir-videos/videos/7e1f8909-ad31-4d50-9915-5cc6fceb900e_frames/frame_000000.jpg,gi
HyperKvasir,hyper-kvasir-videos\hyper-kvasir-videos\videos\7e3731a7-51f6-4415-9038-41322f6e4746_frames,rgb,datasets/HyperKvasir/hyper-kvasir-videos/hyper-kvasir-videos/videos/7e3731a7-51f6-4415-9038-41322f6e4746_frames,849,False,False,False,train,datasets/HyperKvasir/hyper-kvasir-videos/hyper-kvasir-videos/videos/7e3731a7-51f6-4415-9038-41322f6e4746_frames/frame_000000.jpg,gi
HyperKvasir,hyper-kvasir-videos\hyper-kvasir-videos\videos\7e38c131-df49-411a-8cda-0d781ec976d6_frames,rgb,datasets/HyperKvasir/hyper-kvasir-videos/hyper-kvasir-videos/videos/7e38c131-df49-411a-8cda-0d781ec976d6_frames,255,False,False,False,train,datasets/HyperKvasir/hyper-kvasir-videos/hyper-kvasir-videos/videos/7e38c131-df49-411a-8cda-0d781ec976d6_frames/frame_000000.jpg,gi
HyperKvasir,hyper-kvasir-videos\hyper-kvasir-videos\videos\7ed81fb9-857c-4c8e-994d-fdbbb8da3538_frames,rgb,datasets/HyperKvasir/hyper-kvasir-videos/hyper-kvasir-videos/videos/7ed81fb9-857c-4c8e-994d-fdbbb8da3538_frames,251,False,False,False,train,datasets/HyperKvasir/hyper-kvasir-videos/hyper-kvasir-videos/videos/7ed81fb9-857c-4c8e-994d-fdbbb8da3538_frames/frame_000000.jpg,gi
HyperKvasir,hyper-kvasir-videos\hyper-kvasir-videos\videos\7f6cb3f7-56e6-48ee-84b9-3015d67b2a95_frames,rgb,datasets/HyperKvasir/hyper-kvasir-videos/hyper-kvasir-videos/videos/7f6cb3f7-56e6-48ee-84b9-3015d67b2a95_frames,132,False,False,False,train,datasets/HyperKvasir/hyper-kvasir-videos/hyper-kvasir-videos/videos/7f6cb3f7-56e6-48ee-84b9-3015d67b2a95_frames/frame_000000.jpg,gi
HyperKvasir,hyper-kvasir-videos\hyper-kvasir-videos\videos\7f700d95-9792-4fec-9e88-5a596ec13211_frames,rgb,datasets/HyperKvasir/hyper-kvasir-videos/hyper-kvasir-videos/videos/7f700d95-9792-4fec-9e88-5a596ec13211_frames,126,False,False,False,train,datasets/HyperKvasir/hyper-kvasir-videos/hyper-kvasir-videos/videos/7f700d95-9792-4fec-9e88-5a596ec13211_frames/frame_000000.jpg,gi
HyperKvasir,hyper-kvasir-videos\hyper-kvasir-videos\videos\7fcd9657-025e-4213-95b3-276a38ea7fa5_frames,rgb,datasets/HyperKvasir/hyper-kvasir-videos/hyper-kvasir-videos/videos/7fcd9657-025e-4213-95b3-276a38ea7fa5_frames,4,False,False,False,train,datasets/HyperKvasir/hyper-kvasir-videos/hyper-kvasir-videos/videos/7fcd9657-025e-4213-95b3-276a38ea7fa5_frames/frame_000000.jpg,gi
HyperKvasir,hyper-kvasir-videos\hyper-kvasir-videos\videos\808fdace-faf4-4d8e-9447-950e2fef30e8_frames,rgb,datasets/HyperKvasir/hyper-kvasir-videos/hyper-kvasir-videos/videos/808fdace-faf4-4d8e-9447-950e2fef30e8_frames,1252,False,False,False,train,datasets/HyperKvasir/hyper-kvasir-videos/hyper-kvasir-videos/videos/808fdace-faf4-4d8e-9447-950e2fef30e8_frames/frame_000000.jpg,gi
HyperKvasir,hyper-kvasir-videos\hyper-kvasir-videos\videos\8120fd0a-929a-4e76-8ffa-110111675154_frames,rgb,datasets/HyperKvasir/hyper-kvasir-videos/hyper-kvasir-videos/videos/8120fd0a-929a-4e76-8ffa-110111675154_frames,20,False,False,False,val,datasets/HyperKvasir/hyper-kvasir-videos/hyper-kvasir-videos/videos/8120fd0a-929a-4e76-8ffa-110111675154_frames/frame_000000.jpg,gi
HyperKvasir,hyper-kvasir-videos\hyper-kvasir-videos\videos\823e4779-b83f-4a2f-aa23-2a6d99f7cf85_frames,rgb,datasets/HyperKvasir/hyper-kvasir-videos/hyper-kvasir-videos/videos/823e4779-b83f-4a2f-aa23-2a6d99f7cf85_frames,112,False,False,False,test,datasets/HyperKvasir/hyper-kvasir-videos/hyper-kvasir-videos/videos/823e4779-b83f-4a2f-aa23-2a6d99f7cf85_frames/frame_000000.jpg,gi
HyperKvasir,hyper-kvasir-videos\hyper-kvasir-videos\videos\85e5faf0-9f21-4ad0-ad45-864986666253_frames,rgb,datasets/HyperKvasir/hyper-kvasir-videos/hyper-kvasir-videos/videos/85e5faf0-9f21-4ad0-ad45-864986666253_frames,251,False,False,False,train,datasets/HyperKvasir/hyper-kvasir-videos/hyper-kvasir-videos/videos/85e5faf0-9f21-4ad0-ad45-864986666253_frames/frame_000000.jpg,gi
HyperKvasir,hyper-kvasir-videos\hyper-kvasir-videos\videos\870b217e-106b-43e8-beff-ab0af0ffc9d5_frames,rgb,datasets/HyperKvasir/hyper-kvasir-videos/hyper-kvasir-videos/videos/870b217e-106b-43e8-beff-ab0af0ffc9d5_frames,251,False,False,False,train,datasets/HyperKvasir/hyper-kvasir-videos/hyper-kvasir-videos/videos/870b217e-106b-43e8-beff-ab0af0ffc9d5_frames/frame_000000.jpg,gi
HyperKvasir,hyper-kvasir-videos\hyper-kvasir-videos\videos\871c9774-5465-4a61-bca5-aa876511e91a_frames,rgb,datasets/HyperKvasir/hyper-kvasir-videos/hyper-kvasir-videos/videos/871c9774-5465-4a61-bca5-aa876511e91a_frames,251,False,False,False,train,datasets/HyperKvasir/hyper-kvasir-videos/hyper-kvasir-videos/videos/871c9774-5465-4a61-bca5-aa876511e91a_frames/frame_000000.jpg,gi
HyperKvasir,hyper-kvasir-videos\hyper-kvasir-videos\videos\87d49154-15cd-48f0-96ce-a732c78f3dca_frames,rgb,datasets/HyperKvasir/hyper-kvasir-videos/hyper-kvasir-videos/videos/87d49154-15cd-48f0-96ce-a732c78f3dca_frames,116,False,False,False,train,datasets/HyperKvasir/hyper-kvasir-videos/hyper-kvasir-videos/videos/87d49154-15cd-48f0-96ce-a732c78f3dca_frames/frame_000000.jpg,gi
HyperKvasir,hyper-kvasir-videos\hyper-kvasir-videos\videos\89893d3f-d452-4e1b-9b70-556d65ac4d03_frames,rgb,datasets/HyperKvasir/hyper-kvasir-videos/hyper-kvasir-videos/videos/89893d3f-d452-4e1b-9b70-556d65ac4d03_frames,51,False,False,False,train,datasets/HyperKvasir/hyper-kvasir-videos/hyper-kvasir-videos/videos/89893d3f-d452-4e1b-9b70-556d65ac4d03_frames/frame_000000.jpg,gi
HyperKvasir,hyper-kvasir-videos\hyper-kvasir-videos\videos\89a4fc64-d698-4c09-ad17-f89257182cc2_frames,rgb,datasets/HyperKvasir/hyper-kvasir-videos/hyper-kvasir-videos/videos/89a4fc64-d698-4c09-ad17-f89257182cc2_frames,462,False,False,False,train,datasets/HyperKvasir/hyper-kvasir-videos/hyper-kvasir-videos/videos/89a4fc64-d698-4c09-ad17-f89257182cc2_frames/frame_000000.jpg,gi
HyperKvasir,hyper-kvasir-videos\hyper-kvasir-videos\videos\89d74424-7299-4c46-9b2c-2c16e1274617_frames,rgb,datasets/HyperKvasir/hyper-kvasir-videos/hyper-kvasir-videos/videos/89d74424-7299-4c46-9b2c-2c16e1274617_frames,244,False,False,False,val,datasets/HyperKvasir/hyper-kvasir-videos/hyper-kvasir-videos/videos/89d74424-7299-4c46-9b2c-2c16e1274617_frames/frame_000000.jpg,gi
HyperKvasir,hyper-kvasir-videos\hyper-kvasir-videos\videos\8a1d3d3c-a05f-4837-9c79-de38ecb4ac2e_frames,rgb,datasets/HyperKvasir/hyper-kvasir-videos/hyper-kvasir-videos/videos/8a1d3d3c-a05f-4837-9c79-de38ecb4ac2e_frames,116,False,False,False,train,datasets/HyperKvasir/hyper-kvasir-videos/hyper-kvasir-videos/videos/8a1d3d3c-a05f-4837-9c79-de38ecb4ac2e_frames/frame_000000.jpg,gi
HyperKvasir,hyper-kvasir-videos\hyper-kvasir-videos\videos\8af3fb2b-7916-4bbd-bd76-c1dd303444d0_frames,rgb,datasets/HyperKvasir/hyper-kvasir-videos/hyper-kvasir-videos/videos/8af3fb2b-7916-4bbd-bd76-c1dd303444d0_frames,251,False,False,False,train,datasets/HyperKvasir/hyper-kvasir-videos/hyper-kvasir-videos/videos/8af3fb2b-7916-4bbd-bd76-c1dd303444d0_frames/frame_000000.jpg,gi
HyperKvasir,hyper-kvasir-videos\hyper-kvasir-videos\videos\8cd6d308-4ac1-4ac3-9c4c-7c252af0bc65_frames,rgb,datasets/HyperKvasir/hyper-kvasir-videos/hyper-kvasir-videos/videos/8cd6d308-4ac1-4ac3-9c4c-7c252af0bc65_frames,81,False,False,False,train,datasets/HyperKvasir/hyper-kvasir-videos/hyper-kvasir-videos/videos/8cd6d308-4ac1-4ac3-9c4c-7c252af0bc65_frames/frame_000000.jpg,gi
HyperKvasir,hyper-kvasir-videos\hyper-kvasir-videos\videos\8db217ce-cfd3-4aba-946d-8d2ca9f6d72e_frames,rgb,datasets/HyperKvasir/hyper-kvasir-videos/hyper-kvasir-videos/videos/8db217ce-cfd3-4aba-946d-8d2ca9f6d72e_frames,116,False,False,False,train,datasets/HyperKvasir/hyper-kvasir-videos/hyper-kvasir-videos/videos/8db217ce-cfd3-4aba-946d-8d2ca9f6d72e_frames/frame_000000.jpg,gi
HyperKvasir,hyper-kvasir-videos\hyper-kvasir-videos\videos\8def2c08-04fe-4363-b49c-a0337940f479_frames,rgb,datasets/HyperKvasir/hyper-kvasir-videos/hyper-kvasir-videos/videos/8def2c08-04fe-4363-b49c-a0337940f479_frames,58,False,False,False,train,datasets/HyperKvasir/hyper-kvasir-videos/hyper-kvasir-videos/videos/8def2c08-04fe-4363-b49c-a0337940f479_frames/frame_000000.jpg,gi
HyperKvasir,hyper-kvasir-videos\hyper-kvasir-videos\videos\8eed6c12-91c4-44ee-9c41-ae78aa034c2c_frames,rgb,datasets/HyperKvasir/hyper-kvasir-videos/hyper-kvasir-videos/videos/8eed6c12-91c4-44ee-9c41-ae78aa034c2c_frames,232,False,False,False,test,datasets/HyperKvasir/hyper-kvasir-videos/hyper-kvasir-videos/videos/8eed6c12-91c4-44ee-9c41-ae78aa034c2c_frames/frame_000000.jpg,gi
HyperKvasir,hyper-kvasir-videos\hyper-kvasir-videos\videos\8f9e4085-98c4-4f69-99e6-3945dda43c05_frames,rgb,datasets/HyperKvasir/hyper-kvasir-videos/hyper-kvasir-videos/videos/8f9e4085-98c4-4f69-99e6-3945dda43c05_frames,220,False,False,False,train,datasets/HyperKvasir/hyper-kvasir-videos/hyper-kvasir-videos/videos/8f9e4085-98c4-4f69-99e6-3945dda43c05_frames/frame_000000.jpg,gi
HyperKvasir,hyper-kvasir-videos\hyper-kvasir-videos\videos\8fb0ca63-b840-4dbc-a1bd-53ea393398d8_frames,rgb,datasets/HyperKvasir/hyper-kvasir-videos/hyper-kvasir-videos/videos/8fb0ca63-b840-4dbc-a1bd-53ea393398d8_frames,60,False,False,False,train,datasets/HyperKvasir/hyper-kvasir-videos/hyper-kvasir-videos/videos/8fb0ca63-b840-4dbc-a1bd-53ea393398d8_frames/frame_000000.jpg,gi
HyperKvasir,hyper-kvasir-videos\hyper-kvasir-videos\videos\906943a1-ec1e-4d63-9b1b-5006ca353c32_frames,rgb,datasets/HyperKvasir/hyper-kvasir-videos/hyper-kvasir-videos/videos/906943a1-ec1e-4d63-9b1b-5006ca353c32_frames,254,False,False,False,train,datasets/HyperKvasir/hyper-kvasir-videos/hyper-kvasir-videos/videos/906943a1-ec1e-4d63-9b1b-5006ca353c32_frames/frame_000000.jpg,gi
HyperKvasir,hyper-kvasir-videos\hyper-kvasir-videos\videos\90b2571d-7280-44f9-9bff-9c9bc14c4aed_frames,rgb,datasets/HyperKvasir/hyper-kvasir-videos/hyper-kvasir-videos/videos/90b2571d-7280-44f9-9bff-9c9bc14c4aed_frames,87,False,False,False,train,datasets/HyperKvasir/hyper-kvasir-videos/hyper-kvasir-videos/videos/90b2571d-7280-44f9-9bff-9c9bc14c4aed_frames/frame_000000.jpg,gi
HyperKvasir,hyper-kvasir-videos\hyper-kvasir-videos\videos\91cf8c74-aa09-42fc-9415-143010dcb9a7_frames,rgb,datasets/HyperKvasir/hyper-kvasir-videos/hyper-kvasir-videos/videos/91cf8c74-aa09-42fc-9415-143010dcb9a7_frames,33,False,False,False,train,datasets/HyperKvasir/hyper-kvasir-videos/hyper-kvasir-videos/videos/91cf8c74-aa09-42fc-9415-143010dcb9a7_frames/frame_000000.jpg,gi
HyperKvasir,hyper-kvasir-videos\hyper-kvasir-videos\videos\91dd39bd-f38e-4918-9d53-0cecaf1ca8b0_frames,rgb,datasets/HyperKvasir/hyper-kvasir-videos/hyper-kvasir-videos/videos/91dd39bd-f38e-4918-9d53-0cecaf1ca8b0_frames,74,False,False,False,train,datasets/HyperKvasir/hyper-kvasir-videos/hyper-kvasir-videos/videos/91dd39bd-f38e-4918-9d53-0cecaf1ca8b0_frames/frame_000000.jpg,gi
HyperKvasir,hyper-kvasir-videos\hyper-kvasir-videos\videos\921719e4-232e-48be-8839-6b53b50c3bd8_frames,rgb,datasets/HyperKvasir/hyper-kvasir-videos/hyper-kvasir-videos/videos/921719e4-232e-48be-8839-6b53b50c3bd8_frames,251,False,False,False,train,datasets/HyperKvasir/hyper-kvasir-videos/hyper-kvasir-videos/videos/921719e4-232e-48be-8839-6b53b50c3bd8_frames/frame_000000.jpg,gi
HyperKvasir,hyper-kvasir-videos\hyper-kvasir-videos\videos\92240a44-8174-4aa7-9011-f8a896cd307e_frames,rgb,datasets/HyperKvasir/hyper-kvasir-videos/hyper-kvasir-videos/videos/92240a44-8174-4aa7-9011-f8a896cd307e_frames,224,False,False,False,test,datasets/HyperKvasir/hyper-kvasir-videos/hyper-kvasir-videos/videos/92240a44-8174-4aa7-9011-f8a896cd307e_frames/frame_000000.jpg,gi
HyperKvasir,hyper-kvasir-videos\hyper-kvasir-videos\videos\93c9b2f1-3dd7-4d13-81e0-3f83f2a7fcf9_frames,rgb,datasets/HyperKvasir/hyper-kvasir-videos/hyper-kvasir-videos/videos/93c9b2f1-3dd7-4d13-81e0-3f83f2a7fcf9_frames,141,False,False,False,train,datasets/HyperKvasir/hyper-kvasir-videos/hyper-kvasir-videos/videos/93c9b2f1-3dd7-4d13-81e0-3f83f2a7fcf9_frames/frame_000000.jpg,gi
HyperKvasir,hyper-kvasir-videos\hyper-kvasir-videos\videos\96398918-1654-4cfc-9bca-f4229ef7af63_frames,rgb,datasets/HyperKvasir/hyper-kvasir-videos/hyper-kvasir-videos/videos/96398918-1654-4cfc-9bca-f4229ef7af63_frames,204,False,False,False,train,datasets/HyperKvasir/hyper-kvasir-videos/hyper-kvasir-videos/videos/96398918-1654-4cfc-9bca-f4229ef7af63_frames/frame_000000.jpg,gi
HyperKvasir,hyper-kvasir-videos\hyper-kvasir-videos\videos\97761917-3bf1-4639-b92d-66c948044839_frames,rgb,datasets/HyperKvasir/hyper-kvasir-videos/hyper-kvasir-videos/videos/97761917-3bf1-4639-b92d-66c948044839_frames,174,False,False,False,val,datasets/HyperKvasir/hyper-kvasir-videos/hyper-kvasir-videos/videos/97761917-3bf1-4639-b92d-66c948044839_frames/frame_000000.jpg,gi
HyperKvasir,hyper-kvasir-videos\hyper-kvasir-videos\videos\98398209-5f9f-4893-b904-17c40fcd1fb7_frames,rgb,datasets/HyperKvasir/hyper-kvasir-videos/hyper-kvasir-videos/videos/98398209-5f9f-4893-b904-17c40fcd1fb7_frames,143,False,False,False,train,datasets/HyperKvasir/hyper-kvasir-videos/hyper-kvasir-videos/videos/98398209-5f9f-4893-b904-17c40fcd1fb7_frames/frame_000000.jpg,gi
HyperKvasir,hyper-kvasir-videos\hyper-kvasir-videos\videos\983b0013-d44a-4ba8-a9f6-df50972f4177_frames,rgb,datasets/HyperKvasir/hyper-kvasir-videos/hyper-kvasir-videos/videos/983b0013-d44a-4ba8-a9f6-df50972f4177_frames,251,False,False,False,test,datasets/HyperKvasir/hyper-kvasir-videos/hyper-kvasir-videos/videos/983b0013-d44a-4ba8-a9f6-df50972f4177_frames/frame_000000.jpg,gi
HyperKvasir,hyper-kvasir-videos\hyper-kvasir-videos\videos\99b387e7-d07b-4268-9226-4df450c2a198_frames,rgb,datasets/HyperKvasir/hyper-kvasir-videos/hyper-kvasir-videos/videos/99b387e7-d07b-4268-9226-4df450c2a198_frames,149,False,False,False,train,datasets/HyperKvasir/hyper-kvasir-videos/hyper-kvasir-videos/videos/99b387e7-d07b-4268-9226-4df450c2a198_frames/frame_000000.jpg,gi
HyperKvasir,hyper-kvasir-videos\hyper-kvasir-videos\videos\99cff59d-45bc-4e66-b9c3-8c26caf79ccc_frames,rgb,datasets/HyperKvasir/hyper-kvasir-videos/hyper-kvasir-videos/videos/99cff59d-45bc-4e66-b9c3-8c26caf79ccc_frames,232,False,False,False,val,datasets/HyperKvasir/hyper-kvasir-videos/hyper-kvasir-videos/videos/99cff59d-45bc-4e66-b9c3-8c26caf79ccc_frames/frame_000000.jpg,gi
HyperKvasir,hyper-kvasir-videos\hyper-kvasir-videos\videos\9aeb51ae-a96d-4856-9434-c22f91e98b00_frames,rgb,datasets/HyperKvasir/hyper-kvasir-videos/hyper-kvasir-videos/videos/9aeb51ae-a96d-4856-9434-c22f91e98b00_frames,269,False,False,False,train,datasets/HyperKvasir/hyper-kvasir-videos/hyper-kvasir-videos/videos/9aeb51ae-a96d-4856-9434-c22f91e98b00_frames/frame_000000.jpg,gi
HyperKvasir,hyper-kvasir-videos\hyper-kvasir-videos\videos\9b7b0ef2-e13f-4b9e-8294-c9b4566c8151_frames,rgb,datasets/HyperKvasir/hyper-kvasir-videos/hyper-kvasir-videos/videos/9b7b0ef2-e13f-4b9e-8294-c9b4566c8151_frames,81,False,False,False,train,datasets/HyperKvasir/hyper-kvasir-videos/hyper-kvasir-videos/videos/9b7b0ef2-e13f-4b9e-8294-c9b4566c8151_frames/frame_000000.jpg,gi
HyperKvasir,hyper-kvasir-videos\hyper-kvasir-videos\videos\9b8a194b-1710-46af-a49b-37c4749cee43_frames,rgb,datasets/HyperKvasir/hyper-kvasir-videos/hyper-kvasir-videos/videos/9b8a194b-1710-46af-a49b-37c4749cee43_frames,88,False,False,False,train,datasets/HyperKvasir/hyper-kvasir-videos/hyper-kvasir-videos/videos/9b8a194b-1710-46af-a49b-37c4749cee43_frames/frame_000000.jpg,gi
HyperKvasir,hyper-kvasir-videos\hyper-kvasir-videos\videos\9b9d7617-744f-4d3e-b6a7-78249c3937a0_frames,rgb,datasets/HyperKvasir/hyper-kvasir-videos/hyper-kvasir-videos/videos/9b9d7617-744f-4d3e-b6a7-78249c3937a0_frames,459,False,False,False,train,datasets/HyperKvasir/hyper-kvasir-videos/hyper-kvasir-videos/videos/9b9d7617-744f-4d3e-b6a7-78249c3937a0_frames/frame_000000.jpg,gi
HyperKvasir,hyper-kvasir-videos\hyper-kvasir-videos\videos\9bdfbfa0-7497-40cb-8a71-d4ed5279ad49_frames,rgb,datasets/HyperKvasir/hyper-kvasir-videos/hyper-kvasir-videos/videos/9bdfbfa0-7497-40cb-8a71-d4ed5279ad49_frames,50,False,False,False,train,datasets/HyperKvasir/hyper-kvasir-videos/hyper-kvasir-videos/videos/9bdfbfa0-7497-40cb-8a71-d4ed5279ad49_frames/frame_000000.jpg,gi
HyperKvasir,hyper-kvasir-videos\hyper-kvasir-videos\videos\9c7e3937-dc41-44e0-a7b7-b6290594cd68_frames,rgb,datasets/HyperKvasir/hyper-kvasir-videos/hyper-kvasir-videos/videos/9c7e3937-dc41-44e0-a7b7-b6290594cd68_frames,88,False,False,False,train,datasets/HyperKvasir/hyper-kvasir-videos/hyper-kvasir-videos/videos/9c7e3937-dc41-44e0-a7b7-b6290594cd68_frames/frame_000000.jpg,gi
HyperKvasir,hyper-kvasir-videos\hyper-kvasir-videos\videos\9ddd019d-fe99-407c-af57-0a9bdb1b3049_frames,rgb,datasets/HyperKvasir/hyper-kvasir-videos/hyper-kvasir-videos/videos/9ddd019d-fe99-407c-af57-0a9bdb1b3049_frames,110,False,False,False,train,datasets/HyperKvasir/hyper-kvasir-videos/hyper-kvasir-videos/videos/9ddd019d-fe99-407c-af57-0a9bdb1b3049_frames/frame_000000.jpg,gi
HyperKvasir,hyper-kvasir-videos\hyper-kvasir-videos\videos\9e2c95d7-5a89-4f86-9d4e-31bf258cfeea_frames,rgb,datasets/HyperKvasir/hyper-kvasir-videos/hyper-kvasir-videos/videos/9e2c95d7-5a89-4f86-9d4e-31bf258cfeea_frames,251,False,False,False,train,datasets/HyperKvasir/hyper-kvasir-videos/hyper-kvasir-videos/videos/9e2c95d7-5a89-4f86-9d4e-31bf258cfeea_frames/frame_000000.jpg,gi
HyperKvasir,hyper-kvasir-videos\hyper-kvasir-videos\videos\9e3f0999-0279-44c2-ad4a-e3940df9991c_frames,rgb,datasets/HyperKvasir/hyper-kvasir-videos/hyper-kvasir-videos/videos/9e3f0999-0279-44c2-ad4a-e3940df9991c_frames,5,False,False,False,train,datasets/HyperKvasir/hyper-kvasir-videos/hyper-kvasir-videos/videos/9e3f0999-0279-44c2-ad4a-e3940df9991c_frames/frame_000000.jpg,gi
HyperKvasir,hyper-kvasir-videos\hyper-kvasir-videos\videos\9f535876-50aa-43ce-ab3a-e698f3deaa68_frames,rgb,datasets/HyperKvasir/hyper-kvasir-videos/hyper-kvasir-videos/videos/9f535876-50aa-43ce-ab3a-e698f3deaa68_frames,242,False,False,False,train,datasets/HyperKvasir/hyper-kvasir-videos/hyper-kvasir-videos/videos/9f535876-50aa-43ce-ab3a-e698f3deaa68_frames/frame_000000.jpg,gi
HyperKvasir,hyper-kvasir-videos\hyper-kvasir-videos\videos\9fc637a4-a724-40b8-8d02-81ca4775c55d_frames,rgb,datasets/HyperKvasir/hyper-kvasir-videos/hyper-kvasir-videos/videos/9fc637a4-a724-40b8-8d02-81ca4775c55d_frames,236,False,False,False,train,datasets/HyperKvasir/hyper-kvasir-videos/hyper-kvasir-videos/videos/9fc637a4-a724-40b8-8d02-81ca4775c55d_frames/frame_000000.jpg,gi
HyperKvasir,hyper-kvasir-videos\hyper-kvasir-videos\videos\9fd95b39-0b6a-4a92-8636-cb4cff3eb517_frames,rgb,datasets/HyperKvasir/hyper-kvasir-videos/hyper-kvasir-videos/videos/9fd95b39-0b6a-4a92-8636-cb4cff3eb517_frames,251,False,False,False,train,datasets/HyperKvasir/hyper-kvasir-videos/hyper-kvasir-videos/videos/9fd95b39-0b6a-4a92-8636-cb4cff3eb517_frames/frame_000000.jpg,gi
HyperKvasir,hyper-kvasir-videos\hyper-kvasir-videos\videos\a025fe0b-a144-4932-b693-a0691d21fa56_frames,rgb,datasets/HyperKvasir/hyper-kvasir-videos/hyper-kvasir-videos/videos/a025fe0b-a144-4932-b693-a0691d21fa56_frames,78,False,False,False,train,datasets/HyperKvasir/hyper-kvasir-videos/hyper-kvasir-videos/videos/a025fe0b-a144-4932-b693-a0691d21fa56_frames/frame_000000.jpg,gi
HyperKvasir,hyper-kvasir-videos\hyper-kvasir-videos\videos\a0c1ba13-04d5-4f64-86ba-b21c5cfe5bbb_frames,rgb,datasets/HyperKvasir/hyper-kvasir-videos/hyper-kvasir-videos/videos/a0c1ba13-04d5-4f64-86ba-b21c5cfe5bbb_frames,8,False,False,False,train,datasets/HyperKvasir/hyper-kvasir-videos/hyper-kvasir-videos/videos/a0c1ba13-04d5-4f64-86ba-b21c5cfe5bbb_frames/frame_000000.jpg,gi
HyperKvasir,hyper-kvasir-videos\hyper-kvasir-videos\videos\a2c5a1b0-c21b-4f9c-a39b-6268ccab9d08_frames,rgb,datasets/HyperKvasir/hyper-kvasir-videos/hyper-kvasir-videos/videos/a2c5a1b0-c21b-4f9c-a39b-6268ccab9d08_frames,67,False,False,False,train,datasets/HyperKvasir/hyper-kvasir-videos/hyper-kvasir-videos/videos/a2c5a1b0-c21b-4f9c-a39b-6268ccab9d08_frames/frame_000000.jpg,gi
HyperKvasir,hyper-kvasir-videos\hyper-kvasir-videos\videos\a3e1c30d-4522-4170-b056-a937a6d76748_frames,rgb,datasets/HyperKvasir/hyper-kvasir-videos/hyper-kvasir-videos/videos/a3e1c30d-4522-4170-b056-a937a6d76748_frames,121,False,False,False,train,datasets/HyperKvasir/hyper-kvasir-videos/hyper-kvasir-videos/videos/a3e1c30d-4522-4170-b056-a937a6d76748_frames/frame_000000.jpg,gi
HyperKvasir,hyper-kvasir-videos\hyper-kvasir-videos\videos\a47dce89-f633-4c51-a4e7-9506ca513839_frames,rgb,datasets/HyperKvasir/hyper-kvasir-videos/hyper-kvasir-videos/videos/a47dce89-f633-4c51-a4e7-9506ca513839_frames,40,False,False,False,val,datasets/HyperKvasir/hyper-kvasir-videos/hyper-kvasir-videos/videos/a47dce89-f633-4c51-a4e7-9506ca513839_frames/frame_000000.jpg,gi
HyperKvasir,hyper-kvasir-videos\hyper-kvasir-videos\videos\a5007c25-14c8-4541-a1f0-6ba226aa6426_frames,rgb,datasets/HyperKvasir/hyper-kvasir-videos/hyper-kvasir-videos/videos/a5007c25-14c8-4541-a1f0-6ba226aa6426_frames,180,False,False,False,train,datasets/HyperKvasir/hyper-kvasir-videos/hyper-kvasir-videos/videos/a5007c25-14c8-4541-a1f0-6ba226aa6426_frames/frame_000000.jpg,gi
HyperKvasir,hyper-kvasir-videos\hyper-kvasir-videos\videos\a50ea18d-3898-4fb7-ba15-ba69aba93cf0_frames,rgb,datasets/HyperKvasir/hyper-kvasir-videos/hyper-kvasir-videos/videos/a50ea18d-3898-4fb7-ba15-ba69aba93cf0_frames,77,False,False,False,train,datasets/HyperKvasir/hyper-kvasir-videos/hyper-kvasir-videos/videos/a50ea18d-3898-4fb7-ba15-ba69aba93cf0_frames/frame_000000.jpg,gi
HyperKvasir,hyper-kvasir-videos\hyper-kvasir-videos\videos\a5b1fd4d-b6bd-40d6-9b9a-f22d36b0b113_frames,rgb,datasets/HyperKvasir/hyper-kvasir-videos/hyper-kvasir-videos/videos/a5b1fd4d-b6bd-40d6-9b9a-f22d36b0b113_frames,53,False,False,False,test,datasets/HyperKvasir/hyper-kvasir-videos/hyper-kvasir-videos/videos/a5b1fd4d-b6bd-40d6-9b9a-f22d36b0b113_frames/frame_000000.jpg,gi
HyperKvasir,hyper-kvasir-videos\hyper-kvasir-videos\videos\a61c2926-7d0a-477c-9957-0b8f726030a0_frames,rgb,datasets/HyperKvasir/hyper-kvasir-videos/hyper-kvasir-videos/videos/a61c2926-7d0a-477c-9957-0b8f726030a0_frames,7,False,False,False,test,datasets/HyperKvasir/hyper-kvasir-videos/hyper-kvasir-videos/videos/a61c2926-7d0a-477c-9957-0b8f726030a0_frames/frame_000000.jpg,gi
HyperKvasir,hyper-kvasir-videos\hyper-kvasir-videos\videos\a6337f30-3932-4dc1-9563-5f93872cfef8_frames,rgb,datasets/HyperKvasir/hyper-kvasir-videos/hyper-kvasir-videos/videos/a6337f30-3932-4dc1-9563-5f93872cfef8_frames,248,False,False,False,train,datasets/HyperKvasir/hyper-kvasir-videos/hyper-kvasir-videos/videos/a6337f30-3932-4dc1-9563-5f93872cfef8_frames/frame_000000.jpg,gi
HyperKvasir,hyper-kvasir-videos\hyper-kvasir-videos\videos\a6340694-7315-4e1b-b8a5-c048df133d79_frames,rgb,datasets/HyperKvasir/hyper-kvasir-videos/hyper-kvasir-videos/videos/a6340694-7315-4e1b-b8a5-c048df133d79_frames,58,False,False,False,train,datasets/HyperKvasir/hyper-kvasir-videos/hyper-kvasir-videos/videos/a6340694-7315-4e1b-b8a5-c048df133d79_frames/frame_000000.jpg,gi
HyperKvasir,hyper-kvasir-videos\hyper-kvasir-videos\videos\a7dde63d-6223-44af-83ac-e38a85b4bfed_frames,rgb,datasets/HyperKvasir/hyper-kvasir-videos/hyper-kvasir-videos/videos/a7dde63d-6223-44af-83ac-e38a85b4bfed_frames,121,False,False,False,train,datasets/HyperKvasir/hyper-kvasir-videos/hyper-kvasir-videos/videos/a7dde63d-6223-44af-83ac-e38a85b4bfed_frames/frame_000000.jpg,gi
HyperKvasir,hyper-kvasir-videos\hyper-kvasir-videos\videos\a82312fa-a3b2-4df4-be16-6b48bbe035b6_frames,rgb,datasets/HyperKvasir/hyper-kvasir-videos/hyper-kvasir-videos/videos/a82312fa-a3b2-4df4-be16-6b48bbe035b6_frames,101,False,False,False,train,datasets/HyperKvasir/hyper-kvasir-videos/hyper-kvasir-videos/videos/a82312fa-a3b2-4df4-be16-6b48bbe035b6_frames/frame_000000.jpg,gi
HyperKvasir,hyper-kvasir-videos\hyper-kvasir-videos\videos\a8dfa532-27f2-4325-99eb-27cadb5b19c0_frames,rgb,datasets/HyperKvasir/hyper-kvasir-videos/hyper-kvasir-videos/videos/a8dfa532-27f2-4325-99eb-27cadb5b19c0_frames,165,False,False,False,train,datasets/HyperKvasir/hyper-kvasir-videos/hyper-kvasir-videos/videos/a8dfa532-27f2-4325-99eb-27cadb5b19c0_frames/frame_000000.jpg,gi
HyperKvasir,hyper-kvasir-videos\hyper-kvasir-videos\videos\aa035ab6-8f09-448c-a8a8-4ea91d9e6eec_frames,rgb,datasets/HyperKvasir/hyper-kvasir-videos/hyper-kvasir-videos/videos/aa035ab6-8f09-448c-a8a8-4ea91d9e6eec_frames,255,False,False,False,train,datasets/HyperKvasir/hyper-kvasir-videos/hyper-kvasir-videos/videos/aa035ab6-8f09-448c-a8a8-4ea91d9e6eec_frames/frame_000000.jpg,gi
HyperKvasir,hyper-kvasir-videos\hyper-kvasir-videos\videos\aaba39c3-8037-4178-82c8-b89a657f981c_frames,rgb,datasets/HyperKvasir/hyper-kvasir-videos/hyper-kvasir-videos/videos/aaba39c3-8037-4178-82c8-b89a657f981c_frames,51,False,False,False,train,datasets/HyperKvasir/hyper-kvasir-videos/hyper-kvasir-videos/videos/aaba39c3-8037-4178-82c8-b89a657f981c_frames/frame_000000.jpg,gi
HyperKvasir,hyper-kvasir-videos\hyper-kvasir-videos\videos\ae68bef5-8ca4-42fd-a275-d34ee4ea8c14_frames,rgb,datasets/HyperKvasir/hyper-kvasir-videos/hyper-kvasir-videos/videos/ae68bef5-8ca4-42fd-a275-d34ee4ea8c14_frames,251,False,False,False,test,datasets/HyperKvasir/hyper-kvasir-videos/hyper-kvasir-videos/videos/ae68bef5-8ca4-42fd-a275-d34ee4ea8c14_frames/frame_000000.jpg,gi
HyperKvasir,hyper-kvasir-videos\hyper-kvasir-videos\videos\ae98a342-6099-4dad-999a-14ee29c4b92e_frames,rgb,datasets/HyperKvasir/hyper-kvasir-videos/hyper-kvasir-videos/videos/ae98a342-6099-4dad-999a-14ee29c4b92e_frames,133,False,False,False,train,datasets/HyperKvasir/hyper-kvasir-videos/hyper-kvasir-videos/videos/ae98a342-6099-4dad-999a-14ee29c4b92e_frames/frame_000000.jpg,gi
HyperKvasir,hyper-kvasir-videos\hyper-kvasir-videos\videos\afb55b80-8389-46da-b92f-cddc71aef728_frames,rgb,datasets/HyperKvasir/hyper-kvasir-videos/hyper-kvasir-videos/videos/afb55b80-8389-46da-b92f-cddc71aef728_frames,204,False,False,False,val,datasets/HyperKvasir/hyper-kvasir-videos/hyper-kvasir-videos/videos/afb55b80-8389-46da-b92f-cddc71aef728_frames/frame_000000.jpg,gi
HyperKvasir,hyper-kvasir-videos\hyper-kvasir-videos\videos\afbc5638-e8eb-454e-aab3-80f6f3922966_frames,rgb,datasets/HyperKvasir/hyper-kvasir-videos/hyper-kvasir-videos/videos/afbc5638-e8eb-454e-aab3-80f6f3922966_frames,704,False,False,False,train,datasets/HyperKvasir/hyper-kvasir-videos/hyper-kvasir-videos/videos/afbc5638-e8eb-454e-aab3-80f6f3922966_frames/frame_000000.jpg,gi
HyperKvasir,hyper-kvasir-videos\hyper-kvasir-videos\videos\b0024c29-1d51-48f9-81ba-afd01d962cae_frames,rgb,datasets/HyperKvasir/hyper-kvasir-videos/hyper-kvasir-videos/videos/b0024c29-1d51-48f9-81ba-afd01d962cae_frames,65,False,False,False,train,datasets/HyperKvasir/hyper-kvasir-videos/hyper-kvasir-videos/videos/b0024c29-1d51-48f9-81ba-afd01d962cae_frames/frame_000000.jpg,gi
HyperKvasir,hyper-kvasir-videos\hyper-kvasir-videos\videos\b0ec04ba-7538-4cf1-a75b-9e70e2f866e4_frames,rgb,datasets/HyperKvasir/hyper-kvasir-videos/hyper-kvasir-videos/videos/b0ec04ba-7538-4cf1-a75b-9e70e2f866e4_frames,45,False,False,False,train,datasets/HyperKvasir/hyper-kvasir-videos/hyper-kvasir-videos/videos/b0ec04ba-7538-4cf1-a75b-9e70e2f866e4_frames/frame_000000.jpg,gi
HyperKvasir,hyper-kvasir-videos\hyper-kvasir-videos\videos\b2071b4e-cce5-4a92-becc-3b4d81f23516_frames,rgb,datasets/HyperKvasir/hyper-kvasir-videos/hyper-kvasir-videos/videos/b2071b4e-cce5-4a92-becc-3b4d81f23516_frames,54,False,False,False,val,datasets/HyperKvasir/hyper-kvasir-videos/hyper-kvasir-videos/videos/b2071b4e-cce5-4a92-becc-3b4d81f23516_frames/frame_000000.jpg,gi
HyperKvasir,hyper-kvasir-videos\hyper-kvasir-videos\videos\b22ba031-fee7-4a03-9dfb-32dfdc6c30f5_frames,rgb,datasets/HyperKvasir/hyper-kvasir-videos/hyper-kvasir-videos/videos/b22ba031-fee7-4a03-9dfb-32dfdc6c30f5_frames,85,False,False,False,train,datasets/HyperKvasir/hyper-kvasir-videos/hyper-kvasir-videos/videos/b22ba031-fee7-4a03-9dfb-32dfdc6c30f5_frames/frame_000000.jpg,gi
HyperKvasir,hyper-kvasir-videos\hyper-kvasir-videos\videos\b2a7dc0f-9f5a-439b-beca-0c516a021935_frames,rgb,datasets/HyperKvasir/hyper-kvasir-videos/hyper-kvasir-videos/videos/b2a7dc0f-9f5a-439b-beca-0c516a021935_frames,77,False,False,False,train,datasets/HyperKvasir/hyper-kvasir-videos/hyper-kvasir-videos/videos/b2a7dc0f-9f5a-439b-beca-0c516a021935_frames/frame_000000.jpg,gi
HyperKvasir,hyper-kvasir-videos\hyper-kvasir-videos\videos\b2bf57d2-e9c9-45a7-856b-fd45574b0f94_frames,rgb,datasets/HyperKvasir/hyper-kvasir-videos/hyper-kvasir-videos/videos/b2bf57d2-e9c9-45a7-856b-fd45574b0f94_frames,175,False,False,False,train,datasets/HyperKvasir/hyper-kvasir-videos/hyper-kvasir-videos/videos/b2bf57d2-e9c9-45a7-856b-fd45574b0f94_frames/frame_000000.jpg,gi
HyperKvasir,hyper-kvasir-videos\hyper-kvasir-videos\videos\b2c2110b-4047-4b5f-aaa4-0e2cc4ace9ed_frames,rgb,datasets/HyperKvasir/hyper-kvasir-videos/hyper-kvasir-videos/videos/b2c2110b-4047-4b5f-aaa4-0e2cc4ace9ed_frames,88,False,False,False,train,datasets/HyperKvasir/hyper-kvasir-videos/hyper-kvasir-videos/videos/b2c2110b-4047-4b5f-aaa4-0e2cc4ace9ed_frames/frame_000000.jpg,gi
HyperKvasir,hyper-kvasir-videos\hyper-kvasir-videos\videos\b2ce7754-73b2-472e-99be-201c6105bbd1_frames,rgb,datasets/HyperKvasir/hyper-kvasir-videos/hyper-kvasir-videos/videos/b2ce7754-73b2-472e-99be-201c6105bbd1_frames,88,False,False,False,train,datasets/HyperKvasir/hyper-kvasir-videos/hyper-kvasir-videos/videos/b2ce7754-73b2-472e-99be-201c6105bbd1_frames/frame_000000.jpg,gi
HyperKvasir,hyper-kvasir-videos\hyper-kvasir-videos\videos\b2f0685a-a344-492c-8510-0c800519a1db_frames,rgb,datasets/HyperKvasir/hyper-kvasir-videos/hyper-kvasir-videos/videos/b2f0685a-a344-492c-8510-0c800519a1db_frames,77,False,False,False,test,datasets/HyperKvasir/hyper-kvasir-videos/hyper-kvasir-videos/videos/b2f0685a-a344-492c-8510-0c800519a1db_frames/frame_000000.jpg,gi
HyperKvasir,hyper-kvasir-videos\hyper-kvasir-videos\videos\b3ae21d4-fcf2-4006-9506-b3d56205947a_frames,rgb,datasets/HyperKvasir/hyper-kvasir-videos/hyper-kvasir-videos/videos/b3ae21d4-fcf2-4006-9506-b3d56205947a_frames,3,False,False,False,train,datasets/HyperKvasir/hyper-kvasir-videos/hyper-kvasir-videos/videos/b3ae21d4-fcf2-4006-9506-b3d56205947a_frames/frame_000000.jpg,gi
HyperKvasir,hyper-kvasir-videos\hyper-kvasir-videos\videos\b405cf38-ac84-4aff-8d7e-e62f03468d5d_frames,rgb,datasets/HyperKvasir/hyper-kvasir-videos/hyper-kvasir-videos/videos/b405cf38-ac84-4aff-8d7e-e62f03468d5d_frames,72,False,False,False,train,datasets/HyperKvasir/hyper-kvasir-videos/hyper-kvasir-videos/videos/b405cf38-ac84-4aff-8d7e-e62f03468d5d_frames/frame_000000.jpg,gi
HyperKvasir,hyper-kvasir-videos\hyper-kvasir-videos\videos\b45b8a86-1ce9-418c-bf91-272bb4fa157b_frames,rgb,datasets/HyperKvasir/hyper-kvasir-videos/hyper-kvasir-videos/videos/b45b8a86-1ce9-418c-bf91-272bb4fa157b_frames,81,False,False,False,train,datasets/HyperKvasir/hyper-kvasir-videos/hyper-kvasir-videos/videos/b45b8a86-1ce9-418c-bf91-272bb4fa157b_frames/frame_000000.jpg,gi
HyperKvasir,hyper-kvasir-videos\hyper-kvasir-videos\videos\b4c522db-6034-4b94-bcdd-15fa74e86504_frames,rgb,datasets/HyperKvasir/hyper-kvasir-videos/hyper-kvasir-videos/videos/b4c522db-6034-4b94-bcdd-15fa74e86504_frames,90,False,False,False,train,datasets/HyperKvasir/hyper-kvasir-videos/hyper-kvasir-videos/videos/b4c522db-6034-4b94-bcdd-15fa74e86504_frames/frame_000000.jpg,gi
HyperKvasir,hyper-kvasir-videos\hyper-kvasir-videos\videos\b5c6dbd7-3772-4047-a77e-d5f272562823_frames,rgb,datasets/HyperKvasir/hyper-kvasir-videos/hyper-kvasir-videos/videos/b5c6dbd7-3772-4047-a77e-d5f272562823_frames,63,False,False,False,val,datasets/HyperKvasir/hyper-kvasir-videos/hyper-kvasir-videos/videos/b5c6dbd7-3772-4047-a77e-d5f272562823_frames/frame_000000.jpg,gi
HyperKvasir,hyper-kvasir-videos\hyper-kvasir-videos\videos\b6acfb64-1c7e-42c5-82d1-b4f5fb0a289c_frames,rgb,datasets/HyperKvasir/hyper-kvasir-videos/hyper-kvasir-videos/videos/b6acfb64-1c7e-42c5-82d1-b4f5fb0a289c_frames,116,False,False,False,train,datasets/HyperKvasir/hyper-kvasir-videos/hyper-kvasir-videos/videos/b6acfb64-1c7e-42c5-82d1-b4f5fb0a289c_frames/frame_000000.jpg,gi
HyperKvasir,hyper-kvasir-videos\hyper-kvasir-videos\videos\b71574a3-0fdd-4040-9fda-ca2b4a2634bf_frames,rgb,datasets/HyperKvasir/hyper-kvasir-videos/hyper-kvasir-videos/videos/b71574a3-0fdd-4040-9fda-ca2b4a2634bf_frames,316,False,False,False,train,datasets/HyperKvasir/hyper-kvasir-videos/hyper-kvasir-videos/videos/b71574a3-0fdd-4040-9fda-ca2b4a2634bf_frames/frame_000000.jpg,gi
HyperKvasir,hyper-kvasir-videos\hyper-kvasir-videos\videos\b7ab596e-5081-4801-b008-d97f3256caac_frames,rgb,datasets/HyperKvasir/hyper-kvasir-videos/hyper-kvasir-videos/videos/b7ab596e-5081-4801-b008-d97f3256caac_frames,78,False,False,False,train,datasets/HyperKvasir/hyper-kvasir-videos/hyper-kvasir-videos/videos/b7ab596e-5081-4801-b008-d97f3256caac_frames/frame_000000.jpg,gi
HyperKvasir,hyper-kvasir-videos\hyper-kvasir-videos\videos\b8262217-516d-4590-a55a-88e53ee65345_frames,rgb,datasets/HyperKvasir/hyper-kvasir-videos/hyper-kvasir-videos/videos/b8262217-516d-4590-a55a-88e53ee65345_frames,33,False,False,False,train,datasets/HyperKvasir/hyper-kvasir-videos/hyper-kvasir-videos/videos/b8262217-516d-4590-a55a-88e53ee65345_frames/frame_000000.jpg,gi
HyperKvasir,hyper-kvasir-videos\hyper-kvasir-videos\videos\b85566cc-a3da-4044-b98c-43732ae5dd0b_frames,rgb,datasets/HyperKvasir/hyper-kvasir-videos/hyper-kvasir-videos/videos/b85566cc-a3da-4044-b98c-43732ae5dd0b_frames,244,False,False,False,train,datasets/HyperKvasir/hyper-kvasir-videos/hyper-kvasir-videos/videos/b85566cc-a3da-4044-b98c-43732ae5dd0b_frames/frame_000000.jpg,gi
HyperKvasir,hyper-kvasir-videos\hyper-kvasir-videos\videos\b8ac5308-bd68-4386-9ca8-1ca9e36fdf46_frames,rgb,datasets/HyperKvasir/hyper-kvasir-videos/hyper-kvasir-videos/videos/b8ac5308-bd68-4386-9ca8-1ca9e36fdf46_frames,232,False,False,False,test,datasets/HyperKvasir/hyper-kvasir-videos/hyper-kvasir-videos/videos/b8ac5308-bd68-4386-9ca8-1ca9e36fdf46_frames/frame_000000.jpg,gi
HyperKvasir,hyper-kvasir-videos\hyper-kvasir-videos\videos\b8c0710a-200a-479a-881e-aedfff4fb4ba_frames,rgb,datasets/HyperKvasir/hyper-kvasir-videos/hyper-kvasir-videos/videos/b8c0710a-200a-479a-881e-aedfff4fb4ba_frames,1253,False,False,False,train,datasets/HyperKvasir/hyper-kvasir-videos/hyper-kvasir-videos/videos/b8c0710a-200a-479a-881e-aedfff4fb4ba_frames/frame_000000.jpg,gi
HyperKvasir,hyper-kvasir-videos\hyper-kvasir-videos\videos\b91de20f-e2ce-45d9-9d2f-df8df1e63c73_frames,rgb,datasets/HyperKvasir/hyper-kvasir-videos/hyper-kvasir-videos/videos/b91de20f-e2ce-45d9-9d2f-df8df1e63c73_frames,138,False,False,False,train,datasets/HyperKvasir/hyper-kvasir-videos/hyper-kvasir-videos/videos/b91de20f-e2ce-45d9-9d2f-df8df1e63c73_frames/frame_000000.jpg,gi
HyperKvasir,hyper-kvasir-videos\hyper-kvasir-videos\videos\babc9d35-8534-4243-acf5-f596cfd506ef_frames,rgb,datasets/HyperKvasir/hyper-kvasir-videos/hyper-kvasir-videos/videos/babc9d35-8534-4243-acf5-f596cfd506ef_frames,232,False,False,False,train,datasets/HyperKvasir/hyper-kvasir-videos/hyper-kvasir-videos/videos/babc9d35-8534-4243-acf5-f596cfd506ef_frames/frame_000000.jpg,gi
HyperKvasir,hyper-kvasir-videos\hyper-kvasir-videos\videos\bd3787db-19c6-41f0-a28e-08b6360ce104_frames,rgb,datasets/HyperKvasir/hyper-kvasir-videos/hyper-kvasir-videos/videos/bd3787db-19c6-41f0-a28e-08b6360ce104_frames,164,False,False,False,train,datasets/HyperKvasir/hyper-kvasir-videos/hyper-kvasir-videos/videos/bd3787db-19c6-41f0-a28e-08b6360ce104_frames/frame_000000.jpg,gi
HyperKvasir,hyper-kvasir-videos\hyper-kvasir-videos\videos\be1a9e91-40ad-4596-9a92-9d3e4080cc86_frames,rgb,datasets/HyperKvasir/hyper-kvasir-videos/hyper-kvasir-videos/videos/be1a9e91-40ad-4596-9a92-9d3e4080cc86_frames,251,False,False,False,train,datasets/HyperKvasir/hyper-kvasir-videos/hyper-kvasir-videos/videos/be1a9e91-40ad-4596-9a92-9d3e4080cc86_frames/frame_000000.jpg,gi
HyperKvasir,hyper-kvasir-videos\hyper-kvasir-videos\videos\be97d107-e0fd-4d24-bc77-0ce9f88747a4_frames,rgb,datasets/HyperKvasir/hyper-kvasir-videos/hyper-kvasir-videos/videos/be97d107-e0fd-4d24-bc77-0ce9f88747a4_frames,251,False,False,False,train,datasets/HyperKvasir/hyper-kvasir-videos/hyper-kvasir-videos/videos/be97d107-e0fd-4d24-bc77-0ce9f88747a4_frames/frame_000000.jpg,gi
HyperKvasir,hyper-kvasir-videos\hyper-kvasir-videos\videos\beb5da9c-d536-4f00-992b-fd45e6df66bd_frames,rgb,datasets/HyperKvasir/hyper-kvasir-videos/hyper-kvasir-videos/videos/beb5da9c-d536-4f00-992b-fd45e6df66bd_frames,24,False,False,False,train,datasets/HyperKvasir/hyper-kvasir-videos/hyper-kvasir-videos/videos/beb5da9c-d536-4f00-992b-fd45e6df66bd_frames/frame_000000.jpg,gi
HyperKvasir,hyper-kvasir-videos\hyper-kvasir-videos\videos\bf63a3ad-c81c-40ec-b0be-1b59a28458a7_frames,rgb,datasets/HyperKvasir/hyper-kvasir-videos/hyper-kvasir-videos/videos/bf63a3ad-c81c-40ec-b0be-1b59a28458a7_frames,488,False,False,False,val,datasets/HyperKvasir/hyper-kvasir-videos/hyper-kvasir-videos/videos/bf63a3ad-c81c-40ec-b0be-1b59a28458a7_frames/frame_000000.jpg,gi
HyperKvasir,hyper-kvasir-videos\hyper-kvasir-videos\videos\c0c32324-044a-4881-82ce-3494409e57e9_frames,rgb,datasets/HyperKvasir/hyper-kvasir-videos/hyper-kvasir-videos/videos/c0c32324-044a-4881-82ce-3494409e57e9_frames,242,False,False,False,train,datasets/HyperKvasir/hyper-kvasir-videos/hyper-kvasir-videos/videos/c0c32324-044a-4881-82ce-3494409e57e9_frames/frame_000000.jpg,gi
HyperKvasir,hyper-kvasir-videos\hyper-kvasir-videos\videos\c0c92730-bf69-4ee1-a625-f5a31c153034_frames,rgb,datasets/HyperKvasir/hyper-kvasir-videos/hyper-kvasir-videos/videos/c0c92730-bf69-4ee1-a625-f5a31c153034_frames,38,False,False,False,train,datasets/HyperKvasir/hyper-kvasir-videos/hyper-kvasir-videos/videos/c0c92730-bf69-4ee1-a625-f5a31c153034_frames/frame_000000.jpg,gi
HyperKvasir,hyper-kvasir-videos\hyper-kvasir-videos\videos\c13fe94b-25c6-4419-8980-a0902ba58ccc_frames,rgb,datasets/HyperKvasir/hyper-kvasir-videos/hyper-kvasir-videos/videos/c13fe94b-25c6-4419-8980-a0902ba58ccc_frames,232,False,False,False,train,datasets/HyperKvasir/hyper-kvasir-videos/hyper-kvasir-videos/videos/c13fe94b-25c6-4419-8980-a0902ba58ccc_frames/frame_000000.jpg,gi
HyperKvasir,hyper-kvasir-videos\hyper-kvasir-videos\videos\c16574fb-9283-416f-8e89-4981b6f03a82_frames,rgb,datasets/HyperKvasir/hyper-kvasir-videos/hyper-kvasir-videos/videos/c16574fb-9283-416f-8e89-4981b6f03a82_frames,36,False,False,False,test,datasets/HyperKvasir/hyper-kvasir-videos/hyper-kvasir-videos/videos/c16574fb-9283-416f-8e89-4981b6f03a82_frames/frame_000000.jpg,gi
HyperKvasir,hyper-kvasir-videos\hyper-kvasir-videos\videos\c173e523-1a5c-4a6b-95eb-1b7aeee52827_frames,rgb,datasets/HyperKvasir/hyper-kvasir-videos/hyper-kvasir-videos/videos/c173e523-1a5c-4a6b-95eb-1b7aeee52827_frames,33,False,False,False,train,datasets/HyperKvasir/hyper-kvasir-videos/hyper-kvasir-videos/videos/c173e523-1a5c-4a6b-95eb-1b7aeee52827_frames/frame_000000.jpg,gi
HyperKvasir,hyper-kvasir-videos\hyper-kvasir-videos\videos\c175657c-3630-4be9-9824-28889896b6b2_frames,rgb,datasets/HyperKvasir/hyper-kvasir-videos/hyper-kvasir-videos/videos/c175657c-3630-4be9-9824-28889896b6b2_frames,4,False,False,False,train,datasets/HyperKvasir/hyper-kvasir-videos/hyper-kvasir-videos/videos/c175657c-3630-4be9-9824-28889896b6b2_frames/frame_000000.jpg,gi
HyperKvasir,hyper-kvasir-videos\hyper-kvasir-videos\videos\c1d60d99-9d2c-4d65-b38e-b8761e5b05fa_frames,rgb,datasets/HyperKvasir/hyper-kvasir-videos/hyper-kvasir-videos/videos/c1d60d99-9d2c-4d65-b38e-b8761e5b05fa_frames,293,False,False,False,val,datasets/HyperKvasir/hyper-kvasir-videos/hyper-kvasir-videos/videos/c1d60d99-9d2c-4d65-b38e-b8761e5b05fa_frames/frame_000000.jpg,gi
HyperKvasir,hyper-kvasir-videos\hyper-kvasir-videos\videos\c205ec73-4652-4f91-8711-ddb6a50e1d16_frames,rgb,datasets/HyperKvasir/hyper-kvasir-videos/hyper-kvasir-videos/videos/c205ec73-4652-4f91-8711-ddb6a50e1d16_frames,121,False,False,False,val,datasets/HyperKvasir/hyper-kvasir-videos/hyper-kvasir-videos/videos/c205ec73-4652-4f91-8711-ddb6a50e1d16_frames/frame_000000.jpg,gi
HyperKvasir,hyper-kvasir-videos\hyper-kvasir-videos\videos\c2350bfd-892b-4b17-9135-cf4d7e31ef0e_frames,rgb,datasets/HyperKvasir/hyper-kvasir-videos/hyper-kvasir-videos/videos/c2350bfd-892b-4b17-9135-cf4d7e31ef0e_frames,2645,False,False,False,train,datasets/HyperKvasir/hyper-kvasir-videos/hyper-kvasir-videos/videos/c2350bfd-892b-4b17-9135-cf4d7e31ef0e_frames/frame_000000.jpg,gi
HyperKvasir,hyper-kvasir-videos\hyper-kvasir-videos\videos\c23834e3-9b21-49de-84b0-1dbb2544e3ba_frames,rgb,datasets/HyperKvasir/hyper-kvasir-videos/hyper-kvasir-videos/videos/c23834e3-9b21-49de-84b0-1dbb2544e3ba_frames,251,False,False,False,train,datasets/HyperKvasir/hyper-kvasir-videos/hyper-kvasir-videos/videos/c23834e3-9b21-49de-84b0-1dbb2544e3ba_frames/frame_000000.jpg,gi
HyperKvasir,hyper-kvasir-videos\hyper-kvasir-videos\videos\c3de6ee2-bb5d-4ed2-b349-f9a579eb50ae_frames,rgb,datasets/HyperKvasir/hyper-kvasir-videos/hyper-kvasir-videos/videos/c3de6ee2-bb5d-4ed2-b349-f9a579eb50ae_frames,251,False,False,False,train,datasets/HyperKvasir/hyper-kvasir-videos/hyper-kvasir-videos/videos/c3de6ee2-bb5d-4ed2-b349-f9a579eb50ae_frames/frame_000000.jpg,gi
HyperKvasir,hyper-kvasir-videos\hyper-kvasir-videos\videos\c43fc1d8-16d8-4650-890a-6d7435f3be41_frames,rgb,datasets/HyperKvasir/hyper-kvasir-videos/hyper-kvasir-videos/videos/c43fc1d8-16d8-4650-890a-6d7435f3be41_frames,118,False,False,False,train,datasets/HyperKvasir/hyper-kvasir-videos/hyper-kvasir-videos/videos/c43fc1d8-16d8-4650-890a-6d7435f3be41_frames/frame_000000.jpg,gi
HyperKvasir,hyper-kvasir-videos\hyper-kvasir-videos\videos\c6d77740-6644-48b0-9373-2113a7493434_frames,rgb,datasets/HyperKvasir/hyper-kvasir-videos/hyper-kvasir-videos/videos/c6d77740-6644-48b0-9373-2113a7493434_frames,152,False,False,False,train,datasets/HyperKvasir/hyper-kvasir-videos/hyper-kvasir-videos/videos/c6d77740-6644-48b0-9373-2113a7493434_frames/frame_000000.jpg,gi
HyperKvasir,hyper-kvasir-videos\hyper-kvasir-videos\videos\c6db279c-50e0-4b3f-8dd9-e2a6a39787c0_frames,rgb,datasets/HyperKvasir/hyper-kvasir-videos/hyper-kvasir-videos/videos/c6db279c-50e0-4b3f-8dd9-e2a6a39787c0_frames,252,False,False,False,train,datasets/HyperKvasir/hyper-kvasir-videos/hyper-kvasir-videos/videos/c6db279c-50e0-4b3f-8dd9-e2a6a39787c0_frames/frame_000000.jpg,gi
HyperKvasir,hyper-kvasir-videos\hyper-kvasir-videos\videos\c6e8a472-f78a-4aa1-b490-c522060b440d_frames,rgb,datasets/HyperKvasir/hyper-kvasir-videos/hyper-kvasir-videos/videos/c6e8a472-f78a-4aa1-b490-c522060b440d_frames,251,False,False,False,val,datasets/HyperKvasir/hyper-kvasir-videos/hyper-kvasir-videos/videos/c6e8a472-f78a-4aa1-b490-c522060b440d_frames/frame_000000.jpg,gi
HyperKvasir,hyper-kvasir-videos\hyper-kvasir-videos\videos\c801eb98-6af7-4a43-b23c-0351cffaca3b_frames,rgb,datasets/HyperKvasir/hyper-kvasir-videos/hyper-kvasir-videos/videos/c801eb98-6af7-4a43-b23c-0351cffaca3b_frames,153,False,False,False,train,datasets/HyperKvasir/hyper-kvasir-videos/hyper-kvasir-videos/videos/c801eb98-6af7-4a43-b23c-0351cffaca3b_frames/frame_000000.jpg,gi
HyperKvasir,hyper-kvasir-videos\hyper-kvasir-videos\videos\c830c309-c2d6-4467-8f04-a785a7c329b6_frames,rgb,datasets/HyperKvasir/hyper-kvasir-videos/hyper-kvasir-videos/videos/c830c309-c2d6-4467-8f04-a785a7c329b6_frames,232,False,False,False,train,datasets/HyperKvasir/hyper-kvasir-videos/hyper-kvasir-videos/videos/c830c309-c2d6-4467-8f04-a785a7c329b6_frames/frame_000000.jpg,gi
HyperKvasir,hyper-kvasir-videos\hyper-kvasir-videos\videos\c8eba477-8f93-4adb-b3d4-351a866d37ce_frames,rgb,datasets/HyperKvasir/hyper-kvasir-videos/hyper-kvasir-videos/videos/c8eba477-8f93-4adb-b3d4-351a866d37ce_frames,251,False,False,False,train,datasets/HyperKvasir/hyper-kvasir-videos/hyper-kvasir-videos/videos/c8eba477-8f93-4adb-b3d4-351a866d37ce_frames/frame_000000.jpg,gi
HyperKvasir,hyper-kvasir-videos\hyper-kvasir-videos\videos\ca701c41-41d2-4154-8748-078612a84db8_frames,rgb,datasets/HyperKvasir/hyper-kvasir-videos/hyper-kvasir-videos/videos/ca701c41-41d2-4154-8748-078612a84db8_frames,234,False,False,False,train,datasets/HyperKvasir/hyper-kvasir-videos/hyper-kvasir-videos/videos/ca701c41-41d2-4154-8748-078612a84db8_frames/frame_000000.jpg,gi
HyperKvasir,hyper-kvasir-videos\hyper-kvasir-videos\videos\cafa734d-74ea-48f2-b58a-3f3151a99177_frames,rgb,datasets/HyperKvasir/hyper-kvasir-videos/hyper-kvasir-videos/videos/cafa734d-74ea-48f2-b58a-3f3151a99177_frames,232,False,False,False,train,datasets/HyperKvasir/hyper-kvasir-videos/hyper-kvasir-videos/videos/cafa734d-74ea-48f2-b58a-3f3151a99177_frames/frame_000000.jpg,gi
HyperKvasir,hyper-kvasir-videos\hyper-kvasir-videos\videos\cb41c082-31d4-42fd-b73b-3ab9b8a3fbe6_frames,rgb,datasets/HyperKvasir/hyper-kvasir-videos/hyper-kvasir-videos/videos/cb41c082-31d4-42fd-b73b-3ab9b8a3fbe6_frames,459,False,False,False,train,datasets/HyperKvasir/hyper-kvasir-videos/hyper-kvasir-videos/videos/cb41c082-31d4-42fd-b73b-3ab9b8a3fbe6_frames/frame_000000.jpg,gi
HyperKvasir,hyper-kvasir-videos\hyper-kvasir-videos\videos\cd31e35a-59fd-4399-9f19-51eb485025d8_frames,rgb,datasets/HyperKvasir/hyper-kvasir-videos/hyper-kvasir-videos/videos/cd31e35a-59fd-4399-9f19-51eb485025d8_frames,241,False,False,False,train,datasets/HyperKvasir/hyper-kvasir-videos/hyper-kvasir-videos/videos/cd31e35a-59fd-4399-9f19-51eb485025d8_frames/frame_000000.jpg,gi
HyperKvasir,hyper-kvasir-videos\hyper-kvasir-videos\videos\ce8b6297-0056-4b8b-9070-f0b8046d5682_frames,rgb,datasets/HyperKvasir/hyper-kvasir-videos/hyper-kvasir-videos/videos/ce8b6297-0056-4b8b-9070-f0b8046d5682_frames,251,False,False,False,test,datasets/HyperKvasir/hyper-kvasir-videos/hyper-kvasir-videos/videos/ce8b6297-0056-4b8b-9070-f0b8046d5682_frames/frame_000000.jpg,gi
HyperKvasir,hyper-kvasir-videos\hyper-kvasir-videos\videos\ced5f4a7-a68a-4133-be88-2f1f6dd1ea1b_frames,rgb,datasets/HyperKvasir/hyper-kvasir-videos/hyper-kvasir-videos/videos/ced5f4a7-a68a-4133-be88-2f1f6dd1ea1b_frames,49,False,False,False,train,datasets/HyperKvasir/hyper-kvasir-videos/hyper-kvasir-videos/videos/ced5f4a7-a68a-4133-be88-2f1f6dd1ea1b_frames/frame_000000.jpg,gi
HyperKvasir,hyper-kvasir-videos\hyper-kvasir-videos\videos\cedf4c7b-4f47-4ac8-a576-e7faa968b1b0_frames,rgb,datasets/HyperKvasir/hyper-kvasir-videos/hyper-kvasir-videos/videos/cedf4c7b-4f47-4ac8-a576-e7faa968b1b0_frames,72,False,False,False,train,datasets/HyperKvasir/hyper-kvasir-videos/hyper-kvasir-videos/videos/cedf4c7b-4f47-4ac8-a576-e7faa968b1b0_frames/frame_000000.jpg,gi
HyperKvasir,hyper-kvasir-videos\hyper-kvasir-videos\videos\cf81b36b-952b-4ac2-ad23-7251e7355de8_frames,rgb,datasets/HyperKvasir/hyper-kvasir-videos/hyper-kvasir-videos/videos/cf81b36b-952b-4ac2-ad23-7251e7355de8_frames,179,False,False,False,train,datasets/HyperKvasir/hyper-kvasir-videos/hyper-kvasir-videos/videos/cf81b36b-952b-4ac2-ad23-7251e7355de8_frames/frame_000000.jpg,gi
HyperKvasir,hyper-kvasir-videos\hyper-kvasir-videos\videos\d08af86b-e4c6-4ea6-987a-ee2e89a939c2_frames,rgb,datasets/HyperKvasir/hyper-kvasir-videos/hyper-kvasir-videos/videos/d08af86b-e4c6-4ea6-987a-ee2e89a939c2_frames,251,False,False,False,train,datasets/HyperKvasir/hyper-kvasir-videos/hyper-kvasir-videos/videos/d08af86b-e4c6-4ea6-987a-ee2e89a939c2_frames/frame_000000.jpg,gi
HyperKvasir,hyper-kvasir-videos\hyper-kvasir-videos\videos\d1460617-5394-427b-975b-62000b3e194c_frames,rgb,datasets/HyperKvasir/hyper-kvasir-videos/hyper-kvasir-videos/videos/d1460617-5394-427b-975b-62000b3e194c_frames,251,False,False,False,train,datasets/HyperKvasir/hyper-kvasir-videos/hyper-kvasir-videos/videos/d1460617-5394-427b-975b-62000b3e194c_frames/frame_000000.jpg,gi
HyperKvasir,hyper-kvasir-videos\hyper-kvasir-videos\videos\d417eff3-d7b8-4445-b315-4255b9e23570_frames,rgb,datasets/HyperKvasir/hyper-kvasir-videos/hyper-kvasir-videos/videos/d417eff3-d7b8-4445-b315-4255b9e23570_frames,145,False,False,False,val,datasets/HyperKvasir/hyper-kvasir-videos/hyper-kvasir-videos/videos/d417eff3-d7b8-4445-b315-4255b9e23570_frames/frame_000000.jpg,gi
HyperKvasir,hyper-kvasir-videos\hyper-kvasir-videos\videos\d52a707b-5ffe-430c-be42-d5a3d3b851dc_frames,rgb,datasets/HyperKvasir/hyper-kvasir-videos/hyper-kvasir-videos/videos/d52a707b-5ffe-430c-be42-d5a3d3b851dc_frames,1252,False,False,False,val,datasets/HyperKvasir/hyper-kvasir-videos/hyper-kvasir-videos/videos/d52a707b-5ffe-430c-be42-d5a3d3b851dc_frames/frame_000000.jpg,gi
HyperKvasir,hyper-kvasir-videos\hyper-kvasir-videos\videos\d556e781-6776-4d40-b8cb-53c08063aafa_frames,rgb,datasets/HyperKvasir/hyper-kvasir-videos/hyper-kvasir-videos/videos/d556e781-6776-4d40-b8cb-53c08063aafa_frames,68,False,False,False,train,datasets/HyperKvasir/hyper-kvasir-videos/hyper-kvasir-videos/videos/d556e781-6776-4d40-b8cb-53c08063aafa_frames/frame_000000.jpg,gi
HyperKvasir,hyper-kvasir-videos\hyper-kvasir-videos\videos\d6d48664-0d4f-48a1-a88f-c58e167f5212_frames,rgb,datasets/HyperKvasir/hyper-kvasir-videos/hyper-kvasir-videos/videos/d6d48664-0d4f-48a1-a88f-c58e167f5212_frames,57,False,False,False,train,datasets/HyperKvasir/hyper-kvasir-videos/hyper-kvasir-videos/videos/d6d48664-0d4f-48a1-a88f-c58e167f5212_frames/frame_000000.jpg,gi
HyperKvasir,hyper-kvasir-videos\hyper-kvasir-videos\videos\d711a386-407f-4200-a355-f14fd3f0af83_frames,rgb,datasets/HyperKvasir/hyper-kvasir-videos/hyper-kvasir-videos/videos/d711a386-407f-4200-a355-f14fd3f0af83_frames,132,False,False,False,test,datasets/HyperKvasir/hyper-kvasir-videos/hyper-kvasir-videos/videos/d711a386-407f-4200-a355-f14fd3f0af83_frames/frame_000000.jpg,gi
HyperKvasir,hyper-kvasir-videos\hyper-kvasir-videos\videos\d8998f3e-efdd-4046-9477-96ad92f292e2_frames,rgb,datasets/HyperKvasir/hyper-kvasir-videos/hyper-kvasir-videos/videos/d8998f3e-efdd-4046-9477-96ad92f292e2_frames,251,False,False,False,train,datasets/HyperKvasir/hyper-kvasir-videos/hyper-kvasir-videos/videos/d8998f3e-efdd-4046-9477-96ad92f292e2_frames/frame_000000.jpg,gi
HyperKvasir,hyper-kvasir-videos\hyper-kvasir-videos\videos\da5799f6-0bbf-4a32-81b7-7103da6ae695_frames,rgb,datasets/HyperKvasir/hyper-kvasir-videos/hyper-kvasir-videos/videos/da5799f6-0bbf-4a32-81b7-7103da6ae695_frames,301,False,False,False,train,datasets/HyperKvasir/hyper-kvasir-videos/hyper-kvasir-videos/videos/da5799f6-0bbf-4a32-81b7-7103da6ae695_frames/frame_000000.jpg,gi
HyperKvasir,hyper-kvasir-videos\hyper-kvasir-videos\videos\da5d2629-3a74-4ec0-9ace-57dbc6ebddad_frames,rgb,datasets/HyperKvasir/hyper-kvasir-videos/hyper-kvasir-videos/videos/da5d2629-3a74-4ec0-9ace-57dbc6ebddad_frames,45,False,False,False,train,datasets/HyperKvasir/hyper-kvasir-videos/hyper-kvasir-videos/videos/da5d2629-3a74-4ec0-9ace-57dbc6ebddad_frames/frame_000000.jpg,gi
HyperKvasir,hyper-kvasir-videos\hyper-kvasir-videos\videos\da7868eb-f3d5-428a-b462-75d6a78ec1d9_frames,rgb,datasets/HyperKvasir/hyper-kvasir-videos/hyper-kvasir-videos/videos/da7868eb-f3d5-428a-b462-75d6a78ec1d9_frames,247,False,False,False,test,datasets/HyperKvasir/hyper-kvasir-videos/hyper-kvasir-videos/videos/da7868eb-f3d5-428a-b462-75d6a78ec1d9_frames/frame_000000.jpg,gi
HyperKvasir,hyper-kvasir-videos\hyper-kvasir-videos\videos\db640540-82a4-4503-acb8-a4e64612f84f_frames,rgb,datasets/HyperKvasir/hyper-kvasir-videos/hyper-kvasir-videos/videos/db640540-82a4-4503-acb8-a4e64612f84f_frames,1252,False,False,False,train,datasets/HyperKvasir/hyper-kvasir-videos/hyper-kvasir-videos/videos/db640540-82a4-4503-acb8-a4e64612f84f_frames/frame_000000.jpg,gi
HyperKvasir,hyper-kvasir-videos\hyper-kvasir-videos\videos\dc3c08bf-237d-4ee8-a33a-83e03189b1f7_frames,rgb,datasets/HyperKvasir/hyper-kvasir-videos/hyper-kvasir-videos/videos/dc3c08bf-237d-4ee8-a33a-83e03189b1f7_frames,251,False,False,False,train,datasets/HyperKvasir/hyper-kvasir-videos/hyper-kvasir-videos/videos/dc3c08bf-237d-4ee8-a33a-83e03189b1f7_frames/frame_000000.jpg,gi
HyperKvasir,hyper-kvasir-videos\hyper-kvasir-videos\videos\ddb368ed-45dd-49f1-bab3-de31f9fd3711_frames,rgb,datasets/HyperKvasir/hyper-kvasir-videos/hyper-kvasir-videos/videos/ddb368ed-45dd-49f1-bab3-de31f9fd3711_frames,251,False,False,False,train,datasets/HyperKvasir/hyper-kvasir-videos/hyper-kvasir-videos/videos/ddb368ed-45dd-49f1-bab3-de31f9fd3711_frames/frame_000000.jpg,gi
HyperKvasir,hyper-kvasir-videos\hyper-kvasir-videos\videos\ddf79ce8-17d1-466d-915f-c8a4d6566426_frames,rgb,datasets/HyperKvasir/hyper-kvasir-videos/hyper-kvasir-videos/videos/ddf79ce8-17d1-466d-915f-c8a4d6566426_frames,251,False,False,False,test,datasets/HyperKvasir/hyper-kvasir-videos/hyper-kvasir-videos/videos/ddf79ce8-17d1-466d-915f-c8a4d6566426_frames/frame_000000.jpg,gi
HyperKvasir,hyper-kvasir-videos\hyper-kvasir-videos\videos\de2fb9e2-1924-4053-b108-e6fe371bb9e6_frames,rgb,datasets/HyperKvasir/hyper-kvasir-videos/hyper-kvasir-videos/videos/de2fb9e2-1924-4053-b108-e6fe371bb9e6_frames,251,False,False,False,train,datasets/HyperKvasir/hyper-kvasir-videos/hyper-kvasir-videos/videos/de2fb9e2-1924-4053-b108-e6fe371bb9e6_frames/frame_000000.jpg,gi
HyperKvasir,hyper-kvasir-videos\hyper-kvasir-videos\videos\de9c6a36-6b2b-43a1-8d6a-a6e34d82a05e_frames,rgb,datasets/HyperKvasir/hyper-kvasir-videos/hyper-kvasir-videos/videos/de9c6a36-6b2b-43a1-8d6a-a6e34d82a05e_frames,81,False,False,False,train,datasets/HyperKvasir/hyper-kvasir-videos/hyper-kvasir-videos/videos/de9c6a36-6b2b-43a1-8d6a-a6e34d82a05e_frames/frame_000000.jpg,gi
HyperKvasir,hyper-kvasir-videos\hyper-kvasir-videos\videos\def7538b-640e-4910-bcee-bff38517113b_frames,rgb,datasets/HyperKvasir/hyper-kvasir-videos/hyper-kvasir-videos/videos/def7538b-640e-4910-bcee-bff38517113b_frames,459,False,False,False,val,datasets/HyperKvasir/hyper-kvasir-videos/hyper-kvasir-videos/videos/def7538b-640e-4910-bcee-bff38517113b_frames/frame_000000.jpg,gi
HyperKvasir,hyper-kvasir-videos\hyper-kvasir-videos\videos\def8c3b6-30b1-4d75-be96-946ae34df739_frames,rgb,datasets/HyperKvasir/hyper-kvasir-videos/hyper-kvasir-videos/videos/def8c3b6-30b1-4d75-be96-946ae34df739_frames,140,False,False,False,test,datasets/HyperKvasir/hyper-kvasir-videos/hyper-kvasir-videos/videos/def8c3b6-30b1-4d75-be96-946ae34df739_frames/frame_000000.jpg,gi
HyperKvasir,hyper-kvasir-videos\hyper-kvasir-videos\videos\df1aa095-0cab-4433-97fe-00d456f33615_frames,rgb,datasets/HyperKvasir/hyper-kvasir-videos/hyper-kvasir-videos/videos/df1aa095-0cab-4433-97fe-00d456f33615_frames,98,False,False,False,train,datasets/HyperKvasir/hyper-kvasir-videos/hyper-kvasir-videos/videos/df1aa095-0cab-4433-97fe-00d456f33615_frames/frame_000000.jpg,gi
HyperKvasir,hyper-kvasir-videos\hyper-kvasir-videos\videos\dfbd44f0-b2fb-4ca4-943a-a2eedcf5b9c7_frames,rgb,datasets/HyperKvasir/hyper-kvasir-videos/hyper-kvasir-videos/videos/dfbd44f0-b2fb-4ca4-943a-a2eedcf5b9c7_frames,251,False,False,False,val,datasets/HyperKvasir/hyper-kvasir-videos/hyper-kvasir-videos/videos/dfbd44f0-b2fb-4ca4-943a-a2eedcf5b9c7_frames/frame_000000.jpg,gi
HyperKvasir,hyper-kvasir-videos\hyper-kvasir-videos\videos\dfd89598-412e-4b09-8aa0-af81f416cd1b_frames,rgb,datasets/HyperKvasir/hyper-kvasir-videos/hyper-kvasir-videos/videos/dfd89598-412e-4b09-8aa0-af81f416cd1b_frames,241,False,False,False,train,datasets/HyperKvasir/hyper-kvasir-videos/hyper-kvasir-videos/videos/dfd89598-412e-4b09-8aa0-af81f416cd1b_frames/frame_000000.jpg,gi
HyperKvasir,hyper-kvasir-videos\hyper-kvasir-videos\videos\e076411e-2444-4ad6-ae55-f17e807dee2d_frames,rgb,datasets/HyperKvasir/hyper-kvasir-videos/hyper-kvasir-videos/videos/e076411e-2444-4ad6-ae55-f17e807dee2d_frames,89,False,False,False,train,datasets/HyperKvasir/hyper-kvasir-videos/hyper-kvasir-videos/videos/e076411e-2444-4ad6-ae55-f17e807dee2d_frames/frame_000000.jpg,gi
HyperKvasir,hyper-kvasir-videos\hyper-kvasir-videos\videos\e12aa28f-c6ca-4964-b631-6d3b03de1228_frames,rgb,datasets/HyperKvasir/hyper-kvasir-videos/hyper-kvasir-videos/videos/e12aa28f-c6ca-4964-b631-6d3b03de1228_frames,128,False,False,False,train,datasets/HyperKvasir/hyper-kvasir-videos/hyper-kvasir-videos/videos/e12aa28f-c6ca-4964-b631-6d3b03de1228_frames/frame_000000.jpg,gi
HyperKvasir,hyper-kvasir-videos\hyper-kvasir-videos\videos\e1ab1778-8537-4537-9c1e-3b59f3823c33_frames,rgb,datasets/HyperKvasir/hyper-kvasir-videos/hyper-kvasir-videos/videos/e1ab1778-8537-4537-9c1e-3b59f3823c33_frames,35,False,False,False,train,datasets/HyperKvasir/hyper-kvasir-videos/hyper-kvasir-videos/videos/e1ab1778-8537-4537-9c1e-3b59f3823c33_frames/frame_000000.jpg,gi
HyperKvasir,hyper-kvasir-videos\hyper-kvasir-videos\videos\e1c63a77-4dac-476a-b49b-6ca7504ea489_frames,rgb,datasets/HyperKvasir/hyper-kvasir-videos/hyper-kvasir-videos/videos/e1c63a77-4dac-476a-b49b-6ca7504ea489_frames,251,False,False,False,test,datasets/HyperKvasir/hyper-kvasir-videos/hyper-kvasir-videos/videos/e1c63a77-4dac-476a-b49b-6ca7504ea489_frames/frame_000000.jpg,gi
HyperKvasir,hyper-kvasir-videos\hyper-kvasir-videos\videos\e2089c8c-effc-4406-a8a0-0d6ae6da9b9b_frames,rgb,datasets/HyperKvasir/hyper-kvasir-videos/hyper-kvasir-videos/videos/e2089c8c-effc-4406-a8a0-0d6ae6da9b9b_frames,57,False,False,False,train,datasets/HyperKvasir/hyper-kvasir-videos/hyper-kvasir-videos/videos/e2089c8c-effc-4406-a8a0-0d6ae6da9b9b_frames/frame_000000.jpg,gi
HyperKvasir,hyper-kvasir-videos\hyper-kvasir-videos\videos\e214dcc1-6e71-4dd1-ac11-ccee8d9e734c_frames,rgb,datasets/HyperKvasir/hyper-kvasir-videos/hyper-kvasir-videos/videos/e214dcc1-6e71-4dd1-ac11-ccee8d9e734c_frames,80,False,False,False,val,datasets/HyperKvasir/hyper-kvasir-videos/hyper-kvasir-videos/videos/e214dcc1-6e71-4dd1-ac11-ccee8d9e734c_frames/frame_000000.jpg,gi
HyperKvasir,hyper-kvasir-videos\hyper-kvasir-videos\videos\e2c3af2c-b2c0-4257-a121-0d215d195536_frames,rgb,datasets/HyperKvasir/hyper-kvasir-videos/hyper-kvasir-videos/videos/e2c3af2c-b2c0-4257-a121-0d215d195536_frames,459,False,False,False,train,datasets/HyperKvasir/hyper-kvasir-videos/hyper-kvasir-videos/videos/e2c3af2c-b2c0-4257-a121-0d215d195536_frames/frame_000000.jpg,gi
HyperKvasir,hyper-kvasir-videos\hyper-kvasir-videos\videos\e3f6787b-ab57-4d07-8492-b4a7e51f71b2_frames,rgb,datasets/HyperKvasir/hyper-kvasir-videos/hyper-kvasir-videos/videos/e3f6787b-ab57-4d07-8492-b4a7e51f71b2_frames,228,False,False,False,train,datasets/HyperKvasir/hyper-kvasir-videos/hyper-kvasir-videos/videos/e3f6787b-ab57-4d07-8492-b4a7e51f71b2_frames/frame_000000.jpg,gi
HyperKvasir,hyper-kvasir-videos\hyper-kvasir-videos\videos\e5e3b89a-d291-4082-86c5-6919de249299_frames,rgb,datasets/HyperKvasir/hyper-kvasir-videos/hyper-kvasir-videos/videos/e5e3b89a-d291-4082-86c5-6919de249299_frames,492,False,False,False,train,datasets/HyperKvasir/hyper-kvasir-videos/hyper-kvasir-videos/videos/e5e3b89a-d291-4082-86c5-6919de249299_frames/frame_000000.jpg,gi
HyperKvasir,hyper-kvasir-videos\hyper-kvasir-videos\videos\e8e36826-f370-4f4a-ae81-caba8fb3c604_frames,rgb,datasets/HyperKvasir/hyper-kvasir-videos/hyper-kvasir-videos/videos/e8e36826-f370-4f4a-ae81-caba8fb3c604_frames,104,False,False,False,train,datasets/HyperKvasir/hyper-kvasir-videos/hyper-kvasir-videos/videos/e8e36826-f370-4f4a-ae81-caba8fb3c604_frames/frame_000000.jpg,gi
HyperKvasir,hyper-kvasir-videos\hyper-kvasir-videos\videos\e9abda77-6e54-49b7-a6f6-d2e103a66b26_frames,rgb,datasets/HyperKvasir/hyper-kvasir-videos/hyper-kvasir-videos/videos/e9abda77-6e54-49b7-a6f6-d2e103a66b26_frames,251,False,False,False,train,datasets/HyperKvasir/hyper-kvasir-videos/hyper-kvasir-videos/videos/e9abda77-6e54-49b7-a6f6-d2e103a66b26_frames/frame_000000.jpg,gi
HyperKvasir,hyper-kvasir-videos\hyper-kvasir-videos\videos\ea9ef6eb-0cf6-4e20-8cf0-5a70d7695a17_frames,rgb,datasets/HyperKvasir/hyper-kvasir-videos/hyper-kvasir-videos/videos/ea9ef6eb-0cf6-4e20-8cf0-5a70d7695a17_frames,173,False,False,False,train,datasets/HyperKvasir/hyper-kvasir-videos/hyper-kvasir-videos/videos/ea9ef6eb-0cf6-4e20-8cf0-5a70d7695a17_frames/frame_000000.jpg,gi
HyperKvasir,hyper-kvasir-videos\hyper-kvasir-videos\videos\ec65d14e-4460-40fb-bc48-973ec5f4ae60_frames,rgb,datasets/HyperKvasir/hyper-kvasir-videos/hyper-kvasir-videos/videos/ec65d14e-4460-40fb-bc48-973ec5f4ae60_frames,231,False,False,False,train,datasets/HyperKvasir/hyper-kvasir-videos/hyper-kvasir-videos/videos/ec65d14e-4460-40fb-bc48-973ec5f4ae60_frames/frame_000000.jpg,gi
HyperKvasir,hyper-kvasir-videos\hyper-kvasir-videos\videos\ed224431-4807-4120-9ce3-8c45266b2437_frames,rgb,datasets/HyperKvasir/hyper-kvasir-videos/hyper-kvasir-videos/videos/ed224431-4807-4120-9ce3-8c45266b2437_frames,214,False,False,False,train,datasets/HyperKvasir/hyper-kvasir-videos/hyper-kvasir-videos/videos/ed224431-4807-4120-9ce3-8c45266b2437_frames/frame_000000.jpg,gi
HyperKvasir,hyper-kvasir-videos\hyper-kvasir-videos\videos\ee095f18-817c-4160-88f2-1ea8919700f6_frames,rgb,datasets/HyperKvasir/hyper-kvasir-videos/hyper-kvasir-videos/videos/ee095f18-817c-4160-88f2-1ea8919700f6_frames,362,False,False,False,train,datasets/HyperKvasir/hyper-kvasir-videos/hyper-kvasir-videos/videos/ee095f18-817c-4160-88f2-1ea8919700f6_frames/frame_000000.jpg,gi
HyperKvasir,hyper-kvasir-videos\hyper-kvasir-videos\videos\eecf3adf-445b-4cdf-b577-cb52840fb83a_frames,rgb,datasets/HyperKvasir/hyper-kvasir-videos/hyper-kvasir-videos/videos/eecf3adf-445b-4cdf-b577-cb52840fb83a_frames,1251,False,False,False,train,datasets/HyperKvasir/hyper-kvasir-videos/hyper-kvasir-videos/videos/eecf3adf-445b-4cdf-b577-cb52840fb83a_frames/frame_000000.jpg,gi
HyperKvasir,hyper-kvasir-videos\hyper-kvasir-videos\videos\ef31f827-0525-4325-aa67-5c5bd4354c26_frames,rgb,datasets/HyperKvasir/hyper-kvasir-videos/hyper-kvasir-videos/videos/ef31f827-0525-4325-aa67-5c5bd4354c26_frames,26,False,False,False,train,datasets/HyperKvasir/hyper-kvasir-videos/hyper-kvasir-videos/videos/ef31f827-0525-4325-aa67-5c5bd4354c26_frames/frame_000000.jpg,gi
HyperKvasir,hyper-kvasir-videos\hyper-kvasir-videos\videos\ef8949d8-e490-4d7d-8a11-5e78a103d337_frames,rgb,datasets/HyperKvasir/hyper-kvasir-videos/hyper-kvasir-videos/videos/ef8949d8-e490-4d7d-8a11-5e78a103d337_frames,232,False,False,False,train,datasets/HyperKvasir/hyper-kvasir-videos/hyper-kvasir-videos/videos/ef8949d8-e490-4d7d-8a11-5e78a103d337_frames/frame_000000.jpg,gi
HyperKvasir,hyper-kvasir-videos\hyper-kvasir-videos\videos\f0325856-fad4-448c-82f5-11c5e2ffabef_frames,rgb,datasets/HyperKvasir/hyper-kvasir-videos/hyper-kvasir-videos/videos/f0325856-fad4-448c-82f5-11c5e2ffabef_frames,3,False,False,False,train,datasets/HyperKvasir/hyper-kvasir-videos/hyper-kvasir-videos/videos/f0325856-fad4-448c-82f5-11c5e2ffabef_frames/frame_000000.jpg,gi
HyperKvasir,hyper-kvasir-videos\hyper-kvasir-videos\videos\f04c62cf-982d-46f0-b840-f46d9116d344_frames,rgb,datasets/HyperKvasir/hyper-kvasir-videos/hyper-kvasir-videos/videos/f04c62cf-982d-46f0-b840-f46d9116d344_frames,88,False,False,False,test,datasets/HyperKvasir/hyper-kvasir-videos/hyper-kvasir-videos/videos/f04c62cf-982d-46f0-b840-f46d9116d344_frames/frame_000000.jpg,gi
HyperKvasir,hyper-kvasir-videos\hyper-kvasir-videos\videos\f1dfa843-1e53-4a5d-b3b1-d29dc08e968a_frames,rgb,datasets/HyperKvasir/hyper-kvasir-videos/hyper-kvasir-videos/videos/f1dfa843-1e53-4a5d-b3b1-d29dc08e968a_frames,84,False,False,False,train,datasets/HyperKvasir/hyper-kvasir-videos/hyper-kvasir-videos/videos/f1dfa843-1e53-4a5d-b3b1-d29dc08e968a_frames/frame_000000.jpg,gi
HyperKvasir,hyper-kvasir-videos\hyper-kvasir-videos\videos\f2248a32-624a-4ba5-b2f8-0dd8955bd331_frames,rgb,datasets/HyperKvasir/hyper-kvasir-videos/hyper-kvasir-videos/videos/f2248a32-624a-4ba5-b2f8-0dd8955bd331_frames,145,False,False,False,train,datasets/HyperKvasir/hyper-kvasir-videos/hyper-kvasir-videos/videos/f2248a32-624a-4ba5-b2f8-0dd8955bd331_frames/frame_000000.jpg,gi
HyperKvasir,hyper-kvasir-videos\hyper-kvasir-videos\videos\f2c72cfa-f151-4566-8799-a75e688e250b_frames,rgb,datasets/HyperKvasir/hyper-kvasir-videos/hyper-kvasir-videos/videos/f2c72cfa-f151-4566-8799-a75e688e250b_frames,75,False,False,False,train,datasets/HyperKvasir/hyper-kvasir-videos/hyper-kvasir-videos/videos/f2c72cfa-f151-4566-8799-a75e688e250b_frames/frame_000000.jpg,gi
HyperKvasir,hyper-kvasir-videos\hyper-kvasir-videos\videos\f3020c65-4c46-40de-8fb8-57135398af55_frames,rgb,datasets/HyperKvasir/hyper-kvasir-videos/hyper-kvasir-videos/videos/f3020c65-4c46-40de-8fb8-57135398af55_frames,216,False,False,False,train,datasets/HyperKvasir/hyper-kvasir-videos/hyper-kvasir-videos/videos/f3020c65-4c46-40de-8fb8-57135398af55_frames/frame_000000.jpg,gi
HyperKvasir,hyper-kvasir-videos\hyper-kvasir-videos\videos\f3cbaea8-c26a-4ccf-8c3e-f7c3d939b818_frames,rgb,datasets/HyperKvasir/hyper-kvasir-videos/hyper-kvasir-videos/videos/f3cbaea8-c26a-4ccf-8c3e-f7c3d939b818_frames,750,False,False,False,train,datasets/HyperKvasir/hyper-kvasir-videos/hyper-kvasir-videos/videos/f3cbaea8-c26a-4ccf-8c3e-f7c3d939b818_frames/frame_000000.jpg,gi
HyperKvasir,hyper-kvasir-videos\hyper-kvasir-videos\videos\f5511ad9-43d7-4365-ad97-7af052a2697d_frames,rgb,datasets/HyperKvasir/hyper-kvasir-videos/hyper-kvasir-videos/videos/f5511ad9-43d7-4365-ad97-7af052a2697d_frames,68,False,False,False,train,datasets/HyperKvasir/hyper-kvasir-videos/hyper-kvasir-videos/videos/f5511ad9-43d7-4365-ad97-7af052a2697d_frames/frame_000000.jpg,gi
HyperKvasir,hyper-kvasir-videos\hyper-kvasir-videos\videos\f611197c-acb7-4703-90aa-6a4a623c614f_frames,rgb,datasets/HyperKvasir/hyper-kvasir-videos/hyper-kvasir-videos/videos/f611197c-acb7-4703-90aa-6a4a623c614f_frames,251,False,False,False,train,datasets/HyperKvasir/hyper-kvasir-videos/hyper-kvasir-videos/videos/f611197c-acb7-4703-90aa-6a4a623c614f_frames/frame_000000.jpg,gi
HyperKvasir,hyper-kvasir-videos\hyper-kvasir-videos\videos\f655d0eb-2225-48e4-9eed-11cab20c5df5_frames,rgb,datasets/HyperKvasir/hyper-kvasir-videos/hyper-kvasir-videos/videos/f655d0eb-2225-48e4-9eed-11cab20c5df5_frames,67,False,False,False,train,datasets/HyperKvasir/hyper-kvasir-videos/hyper-kvasir-videos/videos/f655d0eb-2225-48e4-9eed-11cab20c5df5_frames/frame_000000.jpg,gi
HyperKvasir,hyper-kvasir-videos\hyper-kvasir-videos\videos\f7329df7-81e1-4e06-aa74-fdabc2ebd00b_frames,rgb,datasets/HyperKvasir/hyper-kvasir-videos/hyper-kvasir-videos/videos/f7329df7-81e1-4e06-aa74-fdabc2ebd00b_frames,25,False,False,False,train,datasets/HyperKvasir/hyper-kvasir-videos/hyper-kvasir-videos/videos/f7329df7-81e1-4e06-aa74-fdabc2ebd00b_frames/frame_000000.jpg,gi
HyperKvasir,hyper-kvasir-videos\hyper-kvasir-videos\videos\f75949a3-bd10-4762-a7d5-1e5e42fae8e4_frames,rgb,datasets/HyperKvasir/hyper-kvasir-videos/hyper-kvasir-videos/videos/f75949a3-bd10-4762-a7d5-1e5e42fae8e4_frames,141,False,False,False,train,datasets/HyperKvasir/hyper-kvasir-videos/hyper-kvasir-videos/videos/f75949a3-bd10-4762-a7d5-1e5e42fae8e4_frames/frame_000000.jpg,gi
HyperKvasir,hyper-kvasir-videos\hyper-kvasir-videos\videos\f80462b0-1ee2-4bf8-af36-b2f6037101a4_frames,rgb,datasets/HyperKvasir/hyper-kvasir-videos/hyper-kvasir-videos/videos/f80462b0-1ee2-4bf8-af36-b2f6037101a4_frames,76,False,False,False,train,datasets/HyperKvasir/hyper-kvasir-videos/hyper-kvasir-videos/videos/f80462b0-1ee2-4bf8-af36-b2f6037101a4_frames/frame_000000.jpg,gi
HyperKvasir,hyper-kvasir-videos\hyper-kvasir-videos\videos\f8b700d2-838f-4bd8-9a23-413ce1863664_frames,rgb,datasets/HyperKvasir/hyper-kvasir-videos/hyper-kvasir-videos/videos/f8b700d2-838f-4bd8-9a23-413ce1863664_frames,87,False,False,False,train,datasets/HyperKvasir/hyper-kvasir-videos/hyper-kvasir-videos/videos/f8b700d2-838f-4bd8-9a23-413ce1863664_frames/frame_000000.jpg,gi
HyperKvasir,hyper-kvasir-videos\hyper-kvasir-videos\videos\f918a7be-5bcb-47b1-8a4a-d93f33e9e5f5_frames,rgb,datasets/HyperKvasir/hyper-kvasir-videos/hyper-kvasir-videos/videos/f918a7be-5bcb-47b1-8a4a-d93f33e9e5f5_frames,232,False,False,False,train,datasets/HyperKvasir/hyper-kvasir-videos/hyper-kvasir-videos/videos/f918a7be-5bcb-47b1-8a4a-d93f33e9e5f5_frames/frame_000000.jpg,gi
HyperKvasir,hyper-kvasir-videos\hyper-kvasir-videos\videos\f9783220-67a3-4310-a88c-7730e306f5f0_frames,rgb,datasets/HyperKvasir/hyper-kvasir-videos/hyper-kvasir-videos/videos/f9783220-67a3-4310-a88c-7730e306f5f0_frames,251,False,False,False,train,datasets/HyperKvasir/hyper-kvasir-videos/hyper-kvasir-videos/videos/f9783220-67a3-4310-a88c-7730e306f5f0_frames/frame_000000.jpg,gi
HyperKvasir,hyper-kvasir-videos\hyper-kvasir-videos\videos\f9a29376-1672-4b6f-97c7-8ed490a58390_frames,rgb,datasets/HyperKvasir/hyper-kvasir-videos/hyper-kvasir-videos/videos/f9a29376-1672-4b6f-97c7-8ed490a58390_frames,87,False,False,False,train,datasets/HyperKvasir/hyper-kvasir-videos/hyper-kvasir-videos/videos/f9a29376-1672-4b6f-97c7-8ed490a58390_frames/frame_000000.jpg,gi
HyperKvasir,hyper-kvasir-videos\hyper-kvasir-videos\videos\fa4e7f55-98da-42aa-8e1d-c34327b3358c_frames,rgb,datasets/HyperKvasir/hyper-kvasir-videos/hyper-kvasir-videos/videos/fa4e7f55-98da-42aa-8e1d-c34327b3358c_frames,125,False,False,False,train,datasets/HyperKvasir/hyper-kvasir-videos/hyper-kvasir-videos/videos/fa4e7f55-98da-42aa-8e1d-c34327b3358c_frames/frame_000000.jpg,gi
HyperKvasir,hyper-kvasir-videos\hyper-kvasir-videos\videos\fc79c489-b358-4368-b965-330615af73d4_frames,rgb,datasets/HyperKvasir/hyper-kvasir-videos/hyper-kvasir-videos/videos/fc79c489-b358-4368-b965-330615af73d4_frames,57,False,False,False,train,datasets/HyperKvasir/hyper-kvasir-videos/hyper-kvasir-videos/videos/fc79c489-b358-4368-b965-330615af73d4_frames/frame_000000.jpg,gi
HyperKvasir,hyper-kvasir-videos\hyper-kvasir-videos\videos\fccd29c9-2c49-412a-b69d-08debce109a1_frames,rgb,datasets/HyperKvasir/hyper-kvasir-videos/hyper-kvasir-videos/videos/fccd29c9-2c49-412a-b69d-08debce109a1_frames,258,False,False,False,test,datasets/HyperKvasir/hyper-kvasir-videos/hyper-kvasir-videos/videos/fccd29c9-2c49-412a-b69d-08debce109a1_frames/frame_000000.jpg,gi
HyperKvasir,hyper-kvasir-videos\hyper-kvasir-videos\videos\fdb16408-bc2c-4a65-b9d0-0ff5bfcd8b37_frames,rgb,datasets/HyperKvasir/hyper-kvasir-videos/hyper-kvasir-videos/videos/fdb16408-bc2c-4a65-b9d0-0ff5bfcd8b37_frames,126,False,False,False,train,datasets/HyperKvasir/hyper-kvasir-videos/hyper-kvasir-videos/videos/fdb16408-bc2c-4a65-b9d0-0ff5bfcd8b37_frames/frame_000000.jpg,gi
HyperKvasir,hyper-kvasir-videos\hyper-kvasir-videos\videos\fdc86898-0f25-4c44-959b-0526786f1968_frames,rgb,datasets/HyperKvasir/hyper-kvasir-videos/hyper-kvasir-videos/videos/fdc86898-0f25-4c44-959b-0526786f1968_frames,251,False,False,False,train,datasets/HyperKvasir/hyper-kvasir-videos/hyper-kvasir-videos/videos/fdc86898-0f25-4c44-959b-0526786f1968_frames/frame_000000.jpg,gi
HyperKvasir,hyper-kvasir-videos\hyper-kvasir-videos\videos\fdcc21a4-0c91-446f-98b4-197fe7c6891c_frames,rgb,datasets/HyperKvasir/hyper-kvasir-videos/hyper-kvasir-videos/videos/fdcc21a4-0c91-446f-98b4-197fe7c6891c_frames,141,False,False,False,train,datasets/HyperKvasir/hyper-kvasir-videos/hyper-kvasir-videos/videos/fdcc21a4-0c91-446f-98b4-197fe7c6891c_frames/frame_000000.jpg,gi
HyperKvasir,hyper-kvasir-videos\hyper-kvasir-videos\videos\fe683132-a4c7-4254-93ff-6fe44524cf53_frames,rgb,datasets/HyperKvasir/hyper-kvasir-videos/hyper-kvasir-videos/videos/fe683132-a4c7-4254-93ff-6fe44524cf53_frames,31,False,False,False,train,datasets/HyperKvasir/hyper-kvasir-videos/hyper-kvasir-videos/videos/fe683132-a4c7-4254-93ff-6fe44524cf53_frames/frame_000000.jpg,gi
ION_bronch,case_001\intraop_00\Video_screenshot_Henan1\ion_video_2021-10-26_03-33-50_L.mp4,video,datasets/ION_bronch/case_001/intraop_00/Video_screenshot_Henan1,-1,False,False,False,train,datasets/ION_bronch/case_001/intraop_00/Video_screenshot_Henan1/ion_video_2021-10-26_03-33-50_L.mp4,bronch
ION_bronch,case_003\intraop_00\Video-scrennshot-henan03\ion_video_2021-11-25_06-58-19_L(henan03).mp4,video,datasets/ION_bronch/case_003/intraop_00/Video-scrennshot-henan03,-1,False,False,False,val,datasets/ION_bronch/case_003/intraop_00/Video-scrennshot-henan03/ion_video_2021-11-25_06-58-19_L(henan03).mp4,bronch
ION_bronch,case_004\intraop_00\Screenshot_video_Henan04\ion_video_2021-12-23_06-49-30_L.mp4,video,datasets/ION_bronch/case_004/intraop_00/Screenshot_video_Henan04,-1,False,False,False,train,datasets/ION_bronch/case_004/intraop_00/Screenshot_video_Henan04/ion_video_2021-12-23_06-49-30_L.mp4,bronch
ION_bronch,case_005\intraop_00\Video_screenshot_Henan5\ion_video_2021-12-24_05-40-32_L.mp4,video,datasets/ION_bronch/case_005/intraop_00/Video_screenshot_Henan5,-1,False,False,False,train,datasets/ION_bronch/case_005/intraop_00/Video_screenshot_Henan5/ion_video_2021-12-24_05-40-32_L.mp4,bronch
ION_bronch,case_006\intraop_00\Video-screenshot-Henan06\Procedure-20211229-060809\ion_video_2021-12-29_07-03-49_L.mp4,video,datasets/ION_bronch/case_006/intraop_00/Video-screenshot-Henan06/Procedure-20211229-060809,-1,False,False,False,train,datasets/ION_bronch/case_006/intraop_00/Video-screenshot-Henan06/Procedure-20211229-060809/ion_video_2021-12-29_07-03-49_L.mp4,bronch
ION_bronch,case_006\intraop_01\Video-screenshot-Henan06\Procedure-20211229-060809\ion_video_2021-12-29_07-03-49_L.mp4,video,datasets/ION_bronch/case_006/intraop_01/Video-screenshot-Henan06/Procedure-20211229-060809,-1,False,False,False,train,datasets/ION_bronch/case_006/intraop_01/Video-screenshot-Henan06/Procedure-20211229-060809/ion_video_2021-12-29_07-03-49_L.mp4,bronch
ION_bronch,case_007\intraop_00\Video-screenshot-henan07\Procedure-20211230-051827\ion_video_2021-12-30_05-40-46_L.mp4,video,datasets/ION_bronch/case_007/intraop_00/Video-screenshot-henan07/Procedure-20211230-051827,-1,False,False,False,train,datasets/ION_bronch/case_007/intraop_00/Video-screenshot-henan07/Procedure-20211230-051827/ion_video_2021-12-30_05-40-46_L.mp4,bronch
ION_bronch,case_008\intraop_00\Video-screenshot-henan08\Procedure-20220210-054410\ion_video_2022-02-10_07-18-34_L.mp4,video,datasets/ION_bronch/case_008/intraop_00/Video-screenshot-henan08/Procedure-20220210-054410,-1,False,False,False,train,datasets/ION_bronch/case_008/intraop_00/Video-screenshot-henan08/Procedure-20220210-054410/ion_video_2022-02-10_07-18-34_L.mp4,bronch
ION_bronch,case_009\intraop_00\Video_Screenshot_Henan-09\ion_video_2022-02-15_07-09-51_L.mp4,video,datasets/ION_bronch/case_009/intraop_00/Video_Screenshot_Henan-09,-1,False,False,False,train,datasets/ION_bronch/case_009/intraop_00/Video_Screenshot_Henan-09/ion_video_2022-02-15_07-09-51_L.mp4,bronch
ION_bronch,case_010\intraop_00\Video_Screenshot_Henan-10\ion_video_2022-02-18_05-38-50_L.mp4,video,datasets/ION_bronch/case_010/intraop_00/Video_Screenshot_Henan-10,-1,False,False,False,test,datasets/ION_bronch/case_010/intraop_00/Video_Screenshot_Henan-10/ion_video_2022-02-18_05-38-50_L.mp4,bronch
ION_bronch,case_011\intraop_00\Video_Screenshot_Henan-11\ion_video_2022-02-18_06-57-24_L.mp4,video,datasets/ION_bronch/case_011/intraop_00/Video_Screenshot_Henan-11,-1,False,False,False,train,datasets/ION_bronch/case_011/intraop_00/Video_Screenshot_Henan-11/ion_video_2022-02-18_06-57-24_L.mp4,bronch
ION_bronch,case_012\intraop_00\Video-screenshot-henan12\ion_video_2022-02-25_06-38-27_L.mp4,video,datasets/ION_bronch/case_012/intraop_00/Video-screenshot-henan12,-1,False,False,False,train,datasets/ION_bronch/case_012/intraop_00/Video-screenshot-henan12/ion_video_2022-02-25_06-38-27_L.mp4,bronch
ION_bronch,case_013\intraop_00\Video_screenshot_Henan13\ion_video_2022-03-01_04-48-59_L.mp4,video,datasets/ION_bronch/case_013/intraop_00/Video_screenshot_Henan13,-1,False,False,False,train,datasets/ION_bronch/case_013/intraop_00/Video_screenshot_Henan13/ion_video_2022-03-01_04-48-59_L.mp4,bronch
ION_bronch,case_014\intraop_00\Video-screenshot-henan14\ion_video_2022-03-01_06-56-13_L.mp4,video,datasets/ION_bronch/case_014/intraop_00/Video-screenshot-henan14,-1,False,False,False,val,datasets/ION_bronch/case_014/intraop_00/Video-screenshot-henan14/ion_video_2022-03-01_06-56-13_L.mp4,bronch
ION_bronch,case_015\intraop_00\Video-screenshot-henan15\ion_video_2022-03-04_04-53-15_L.mp4,video,datasets/ION_bronch/case_015/intraop_00/Video-screenshot-henan15,-1,False,False,False,train,datasets/ION_bronch/case_015/intraop_00/Video-screenshot-henan15/ion_video_2022-03-04_04-53-15_L.mp4,bronch
ION_bronch,case_016\intraop_00\Video-screenshot-henan16\Procedure-20220307-040852\ion_video_2022-03-07_04-22-46_L.mp4,video,datasets/ION_bronch/case_016/intraop_00/Video-screenshot-henan16/Procedure-20220307-040852,-1,False,False,False,train,datasets/ION_bronch/case_016/intraop_00/Video-screenshot-henan16/Procedure-20220307-040852/ion_video_2022-03-07_04-22-46_L.mp4,bronch
ION_bronch,case_017\intraop_00\Video-screenshot-henan17\Procedure-20220310-062314\ion_video_2022-03-10_07-29-18_L.mp4,video,datasets/ION_bronch/case_017/intraop_00/Video-screenshot-henan17/Procedure-20220310-062314,-1,False,False,False,train,datasets/ION_bronch/case_017/intraop_00/Video-screenshot-henan17/Procedure-20220310-062314/ion_video_2022-03-10_07-29-18_L.mp4,bronch
ION_bronch,case_018\intraop_00\Video-screenshot-henan18\Procedure-20220315-020507\ion_video_2022-03-15_02-40-15_L.mp4,video,datasets/ION_bronch/case_018/intraop_00/Video-screenshot-henan18/Procedure-20220315-020507,-1,False,False,False,train,datasets/ION_bronch/case_018/intraop_00/Video-screenshot-henan18/Procedure-20220315-020507/ion_video_2022-03-15_02-40-15_L.mp4,bronch
ION_bronch,case_019\intraop_00\Video-screenshot-henan19\Procedure-20220317-044129\ion_video_2022-03-17_05-04-37_L.mp4,video,datasets/ION_bronch/case_019/intraop_00/Video-screenshot-henan19/Procedure-20220317-044129,-1,False,False,False,train,datasets/ION_bronch/case_019/intraop_00/Video-screenshot-henan19/Procedure-20220317-044129/ion_video_2022-03-17_05-04-37_L.mp4,bronch
ION_bronch,case_020\intraop_00\Video-screenshot-henan20\Procedure-20220322-024619\ion_video_2022-03-22_03-09-00_L.mp4,video,datasets/ION_bronch/case_020/intraop_00/Video-screenshot-henan20/Procedure-20220322-024619,-1,False,False,False,train,datasets/ION_bronch/case_020/intraop_00/Video-screenshot-henan20/Procedure-20220322-024619/ion_video_2022-03-22_03-09-00_L.mp4,bronch
ION_bronch,case_021\intraop_00\Video-screenshot-henan21\Procedure-20220331-014951\ion_video_2022-03-31_02-15-27_L.mp4,video,datasets/ION_bronch/case_021/intraop_00/Video-screenshot-henan21/Procedure-20220331-014951,-1,False,False,False,train,datasets/ION_bronch/case_021/intraop_00/Video-screenshot-henan21/Procedure-20220331-014951/ion_video_2022-03-31_02-15-27_L.mp4,bronch
ION_bronch,case_022\intraop_00\Video-screenshot-henan22\Procedure-20220331-024812\ion_video_2022-03-31_03-37-21_L.mp4,video,datasets/ION_bronch/case_022/intraop_00/Video-screenshot-henan22/Procedure-20220331-024812,-1,False,False,False,train,datasets/ION_bronch/case_022/intraop_00/Video-screenshot-henan22/Procedure-20220331-024812/ion_video_2022-03-31_03-37-21_L.mp4,bronch
ION_bronch,case_023\intraop_00\Video-screenshot-henan23\Procedure-20220331-002611\ion_video_2022-03-31_00-47-29_L.mp4,video,datasets/ION_bronch/case_023/intraop_00/Video-screenshot-henan23/Procedure-20220331-002611,-1,False,False,False,train,datasets/ION_bronch/case_023/intraop_00/Video-screenshot-henan23/Procedure-20220331-002611/ion_video_2022-03-31_00-47-29_L.mp4,bronch
ION_bronch,case_025\intraop_00\Video-screenshot-henan25\Procedure-20220412-040531\ion_video_2022-04-12_04-37-41_L.mp4,video,datasets/ION_bronch/case_025/intraop_00/Video-screenshot-henan25/Procedure-20220412-040531,-1,False,False,False,train,datasets/ION_bronch/case_025/intraop_00/Video-screenshot-henan25/Procedure-20220412-040531/ion_video_2022-04-12_04-37-41_L.mp4,bronch
ION_bronch,case_026\intraop_00\Video-screenshot-henan26\Procedure-20220411-023125\ion_video_2022-04-11_02-57-55_L.mp4,video,datasets/ION_bronch/case_026/intraop_00/Video-screenshot-henan26/Procedure-20220411-023125,-1,False,False,False,train,datasets/ION_bronch/case_026/intraop_00/Video-screenshot-henan26/Procedure-20220411-023125/ion_video_2022-04-11_02-57-55_L.mp4,bronch
ION_bronch,case_027\intraop_00\Video-screenshot-henan27\Procedure-20220414-022719\ion_video_2022-04-14_03-22-30_L.mp4,video,datasets/ION_bronch/case_027/intraop_00/Video-screenshot-henan27/Procedure-20220414-022719,-1,False,False,False,train,datasets/ION_bronch/case_027/intraop_00/Video-screenshot-henan27/Procedure-20220414-022719/ion_video_2022-04-14_03-22-30_L.mp4,bronch
ION_bronch,case_028\intraop_00\Video-screenshot-henan28\Procedure-20220426-034202\ion_video_2022-04-26_04-16-56_L.mp4,video,datasets/ION_bronch/case_028/intraop_00/Video-screenshot-henan28/Procedure-20220426-034202,-1,False,False,False,train,datasets/ION_bronch/case_028/intraop_00/Video-screenshot-henan28/Procedure-20220426-034202/ion_video_2022-04-26_04-16-56_L.mp4,bronch
ION_bronch,case_029\video_00.mp4,video,datasets/ION_bronch/case_029,-1,False,False,False,train,datasets/ION_bronch/case_029/video_00.mp4,bronch
ION_bronch,case_030\video_00.mp4,video,datasets/ION_bronch/case_030,-1,False,False,False,train,datasets/ION_bronch/case_030/video_00.mp4,bronch
ION_bronch,case_001\intraop_00\Video_screenshot_Henan1,rgb,datasets/ION_bronch/case_001/intraop_00/Video_screenshot_Henan1,5,False,False,False,test,datasets/ION_bronch/case_001/intraop_00/Video_screenshot_Henan1/ion_screenshot-20211026-035827_439.png,bronch
ION_bronch,case_001\intraop_00\Video_screenshot_Henan1\ion_video_2021-10-26_03-33-50_L_frames,rgb,datasets/ION_bronch/case_001/intraop_00/Video_screenshot_Henan1/ion_video_2021-10-26_03-33-50_L_frames,7388,False,False,False,test,datasets/ION_bronch/case_001/intraop_00/Video_screenshot_Henan1/ion_video_2021-10-26_03-33-50_L_frames/frame_000000.jpg,bronch
ION_bronch,case_003\intraop_00\Video-scrennshot-henan03,rgb,datasets/ION_bronch/case_003/intraop_00/Video-scrennshot-henan03,2,False,False,False,train,datasets/ION_bronch/case_003/intraop_00/Video-scrennshot-henan03/ion_screenshot-20211125-074419_527.png,bronch
ION_bronch,case_003\intraop_00\Video-scrennshot-henan03\ion_video_2021-11-25_06-58-19_L(henan03)_frames,rgb,datasets/ION_bronch/case_003/intraop_00/Video-scrennshot-henan03/ion_video_2021-11-25_06-58-19_L(henan03)_frames,6512,False,False,False,val,datasets/ION_bronch/case_003/intraop_00/Video-scrennshot-henan03/ion_video_2021-11-25_06-58-19_L(henan03)_frames/frame_000000.jpg,bronch
ION_bronch,case_004\intraop_00\Screenshot_video_Henan04\ion_video_2021-12-23_06-49-30_L_frames,rgb,datasets/ION_bronch/case_004/intraop_00/Screenshot_video_Henan04/ion_video_2021-12-23_06-49-30_L_frames,11467,False,False,False,train,datasets/ION_bronch/case_004/intraop_00/Screenshot_video_Henan04/ion_video_2021-12-23_06-49-30_L_frames/frame_000000.jpg,bronch
ION_bronch,case_005\intraop_00\Video_screenshot_Henan5\ion_video_2021-12-24_05-40-32_L_frames,rgb,datasets/ION_bronch/case_005/intraop_00/Video_screenshot_Henan5/ion_video_2021-12-24_05-40-32_L_frames,7047,False,False,False,train,datasets/ION_bronch/case_005/intraop_00/Video_screenshot_Henan5/ion_video_2021-12-24_05-40-32_L_frames/frame_000000.jpg,bronch
ION_bronch,case_006\intraop_00\Video-screenshot-Henan06\Procedure-20211229-060809,rgb,datasets/ION_bronch/case_006/intraop_00/Video-screenshot-Henan06/Procedure-20211229-060809,11,False,False,False,train,datasets/ION_bronch/case_006/intraop_00/Video-screenshot-Henan06/Procedure-20211229-060809/ion_screenshot-20211229-071750_963.png,bronch
ION_bronch,case_006\intraop_00\Video-screenshot-Henan06\Procedure-20211229-060809\ion_video_2021-12-29_07-03-49_L_frames,rgb,datasets/ION_bronch/case_006/intraop_00/Video-screenshot-Henan06/Procedure-20211229-060809/ion_video_2021-12-29_07-03-49_L_frames,7644,False,False,False,train,datasets/ION_bronch/case_006/intraop_00/Video-screenshot-Henan06/Procedure-20211229-060809/ion_video_2021-12-29_07-03-49_L_frames/frame_000000.jpg,bronch
ION_bronch,case_006\intraop_01\Video-screenshot-Henan06\Procedure-20211229-060809,rgb,datasets/ION_bronch/case_006/intraop_01/Video-screenshot-Henan06/Procedure-20211229-060809,11,False,False,False,train,datasets/ION_bronch/case_006/intraop_01/Video-screenshot-Henan06/Procedure-20211229-060809/ion_screenshot-20211229-071750_963.png,bronch
ION_bronch,case_006\intraop_01\Video-screenshot-Henan06\Procedure-20211229-060809\ion_video_2021-12-29_07-03-49_L_frames,rgb,datasets/ION_bronch/case_006/intraop_01/Video-screenshot-Henan06/Procedure-20211229-060809/ion_video_2021-12-29_07-03-49_L_frames,7644,False,False,False,train,datasets/ION_bronch/case_006/intraop_01/Video-screenshot-Henan06/Procedure-20211229-060809/ion_video_2021-12-29_07-03-49_L_frames/frame_000000.jpg,bronch
ION_bronch,case_007\intraop_00\Video-screenshot-henan07\Procedure-20211230-051827,rgb,datasets/ION_bronch/case_007/intraop_00/Video-screenshot-henan07/Procedure-20211230-051827,2,False,False,False,train,datasets/ION_bronch/case_007/intraop_00/Video-screenshot-henan07/Procedure-20211230-051827/ion_screenshot-20211230-061354_395.png,bronch
ION_bronch,case_007\intraop_00\Video-screenshot-henan07\Procedure-20211230-051827\ion_video_2021-12-30_05-40-46_L_frames,rgb,datasets/ION_bronch/case_007/intraop_00/Video-screenshot-henan07/Procedure-20211230-051827/ion_video_2021-12-30_05-40-46_L_frames,5299,False,False,False,val,datasets/ION_bronch/case_007/intraop_00/Video-screenshot-henan07/Procedure-20211230-051827/ion_video_2021-12-30_05-40-46_L_frames/frame_000000.jpg,bronch
ION_bronch,case_008\intraop_00\Video-screenshot-henan08\Procedure-20220210-054410,rgb,datasets/ION_bronch/case_008/intraop_00/Video-screenshot-henan08/Procedure-20220210-054410,1,False,False,False,val,datasets/ION_bronch/case_008/intraop_00/Video-screenshot-henan08/Procedure-20220210-054410/ion_screenshot-20220210-072938_763.png,bronch
ION_bronch,case_008\intraop_00\Video-screenshot-henan08\Procedure-20220210-054410\ion_video_2022-02-10_07-18-34_L_frames,rgb,datasets/ION_bronch/case_008/intraop_00/Video-screenshot-henan08/Procedure-20220210-054410/ion_video_2022-02-10_07-18-34_L_frames,3665,False,False,False,val,datasets/ION_bronch/case_008/intraop_00/Video-screenshot-henan08/Procedure-20220210-054410/ion_video_2022-02-10_07-18-34_L_frames/frame_000000.jpg,bronch
ION_bronch,case_009\intraop_00\Video_Screenshot_Henan-09\ion_video_2022-02-15_07-09-51_L_frames,rgb,datasets/ION_bronch/case_009/intraop_00/Video_Screenshot_Henan-09/ion_video_2022-02-15_07-09-51_L_frames,7949,False,False,False,train,datasets/ION_bronch/case_009/intraop_00/Video_Screenshot_Henan-09/ion_video_2022-02-15_07-09-51_L_frames/frame_000000.jpg,bronch
ION_bronch,case_010\intraop_00\Video_Screenshot_Henan-10\ion_video_2022-02-18_05-38-50_L_frames,rgb,datasets/ION_bronch/case_010/intraop_00/Video_Screenshot_Henan-10/ion_video_2022-02-18_05-38-50_L_frames,6413,False,False,False,train,datasets/ION_bronch/case_010/intraop_00/Video_Screenshot_Henan-10/ion_video_2022-02-18_05-38-50_L_frames/frame_000000.jpg,bronch
ION_bronch,case_011\intraop_00\Video_Screenshot_Henan-11\ion_video_2022-02-18_06-57-24_L_frames,rgb,datasets/ION_bronch/case_011/intraop_00/Video_Screenshot_Henan-11/ion_video_2022-02-18_06-57-24_L_frames,5485,False,False,False,train,datasets/ION_bronch/case_011/intraop_00/Video_Screenshot_Henan-11/ion_video_2022-02-18_06-57-24_L_frames/frame_000000.jpg,bronch
ION_bronch,case_012\intraop_00\Video-screenshot-henan12\ion_video_2022-02-25_06-38-27_L_frames,rgb,datasets/ION_bronch/case_012/intraop_00/Video-screenshot-henan12/ion_video_2022-02-25_06-38-27_L_frames,3977,False,False,False,train,datasets/ION_bronch/case_012/intraop_00/Video-screenshot-henan12/ion_video_2022-02-25_06-38-27_L_frames/frame_000000.jpg,bronch
ION_bronch,case_013\intraop_00\Video_screenshot_Henan13\ion_video_2022-03-01_04-48-59_L_frames,rgb,datasets/ION_bronch/case_013/intraop_00/Video_screenshot_Henan13/ion_video_2022-03-01_04-48-59_L_frames,9234,False,False,False,train,datasets/ION_bronch/case_013/intraop_00/Video_screenshot_Henan13/ion_video_2022-03-01_04-48-59_L_frames/frame_000000.jpg,bronch
ION_bronch,case_014\intraop_00\Video-screenshot-henan14\ion_video_2022-03-01_06-56-13_L_frames,rgb,datasets/ION_bronch/case_014/intraop_00/Video-screenshot-henan14/ion_video_2022-03-01_06-56-13_L_frames,4267,False,False,False,train,datasets/ION_bronch/case_014/intraop_00/Video-screenshot-henan14/ion_video_2022-03-01_06-56-13_L_frames/frame_000000.jpg,bronch
ION_bronch,case_015\intraop_00\Video-screenshot-henan15,rgb,datasets/ION_bronch/case_015/intraop_00/Video-screenshot-henan15,1,False,False,False,train,datasets/ION_bronch/case_015/intraop_00/Video-screenshot-henan15/ion_screenshot-20220304-051639_485.png,bronch
ION_bronch,case_015\intraop_00\Video-screenshot-henan15\ion_video_2022-03-04_04-53-15_L_frames,rgb,datasets/ION_bronch/case_015/intraop_00/Video-screenshot-henan15/ion_video_2022-03-04_04-53-15_L_frames,4824,False,False,False,train,datasets/ION_bronch/case_015/intraop_00/Video-screenshot-henan15/ion_video_2022-03-04_04-53-15_L_frames/frame_000000.jpg,bronch
ION_bronch,case_016\intraop_00\Video-screenshot-henan16\Procedure-20220307-040852,rgb,datasets/ION_bronch/case_016/intraop_00/Video-screenshot-henan16/Procedure-20220307-040852,1,False,False,False,test,datasets/ION_bronch/case_016/intraop_00/Video-screenshot-henan16/Procedure-20220307-040852/ion_screenshot-20220307-044203_930.png,bronch
ION_bronch,case_016\intraop_00\Video-screenshot-henan16\Procedure-20220307-040852\ion_video_2022-03-07_04-22-46_L_frames,rgb,datasets/ION_bronch/case_016/intraop_00/Video-screenshot-henan16/Procedure-20220307-040852/ion_video_2022-03-07_04-22-46_L_frames,2827,False,False,False,train,datasets/ION_bronch/case_016/intraop_00/Video-screenshot-henan16/Procedure-20220307-040852/ion_video_2022-03-07_04-22-46_L_frames/frame_000000.jpg,bronch
ION_bronch,case_017\intraop_00\Video-screenshot-henan17\Procedure-20220310-062314\ion_video_2022-03-10_07-29-18_L_frames,rgb,datasets/ION_bronch/case_017/intraop_00/Video-screenshot-henan17/Procedure-20220310-062314/ion_video_2022-03-10_07-29-18_L_frames,2676,False,False,False,train,datasets/ION_bronch/case_017/intraop_00/Video-screenshot-henan17/Procedure-20220310-062314/ion_video_2022-03-10_07-29-18_L_frames/frame_000000.jpg,bronch
ION_bronch,case_018\intraop_00\Video-screenshot-henan18\Procedure-20220315-020507\ion_video_2022-03-15_02-40-15_L_frames,rgb,datasets/ION_bronch/case_018/intraop_00/Video-screenshot-henan18/Procedure-20220315-020507/ion_video_2022-03-15_02-40-15_L_frames,3958,False,False,False,train,datasets/ION_bronch/case_018/intraop_00/Video-screenshot-henan18/Procedure-20220315-020507/ion_video_2022-03-15_02-40-15_L_frames/frame_000000.jpg,bronch
ION_bronch,case_019\intraop_00\Video-screenshot-henan19\Procedure-20220317-044129,rgb,datasets/ION_bronch/case_019/intraop_00/Video-screenshot-henan19/Procedure-20220317-044129,7,False,False,False,val,datasets/ION_bronch/case_019/intraop_00/Video-screenshot-henan19/Procedure-20220317-044129/ion_screenshot-20220317-050609_088.png,bronch
ION_bronch,case_019\intraop_00\Video-screenshot-henan19\Procedure-20220317-044129\ion_video_2022-03-17_05-04-37_L_frames,rgb,datasets/ION_bronch/case_019/intraop_00/Video-screenshot-henan19/Procedure-20220317-044129/ion_video_2022-03-17_05-04-37_L_frames,1562,False,False,False,train,datasets/ION_bronch/case_019/intraop_00/Video-screenshot-henan19/Procedure-20220317-044129/ion_video_2022-03-17_05-04-37_L_frames/frame_000000.jpg,bronch
ION_bronch,case_020\intraop_00\Video-screenshot-henan20\Procedure-20220322-024619,rgb,datasets/ION_bronch/case_020/intraop_00/Video-screenshot-henan20/Procedure-20220322-024619,10,False,False,False,test,datasets/ION_bronch/case_020/intraop_00/Video-screenshot-henan20/Procedure-20220322-024619/henan-20：小探头偏-应该走内支分叉.png,bronch
ION_bronch,case_020\intraop_00\Video-screenshot-henan20\Procedure-20220322-024619\ion_video_2022-03-22_03-09-00_L_frames,rgb,datasets/ION_bronch/case_020/intraop_00/Video-screenshot-henan20/Procedure-20220322-024619/ion_video_2022-03-22_03-09-00_L_frames,4695,False,False,False,train,datasets/ION_bronch/case_020/intraop_00/Video-screenshot-henan20/Procedure-20220322-024619/ion_video_2022-03-22_03-09-00_L_frames/frame_000000.jpg,bronch
ION_bronch,case_020\intraop_00\Video-screenshot-henan20\Procedure-20220322-024619\New folder,rgb,datasets/ION_bronch/case_020/intraop_00/Video-screenshot-henan20/Procedure-20220322-024619/New folder,7,False,False,False,train,datasets/ION_bronch/case_020/intraop_00/Video-screenshot-henan20/Procedure-20220322-024619/New folder/PlanPoint-20220321-212322.png,bronch
ION_bronch,case_021\intraop_00\Video-screenshot-henan21\Procedure-20220331-014951,rgb,datasets/ION_bronch/case_021/intraop_00/Video-screenshot-henan21/Procedure-20220331-014951,5,False,False,False,test,datasets/ION_bronch/case_021/intraop_00/Video-screenshot-henan21/Procedure-20220331-014951/ion_screenshot-20220331-022211_061.png,bronch
ION_bronch,case_021\intraop_00\Video-screenshot-henan21\Procedure-20220331-014951\ion_video_2022-03-31_02-15-27_L_frames,rgb,datasets/ION_bronch/case_021/intraop_00/Video-screenshot-henan21/Procedure-20220331-014951/ion_video_2022-03-31_02-15-27_L_frames,2648,False,False,False,test,datasets/ION_bronch/case_021/intraop_00/Video-screenshot-henan21/Procedure-20220331-014951/ion_video_2022-03-31_02-15-27_L_frames/frame_000000.jpg,bronch
ION_bronch,case_022\intraop_00\Video-screenshot-henan22\Procedure-20220331-024812,rgb,datasets/ION_bronch/case_022/intraop_00/Video-screenshot-henan22/Procedure-20220331-024812,4,False,False,False,val,datasets/ION_bronch/case_022/intraop_00/Video-screenshot-henan22/Procedure-20220331-024812/ion_screenshot-20220331-035601_830.png,bronch
ION_bronch,case_022\intraop_00\Video-screenshot-henan22\Procedure-20220331-024812\ion_video_2022-03-31_03-37-21_L_frames,rgb,datasets/ION_bronch/case_022/intraop_00/Video-screenshot-henan22/Procedure-20220331-024812/ion_video_2022-03-31_03-37-21_L_frames,9930,False,False,False,train,datasets/ION_bronch/case_022/intraop_00/Video-screenshot-henan22/Procedure-20220331-024812/ion_video_2022-03-31_03-37-21_L_frames/frame_000000.jpg,bronch
ION_bronch,case_023\intraop_00\Video-screenshot-henan23\Procedure-20220331-002611,rgb,datasets/ION_bronch/case_023/intraop_00/Video-screenshot-henan23/Procedure-20220331-002611,12,False,False,False,train,datasets/ION_bronch/case_023/intraop_00/Video-screenshot-henan23/Procedure-20220331-002611/ion_screenshot-20220331-005912_612.png,bronch
ION_bronch,case_023\intraop_00\Video-screenshot-henan23\Procedure-20220331-002611\ion_video_2022-03-31_00-47-29_L_frames,rgb,datasets/ION_bronch/case_023/intraop_00/Video-screenshot-henan23/Procedure-20220331-002611/ion_video_2022-03-31_00-47-29_L_frames,6679,False,False,False,train,datasets/ION_bronch/case_023/intraop_00/Video-screenshot-henan23/Procedure-20220331-002611/ion_video_2022-03-31_00-47-29_L_frames/frame_000000.jpg,bronch
ION_bronch,case_025\intraop_00\Video-screenshot-henan25\Procedure-20220412-040531,rgb,datasets/ION_bronch/case_025/intraop_00/Video-screenshot-henan25/Procedure-20220412-040531,14,False,False,False,train,datasets/ION_bronch/case_025/intraop_00/Video-screenshot-henan25/Procedure-20220412-040531/ion_screenshot-20220412-044050_161.png,bronch
ION_bronch,case_025\intraop_00\Video-screenshot-henan25\Procedure-20220412-040531\ion_video_2022-04-12_04-37-41_L_frames,rgb,datasets/ION_bronch/case_025/intraop_00/Video-screenshot-henan25/Procedure-20220412-040531/ion_video_2022-04-12_04-37-41_L_frames,2524,False,False,False,train,datasets/ION_bronch/case_025/intraop_00/Video-screenshot-henan25/Procedure-20220412-040531/ion_video_2022-04-12_04-37-41_L_frames/frame_000000.jpg,bronch
ION_bronch,case_026\intraop_00\Video-screenshot-henan26\Procedure-20220411-023125,rgb,datasets/ION_bronch/case_026/intraop_00/Video-screenshot-henan26/Procedure-20220411-023125,31,False,False,False,train,datasets/ION_bronch/case_026/intraop_00/Video-screenshot-henan26/Procedure-20220411-023125/ion_screenshot-20220411-030234_535.png,bronch
ION_bronch,case_026\intraop_00\Video-screenshot-henan26\Procedure-20220411-023125\ion_video_2022-04-11_02-57-55_L_frames,rgb,datasets/ION_bronch/case_026/intraop_00/Video-screenshot-henan26/Procedure-20220411-023125/ion_video_2022-04-11_02-57-55_L_frames,10151,False,False,False,train,datasets/ION_bronch/case_026/intraop_00/Video-screenshot-henan26/Procedure-20220411-023125/ion_video_2022-04-11_02-57-55_L_frames/frame_000000.jpg,bronch
ION_bronch,case_027\intraop_00\Video-screenshot-henan27\Procedure-20220414-022719,rgb,datasets/ION_bronch/case_027/intraop_00/Video-screenshot-henan27/Procedure-20220414-022719,5,False,False,False,train,datasets/ION_bronch/case_027/intraop_00/Video-screenshot-henan27/Procedure-20220414-022719/ion_screenshot-20220414-032647_276.png,bronch
ION_bronch,case_027\intraop_00\Video-screenshot-henan27\Procedure-20220414-022719\ion_video_2022-04-14_03-22-30_L_frames,rgb,datasets/ION_bronch/case_027/intraop_00/Video-screenshot-henan27/Procedure-20220414-022719/ion_video_2022-04-14_03-22-30_L_frames,5088,False,False,False,train,datasets/ION_bronch/case_027/intraop_00/Video-screenshot-henan27/Procedure-20220414-022719/ion_video_2022-04-14_03-22-30_L_frames/frame_000000.jpg,bronch
ION_bronch,case_028\intraop_00\Video-screenshot-henan28\Procedure-20220426-034202,rgb,datasets/ION_bronch/case_028/intraop_00/Video-screenshot-henan28/Procedure-20220426-034202,24,False,False,False,test,datasets/ION_bronch/case_028/intraop_00/Video-screenshot-henan28/Procedure-20220426-034202/ion_screenshot-20220426-042439_812.png,bronch
ION_bronch,case_028\intraop_00\Video-screenshot-henan28\Procedure-20220426-034202\ion_video_2022-04-26_04-16-56_L_frames,rgb,datasets/ION_bronch/case_028/intraop_00/Video-screenshot-henan28/Procedure-20220426-034202/ion_video_2022-04-26_04-16-56_L_frames,5618,False,False,False,train,datasets/ION_bronch/case_028/intraop_00/Video-screenshot-henan28/Procedure-20220426-034202/ion_video_2022-04-26_04-16-56_L_frames/frame_000000.jpg,bronch
ION_bronch,case_029\video_00_frames,rgb,datasets/ION_bronch/case_029/video_00_frames,3774,False,False,False,train,datasets/ION_bronch/case_029/video_00_frames/frame_000000.jpg,bronch
ION_bronch,case_030\video_00_frames,rgb,datasets/ION_bronch/case_030/video_00_frames,2345,False,False,False,train,datasets/ION_bronch/case_030/video_00_frames/frame_000000.jpg,bronch
SCARED,dataset_1\keyframe_1\data\rgb.mp4,video,datasets/SCARED/dataset_1/keyframe_1/data,-1,False,False,False,train,datasets/SCARED/dataset_1/keyframe_1/data/rgb.mp4,laparo
SCARED,dataset_1\keyframe_2\data\rgb.mp4,video,datasets/SCARED/dataset_1/keyframe_2/data,-1,False,False,False,train,datasets/SCARED/dataset_1/keyframe_2/data/rgb.mp4,laparo
SCARED,dataset_1\keyframe_3\data\rgb.mp4,video,datasets/SCARED/dataset_1/keyframe_3/data,-1,False,False,False,val,datasets/SCARED/dataset_1/keyframe_3/data/rgb.mp4,laparo
SCARED,dataset_2\keyframe_1\data\rgb.mp4,video,datasets/SCARED/dataset_2/keyframe_1/data,-1,False,False,False,train,datasets/SCARED/dataset_2/keyframe_1/data/rgb.mp4,laparo
SCARED,dataset_2\keyframe_2\data\rgb.mp4,video,datasets/SCARED/dataset_2/keyframe_2/data,-1,False,False,False,train,datasets/SCARED/dataset_2/keyframe_2/data/rgb.mp4,laparo
SCARED,dataset_2\keyframe_3\data\rgb.mp4,video,datasets/SCARED/dataset_2/keyframe_3/data,-1,False,False,False,train,datasets/SCARED/dataset_2/keyframe_3/data/rgb.mp4,laparo
SCARED,dataset_2\keyframe_4\data\rgb.mp4,video,datasets/SCARED/dataset_2/keyframe_4/data,-1,False,False,False,train,datasets/SCARED/dataset_2/keyframe_4/data/rgb.mp4,laparo
SCARED,dataset_3\keyframe_1\data\rgb.mp4,video,datasets/SCARED/dataset_3/keyframe_1/data,-1,False,False,False,val,datasets/SCARED/dataset_3/keyframe_1/data/rgb.mp4,laparo
SCARED,dataset_3\keyframe_2\data\rgb.mp4,video,datasets/SCARED/dataset_3/keyframe_2/data,-1,False,False,False,val,datasets/SCARED/dataset_3/keyframe_2/data/rgb.mp4,laparo
SCARED,dataset_3\keyframe_3\data\rgb.mp4,video,datasets/SCARED/dataset_3/keyframe_3/data,-1,False,False,False,train,datasets/SCARED/dataset_3/keyframe_3/data/rgb.mp4,laparo
SCARED,dataset_3\keyframe_4\data\rgb.mp4,video,datasets/SCARED/dataset_3/keyframe_4/data,-1,False,False,False,train,datasets/SCARED/dataset_3/keyframe_4/data/rgb.mp4,laparo
SCARED,dataset_5\dataset_5\keyframe_1\data\rgb.mp4,video,datasets/SCARED/dataset_5/dataset_5/keyframe_1/data,-1,False,False,False,train,datasets/SCARED/dataset_5/dataset_5/keyframe_1/data/rgb.mp4,laparo
SCARED,dataset_5\dataset_5\keyframe_2\data\rgb.mp4,video,datasets/SCARED/dataset_5/dataset_5/keyframe_2/data,-1,False,False,False,val,datasets/SCARED/dataset_5/dataset_5/keyframe_2/data/rgb.mp4,laparo
SCARED,dataset_5\dataset_5\keyframe_3\data\rgb.mp4,video,datasets/SCARED/dataset_5/dataset_5/keyframe_3/data,-1,False,False,False,test,datasets/SCARED/dataset_5/dataset_5/keyframe_3/data/rgb.mp4,laparo
SCARED,dataset_5\dataset_5\keyframe_4\data\rgb.mp4,video,datasets/SCARED/dataset_5/dataset_5/keyframe_4/data,-1,False,False,False,train,datasets/SCARED/dataset_5/dataset_5/keyframe_4/data/rgb.mp4,laparo
SCARED,dataset_6\dataset_6\keyframe_1\data\rgb.mp4,video,datasets/SCARED/dataset_6/dataset_6/keyframe_1/data,-1,False,False,False,train,datasets/SCARED/dataset_6/dataset_6/keyframe_1/data/rgb.mp4,laparo
SCARED,dataset_6\dataset_6\keyframe_2\data\rgb.mp4,video,datasets/SCARED/dataset_6/dataset_6/keyframe_2/data,-1,False,False,False,train,datasets/SCARED/dataset_6/dataset_6/keyframe_2/data/rgb.mp4,laparo
SCARED,dataset_6\dataset_6\keyframe_3\data\rgb.mp4,video,datasets/SCARED/dataset_6/dataset_6/keyframe_3/data,-1,False,False,False,train,datasets/SCARED/dataset_6/dataset_6/keyframe_3/data/rgb.mp4,laparo
SCARED,dataset_6\dataset_6\keyframe_4\data\rgb.mp4,video,datasets/SCARED/dataset_6/dataset_6/keyframe_4/data,-1,False,False,False,test,datasets/SCARED/dataset_6/dataset_6/keyframe_4/data/rgb.mp4,laparo
SCARED,dataset_7\dataset_7\keyframe_1\data\rgb.mp4,video,datasets/SCARED/dataset_7/dataset_7/keyframe_1/data,-1,False,False,False,val,datasets/SCARED/dataset_7/dataset_7/keyframe_1/data/rgb.mp4,laparo
SCARED,dataset_7\dataset_7\keyframe_2\data\rgb.mp4,video,datasets/SCARED/dataset_7/dataset_7/keyframe_2/data,-1,False,False,False,train,datasets/SCARED/dataset_7/dataset_7/keyframe_2/data/rgb.mp4,laparo
SCARED,dataset_7\dataset_7\keyframe_3\data\rgb.mp4,video,datasets/SCARED/dataset_7/dataset_7/keyframe_3/data,-1,False,False,False,train,datasets/SCARED/dataset_7/dataset_7/keyframe_3/data/rgb.mp4,laparo
SCARED,dataset_7\dataset_7\keyframe_4\data\rgb.mp4,video,datasets/SCARED/dataset_7/dataset_7/keyframe_4/data,-1,False,False,False,train,datasets/SCARED/dataset_7/dataset_7/keyframe_4/data/rgb.mp4,laparo
SCARED,dataset_1\keyframe_1,rgb,datasets/SCARED/dataset_1/keyframe_1,4,False,False,False,train,datasets/SCARED/dataset_1/keyframe_1/Left_Image.png,laparo
SCARED,dataset_1\keyframe_1\data\rgb_frames,rgb,datasets/SCARED/dataset_1/keyframe_1/data/rgb_frames,17,False,False,False,train,datasets/SCARED/dataset_1/keyframe_1/data/rgb_frames/frame_000000.jpg,laparo
SCARED,dataset_1\keyframe_2,rgb,datasets/SCARED/dataset_1/keyframe_2,4,False,False,False,train,datasets/SCARED/dataset_1/keyframe_2/Left_Image.png,laparo
SCARED,dataset_1\keyframe_2\data\rgb_frames,rgb,datasets/SCARED/dataset_1/keyframe_2/data/rgb_frames,24,False,False,False,train,datasets/SCARED/dataset_1/keyframe_2/data/rgb_frames/frame_000000.jpg,laparo
SCARED,dataset_1\keyframe_3,rgb,datasets/SCARED/dataset_1/keyframe_3,4,False,False,False,train,datasets/SCARED/dataset_1/keyframe_3/Left_Image.png,laparo
SCARED,dataset_1\keyframe_3\data\rgb_frames,rgb,datasets/SCARED/dataset_1/keyframe_3/data/rgb_frames,40,False,False,False,train,datasets/SCARED/dataset_1/keyframe_3/data/rgb_frames/frame_000000.jpg,laparo
SCARED,dataset_1\keyframe_4,rgb,datasets/SCARED/dataset_1/keyframe_4,4,False,False,False,train,datasets/SCARED/dataset_1/keyframe_4/Left_Image.png,laparo
SCARED,dataset_1\keyframe_5,rgb,datasets/SCARED/dataset_1/keyframe_5,4,False,False,False,train,datasets/SCARED/dataset_1/keyframe_5/Left_Image.png,laparo
SCARED,dataset_2\keyframe_1,rgb,datasets/SCARED/dataset_2/keyframe_1,4,False,False,False,train,datasets/SCARED/dataset_2/keyframe_1/Left_Image.png,laparo
SCARED,dataset_2\keyframe_1\data\rgb_frames,rgb,datasets/SCARED/dataset_2/keyframe_1/data/rgb_frames,8,False,False,False,train,datasets/SCARED/dataset_2/keyframe_1/data/rgb_frames/frame_000000.jpg,laparo
SCARED,dataset_2\keyframe_2,rgb,datasets/SCARED/dataset_2/keyframe_2,4,False,False,False,train,datasets/SCARED/dataset_2/keyframe_2/Left_Image.png,laparo
SCARED,dataset_2\keyframe_2\data\rgb_frames,rgb,datasets/SCARED/dataset_2/keyframe_2/data/rgb_frames,87,False,False,False,train,datasets/SCARED/dataset_2/keyframe_2/data/rgb_frames/frame_000000.jpg,laparo
SCARED,dataset_2\keyframe_3,rgb,datasets/SCARED/dataset_2/keyframe_3,4,False,False,False,train,datasets/SCARED/dataset_2/keyframe_3/Left_Image.png,laparo
SCARED,dataset_2\keyframe_3\data\rgb_frames,rgb,datasets/SCARED/dataset_2/keyframe_3/data/rgb_frames,92,False,False,False,train,datasets/SCARED/dataset_2/keyframe_3/data/rgb_frames/frame_000000.jpg,laparo
SCARED,dataset_2\keyframe_4,rgb,datasets/SCARED/dataset_2/keyframe_4,4,False,False,False,train,datasets/SCARED/dataset_2/keyframe_4/Left_Image.png,laparo
SCARED,dataset_2\keyframe_4\data\rgb_frames,rgb,datasets/SCARED/dataset_2/keyframe_4/data/rgb_frames,177,False,False,False,train,datasets/SCARED/dataset_2/keyframe_4/data/rgb_frames/frame_000000.jpg,laparo
SCARED,dataset_2\keyframe_5,rgb,datasets/SCARED/dataset_2/keyframe_5,4,False,False,False,test,datasets/SCARED/dataset_2/keyframe_5/Left_Image.png,laparo
SCARED,dataset_3\keyframe_1,rgb,datasets/SCARED/dataset_3/keyframe_1,4,False,False,False,train,datasets/SCARED/dataset_3/keyframe_1/Left_Image.png,laparo
SCARED,dataset_3\keyframe_1\data\rgb_frames,rgb,datasets/SCARED/dataset_3/keyframe_1/data/rgb_frames,28,False,False,False,train,datasets/SCARED/dataset_3/keyframe_1/data/rgb_frames/frame_000000.jpg,laparo
SCARED,dataset_3\keyframe_2,rgb,datasets/SCARED/dataset_3/keyframe_2,4,False,False,False,train,datasets/SCARED/dataset_3/keyframe_2/Left_Image.png,laparo
SCARED,dataset_3\keyframe_2\data\rgb_frames,rgb,datasets/SCARED/dataset_3/keyframe_2/data/rgb_frames,134,False,False,False,train,datasets/SCARED/dataset_3/keyframe_2/data/rgb_frames/frame_000000.jpg,laparo
SCARED,dataset_3\keyframe_3,rgb,datasets/SCARED/dataset_3/keyframe_3,4,False,False,False,train,datasets/SCARED/dataset_3/keyframe_3/Left_Image.png,laparo
SCARED,dataset_3\keyframe_3\data\rgb_frames,rgb,datasets/SCARED/dataset_3/keyframe_3/data/rgb_frames,38,False,False,False,train,datasets/SCARED/dataset_3/keyframe_3/data/rgb_frames/frame_000000.jpg,laparo
SCARED,dataset_3\keyframe_4,rgb,datasets/SCARED/dataset_3/keyframe_4,4,False,False,False,train,datasets/SCARED/dataset_3/keyframe_4/Left_Image.png,laparo
SCARED,dataset_3\keyframe_4\data\rgb_frames,rgb,datasets/SCARED/dataset_3/keyframe_4/data/rgb_frames,70,False,False,False,test,datasets/SCARED/dataset_3/keyframe_4/data/rgb_frames/frame_000000.jpg,laparo
SCARED,dataset_3\keyframe_5,rgb,datasets/SCARED/dataset_3/keyframe_5,4,False,False,False,train,datasets/SCARED/dataset_3/keyframe_5/Left_Image.png,laparo
SCARED,dataset_5\dataset_5\keyframe_1,rgb,datasets/SCARED/dataset_5/dataset_5/keyframe_1,4,False,False,False,test,datasets/SCARED/dataset_5/dataset_5/keyframe_1/Left_Image.png,laparo
SCARED,dataset_5\dataset_5\keyframe_1\data\rgb_frames,rgb,datasets/SCARED/dataset_5/dataset_5/keyframe_1/data/rgb_frames,17,False,False,False,train,datasets/SCARED/dataset_5/dataset_5/keyframe_1/data/rgb_frames/frame_000000.jpg,laparo
SCARED,dataset_5\dataset_5\keyframe_2,rgb,datasets/SCARED/dataset_5/dataset_5/keyframe_2,4,False,False,False,train,datasets/SCARED/dataset_5/dataset_5/keyframe_2/Left_Image.png,laparo
SCARED,dataset_5\dataset_5\keyframe_2\data\rgb_frames,rgb,datasets/SCARED/dataset_5/dataset_5/keyframe_2/data/rgb_frames,140,False,False,False,val,datasets/SCARED/dataset_5/dataset_5/keyframe_2/data/rgb_frames/frame_000000.jpg,laparo
SCARED,dataset_5\dataset_5\keyframe_3,rgb,datasets/SCARED/dataset_5/dataset_5/keyframe_3,4,False,False,False,train,datasets/SCARED/dataset_5/dataset_5/keyframe_3/Left_Image.png,laparo
SCARED,dataset_5\dataset_5\keyframe_3\data\rgb_frames,rgb,datasets/SCARED/dataset_5/dataset_5/keyframe_3/data/rgb_frames,120,False,False,False,train,datasets/SCARED/dataset_5/dataset_5/keyframe_3/data/rgb_frames/frame_000000.jpg,laparo
SCARED,dataset_5\dataset_5\keyframe_4,rgb,datasets/SCARED/dataset_5/dataset_5/keyframe_4,4,False,False,False,test,datasets/SCARED/dataset_5/dataset_5/keyframe_4/Left_Image.png,laparo
SCARED,dataset_5\dataset_5\keyframe_4\data\rgb_frames,rgb,datasets/SCARED/dataset_5/dataset_5/keyframe_4/data/rgb_frames,35,False,False,False,test,datasets/SCARED/dataset_5/dataset_5/keyframe_4/data/rgb_frames/frame_000000.jpg,laparo
SCARED,dataset_5\dataset_5\keyframe_5,rgb,datasets/SCARED/dataset_5/dataset_5/keyframe_5,4,False,False,False,val,datasets/SCARED/dataset_5/dataset_5/keyframe_5/Left_Image.png,laparo
SCARED,dataset_6\dataset_6\keyframe_1,rgb,datasets/SCARED/dataset_6/dataset_6/keyframe_1,4,False,False,False,train,datasets/SCARED/dataset_6/dataset_6/keyframe_1/Left_Image.png,laparo
SCARED,dataset_6\dataset_6\keyframe_1\data\rgb_frames,rgb,datasets/SCARED/dataset_6/dataset_6/keyframe_1/data/rgb_frames,54,False,False,False,train,datasets/SCARED/dataset_6/dataset_6/keyframe_1/data/rgb_frames/frame_000000.jpg,laparo
SCARED,dataset_6\dataset_6\keyframe_2,rgb,datasets/SCARED/dataset_6/dataset_6/keyframe_2,4,False,False,False,train,datasets/SCARED/dataset_6/dataset_6/keyframe_2/Left_Image.png,laparo
SCARED,dataset_6\dataset_6\keyframe_2\data\rgb_frames,rgb,datasets/SCARED/dataset_6/dataset_6/keyframe_2/data/rgb_frames,91,False,False,False,train,datasets/SCARED/dataset_6/dataset_6/keyframe_2/data/rgb_frames/frame_000000.jpg,laparo
SCARED,dataset_6\dataset_6\keyframe_3,rgb,datasets/SCARED/dataset_6/dataset_6/keyframe_3,4,False,False,False,train,datasets/SCARED/dataset_6/dataset_6/keyframe_3/Left_Image.png,laparo
SCARED,dataset_6\dataset_6\keyframe_3\data\rgb_frames,rgb,datasets/SCARED/dataset_6/dataset_6/keyframe_3/data/rgb_frames,132,False,False,False,val,datasets/SCARED/dataset_6/dataset_6/keyframe_3/data/rgb_frames/frame_000000.jpg,laparo
SCARED,dataset_6\dataset_6\keyframe_4,rgb,datasets/SCARED/dataset_6/dataset_6/keyframe_4,4,False,False,False,train,datasets/SCARED/dataset_6/dataset_6/keyframe_4/Left_Image.png,laparo
SCARED,dataset_6\dataset_6\keyframe_4\data\rgb_frames,rgb,datasets/SCARED/dataset_6/dataset_6/keyframe_4/data/rgb_frames,114,False,False,False,train,datasets/SCARED/dataset_6/dataset_6/keyframe_4/data/rgb_frames/frame_000000.jpg,laparo
SCARED,dataset_6\dataset_6\keyframe_5,rgb,datasets/SCARED/dataset_6/dataset_6/keyframe_5,4,False,False,False,train,datasets/SCARED/dataset_6/dataset_6/keyframe_5/Left_Image.png,laparo
SCARED,dataset_7\dataset_7\keyframe_1,rgb,datasets/SCARED/dataset_7/dataset_7/keyframe_1,4,False,False,False,train,datasets/SCARED/dataset_7/dataset_7/keyframe_1/Left_Image.png,laparo
SCARED,dataset_7\dataset_7\keyframe_1\data\rgb_frames,rgb,datasets/SCARED/dataset_7/dataset_7/keyframe_1/data/rgb_frames,54,False,False,False,train,datasets/SCARED/dataset_7/dataset_7/keyframe_1/data/rgb_frames/frame_000000.jpg,laparo
SCARED,dataset_7\dataset_7\keyframe_2,rgb,datasets/SCARED/dataset_7/dataset_7/keyframe_2,4,False,False,False,val,datasets/SCARED/dataset_7/dataset_7/keyframe_2/Left_Image.png,laparo
SCARED,dataset_7\dataset_7\keyframe_2\data\rgb_frames,rgb,datasets/SCARED/dataset_7/dataset_7/keyframe_2/data/rgb_frames,53,False,False,False,train,datasets/SCARED/dataset_7/dataset_7/keyframe_2/data/rgb_frames/frame_000000.jpg,laparo
SCARED,dataset_7\dataset_7\keyframe_3,rgb,datasets/SCARED/dataset_7/dataset_7/keyframe_3,4,False,False,False,train,datasets/SCARED/dataset_7/dataset_7/keyframe_3/Left_Image.png,laparo
SCARED,dataset_7\dataset_7\keyframe_3\data\rgb_frames,rgb,datasets/SCARED/dataset_7/dataset_7/keyframe_3/data/rgb_frames,49,False,False,False,train,datasets/SCARED/dataset_7/dataset_7/keyframe_3/data/rgb_frames/frame_000000.jpg,laparo
SCARED,dataset_7\dataset_7\keyframe_4,rgb,datasets/SCARED/dataset_7/dataset_7/keyframe_4,4,False,False,False,train,datasets/SCARED/dataset_7/dataset_7/keyframe_4/Left_Image.png,laparo
SCARED,dataset_7\dataset_7\keyframe_4\data\rgb_frames,rgb,datasets/SCARED/dataset_7/dataset_7/keyframe_4/data/rgb_frames,184,False,False,False,train,datasets/SCARED/dataset_7/dataset_7/keyframe_4/data/rgb_frames/frame_000000.jpg,laparo
SCARED,dataset_7\dataset_7\keyframe_5,rgb,datasets/SCARED/dataset_7/dataset_7/keyframe_5,4,False,False,False,train,datasets/SCARED/dataset_7/dataset_7/keyframe_5/Left_Image.png,laparo
Kvasir-Capsule,kvasir-capsule-labeled-videos\labelled_videos\04a78ef00c5245e0.mp4,video,datasets/Kvasir-Capsule/kvasir-capsule-labeled-videos/labelled_videos,-1,False,False,False,train,datasets/Kvasir-Capsule/kvasir-capsule-labeled-videos/labelled_videos/04a78ef00c5245e0.mp4,gi
Kvasir-Capsule,kvasir-capsule-labeled-videos\labelled_videos\0531325b64674948.mp4,video,datasets/Kvasir-Capsule/kvasir-capsule-labeled-videos/labelled_videos,-1,False,False,False,val,datasets/Kvasir-Capsule/kvasir-capsule-labeled-videos/labelled_videos/0531325b64674948.mp4,gi
Kvasir-Capsule,kvasir-capsule-labeled-videos\labelled_videos\0728084c8da942d9.mp4,video,datasets/Kvasir-Capsule/kvasir-capsule-labeled-videos/labelled_videos,-1,False,False,False,val,datasets/Kvasir-Capsule/kvasir-capsule-labeled-videos/labelled_videos/0728084c8da942d9.mp4,gi
Kvasir-Capsule,kvasir-capsule-labeled-videos\labelled_videos\07c1fa15a20a4398.mp4,video,datasets/Kvasir-Capsule/kvasir-capsule-labeled-videos/labelled_videos,-1,False,False,False,train,datasets/Kvasir-Capsule/kvasir-capsule-labeled-videos/labelled_videos/07c1fa15a20a4398.mp4,gi
Kvasir-Capsule,kvasir-capsule-labeled-videos\labelled_videos\131368cc17e44240.mp4,video,datasets/Kvasir-Capsule/kvasir-capsule-labeled-videos/labelled_videos,-1,False,False,False,test,datasets/Kvasir-Capsule/kvasir-capsule-labeled-videos/labelled_videos/131368cc17e44240.mp4,gi
Kvasir-Capsule,kvasir-capsule-labeled-videos\labelled_videos\2fc3db471f9d44c0.mp4,video,datasets/Kvasir-Capsule/kvasir-capsule-labeled-videos/labelled_videos,-1,False,False,False,val,datasets/Kvasir-Capsule/kvasir-capsule-labeled-videos/labelled_videos/2fc3db471f9d44c0.mp4,gi
Kvasir-Capsule,kvasir-capsule-labeled-videos\labelled_videos\39960e5e099a45ca.mp4,video,datasets/Kvasir-Capsule/kvasir-capsule-labeled-videos/labelled_videos,-1,False,False,False,train,datasets/Kvasir-Capsule/kvasir-capsule-labeled-videos/labelled_videos/39960e5e099a45ca.mp4,gi
Kvasir-Capsule,kvasir-capsule-labeled-videos\labelled_videos\3ada4222967f421d.mp4,video,datasets/Kvasir-Capsule/kvasir-capsule-labeled-videos/labelled_videos,-1,False,False,False,train,datasets/Kvasir-Capsule/kvasir-capsule-labeled-videos/labelled_videos/3ada4222967f421d.mp4,gi
Kvasir-Capsule,kvasir-capsule-labeled-videos\labelled_videos\3c8d5f0b90d7475d.mp4,video,datasets/Kvasir-Capsule/kvasir-capsule-labeled-videos/labelled_videos,-1,False,False,False,train,datasets/Kvasir-Capsule/kvasir-capsule-labeled-videos/labelled_videos/3c8d5f0b90d7475d.mp4,gi
Kvasir-Capsule,kvasir-capsule-labeled-videos\labelled_videos\4560e83f9afc4685.mp4,video,datasets/Kvasir-Capsule/kvasir-capsule-labeled-videos/labelled_videos,-1,False,False,False,train,datasets/Kvasir-Capsule/kvasir-capsule-labeled-videos/labelled_videos/4560e83f9afc4685.mp4,gi
Kvasir-Capsule,kvasir-capsule-labeled-videos\labelled_videos\48579eec79784294.mp4,video,datasets/Kvasir-Capsule/kvasir-capsule-labeled-videos/labelled_videos,-1,False,False,False,train,datasets/Kvasir-Capsule/kvasir-capsule-labeled-videos/labelled_videos/48579eec79784294.mp4,gi
Kvasir-Capsule,kvasir-capsule-labeled-videos\labelled_videos\495f16498db34d3c.mp4,video,datasets/Kvasir-Capsule/kvasir-capsule-labeled-videos/labelled_videos,-1,False,False,False,train,datasets/Kvasir-Capsule/kvasir-capsule-labeled-videos/labelled_videos/495f16498db34d3c.mp4,gi
Kvasir-Capsule,kvasir-capsule-labeled-videos\labelled_videos\4aebc5cb2d4847aa.mp4,video,datasets/Kvasir-Capsule/kvasir-capsule-labeled-videos/labelled_videos,-1,False,False,False,test,datasets/Kvasir-Capsule/kvasir-capsule-labeled-videos/labelled_videos/4aebc5cb2d4847aa.mp4,gi
Kvasir-Capsule,kvasir-capsule-labeled-videos\labelled_videos\5bb1d3cc7dc64cec.mp4,video,datasets/Kvasir-Capsule/kvasir-capsule-labeled-videos/labelled_videos,-1,False,False,False,train,datasets/Kvasir-Capsule/kvasir-capsule-labeled-videos/labelled_videos/5bb1d3cc7dc64cec.mp4,gi
Kvasir-Capsule,kvasir-capsule-labeled-videos\labelled_videos\5e59c7fdb16c4228.mp4,video,datasets/Kvasir-Capsule/kvasir-capsule-labeled-videos/labelled_videos,-1,False,False,False,train,datasets/Kvasir-Capsule/kvasir-capsule-labeled-videos/labelled_videos/5e59c7fdb16c4228.mp4,gi
Kvasir-Capsule,kvasir-capsule-labeled-videos\labelled_videos\5e9beaf4e66142c8.mp4,video,datasets/Kvasir-Capsule/kvasir-capsule-labeled-videos/labelled_videos,-1,False,False,False,test,datasets/Kvasir-Capsule/kvasir-capsule-labeled-videos/labelled_videos/5e9beaf4e66142c8.mp4,gi
Kvasir-Capsule,kvasir-capsule-labeled-videos\labelled_videos\64440803f87b4843.mp4,video,datasets/Kvasir-Capsule/kvasir-capsule-labeled-videos/labelled_videos,-1,False,False,False,train,datasets/Kvasir-Capsule/kvasir-capsule-labeled-videos/labelled_videos/64440803f87b4843.mp4,gi
Kvasir-Capsule,kvasir-capsule-labeled-videos\labelled_videos\6cb700585c4f4070.mp4,video,datasets/Kvasir-Capsule/kvasir-capsule-labeled-videos/labelled_videos,-1,False,False,False,train,datasets/Kvasir-Capsule/kvasir-capsule-labeled-videos/labelled_videos/6cb700585c4f4070.mp4,gi
Kvasir-Capsule,kvasir-capsule-labeled-videos\labelled_videos\7a47e8eacea04e64.mp4,video,datasets/Kvasir-Capsule/kvasir-capsule-labeled-videos/labelled_videos,-1,False,False,False,train,datasets/Kvasir-Capsule/kvasir-capsule-labeled-videos/labelled_videos/7a47e8eacea04e64.mp4,gi
Kvasir-Capsule,kvasir-capsule-labeled-videos\labelled_videos\7ad22d50ebaf4596.mp4,video,datasets/Kvasir-Capsule/kvasir-capsule-labeled-videos/labelled_videos,-1,False,False,False,train,datasets/Kvasir-Capsule/kvasir-capsule-labeled-videos/labelled_videos/7ad22d50ebaf4596.mp4,gi
Kvasir-Capsule,kvasir-capsule-labeled-videos\labelled_videos\8885668afb844852.mp4,video,datasets/Kvasir-Capsule/kvasir-capsule-labeled-videos/labelled_videos,-1,False,False,False,train,datasets/Kvasir-Capsule/kvasir-capsule-labeled-videos/labelled_videos/8885668afb844852.mp4,gi
Kvasir-Capsule,kvasir-capsule-labeled-videos\labelled_videos\89cdd41258c542c5.mp4,video,datasets/Kvasir-Capsule/kvasir-capsule-labeled-videos/labelled_videos,-1,False,False,False,val,datasets/Kvasir-Capsule/kvasir-capsule-labeled-videos/labelled_videos/89cdd41258c542c5.mp4,gi
Kvasir-Capsule,kvasir-capsule-labeled-videos\labelled_videos\8a00709108cd4e2b.mp4,video,datasets/Kvasir-Capsule/kvasir-capsule-labeled-videos/labelled_videos,-1,False,False,False,train,datasets/Kvasir-Capsule/kvasir-capsule-labeled-videos/labelled_videos/8a00709108cd4e2b.mp4,gi
Kvasir-Capsule,kvasir-capsule-labeled-videos\labelled_videos\8ebf0e483cac48d6.mp4,video,datasets/Kvasir-Capsule/kvasir-capsule-labeled-videos/labelled_videos,-1,False,False,False,train,datasets/Kvasir-Capsule/kvasir-capsule-labeled-videos/labelled_videos/8ebf0e483cac48d6.mp4,gi
Kvasir-Capsule,kvasir-capsule-labeled-videos\labelled_videos\ad91cf7ca91440aa.mp4,video,datasets/Kvasir-Capsule/kvasir-capsule-labeled-videos/labelled_videos,-1,False,False,False,train,datasets/Kvasir-Capsule/kvasir-capsule-labeled-videos/labelled_videos/ad91cf7ca91440aa.mp4,gi
Kvasir-Capsule,kvasir-capsule-labeled-videos\labelled_videos\af9bd7d0e43741e3.mp4,video,datasets/Kvasir-Capsule/kvasir-capsule-labeled-videos/labelled_videos,-1,False,False,False,train,datasets/Kvasir-Capsule/kvasir-capsule-labeled-videos/labelled_videos/af9bd7d0e43741e3.mp4,gi
Kvasir-Capsule,kvasir-capsule-labeled-videos\labelled_videos\b2134f4a6f864613.mp4,video,datasets/Kvasir-Capsule/kvasir-capsule-labeled-videos/labelled_videos,-1,False,False,False,test,datasets/Kvasir-Capsule/kvasir-capsule-labeled-videos/labelled_videos/b2134f4a6f864613.mp4,gi
Kvasir-Capsule,kvasir-capsule-labeled-videos\labelled_videos\bc84479c66fe4da6.mp4,video,datasets/Kvasir-Capsule/kvasir-capsule-labeled-videos/labelled_videos,-1,False,False,False,train,datasets/Kvasir-Capsule/kvasir-capsule-labeled-videos/labelled_videos/bc84479c66fe4da6.mp4,gi
Kvasir-Capsule,kvasir-capsule-labeled-videos\labelled_videos\bca26705313a4644.mp4,video,datasets/Kvasir-Capsule/kvasir-capsule-labeled-videos/labelled_videos,-1,False,False,False,val,datasets/Kvasir-Capsule/kvasir-capsule-labeled-videos/labelled_videos/bca26705313a4644.mp4,gi
Kvasir-Capsule,kvasir-capsule-labeled-videos\labelled_videos\c11b28a8b2344716.mp4,video,datasets/Kvasir-Capsule/kvasir-capsule-labeled-videos/labelled_videos,-1,False,False,False,train,datasets/Kvasir-Capsule/kvasir-capsule-labeled-videos/labelled_videos/c11b28a8b2344716.mp4,gi
Kvasir-Capsule,kvasir-capsule-labeled-videos\labelled_videos\c7084b3556e34619.mp4,video,datasets/Kvasir-Capsule/kvasir-capsule-labeled-videos/labelled_videos,-1,False,False,False,train,datasets/Kvasir-Capsule/kvasir-capsule-labeled-videos/labelled_videos/c7084b3556e34619.mp4,gi
Kvasir-Capsule,kvasir-capsule-labeled-videos\labelled_videos\d369e4f163df4aba.mp4,video,datasets/Kvasir-Capsule/kvasir-capsule-labeled-videos/labelled_videos,-1,False,False,False,train,datasets/Kvasir-Capsule/kvasir-capsule-labeled-videos/labelled_videos/d369e4f163df4aba.mp4,gi
Kvasir-Capsule,kvasir-capsule-labeled-videos\labelled_videos\d626f4f4a5ac4785.mp4,video,datasets/Kvasir-Capsule/kvasir-capsule-labeled-videos/labelled_videos,-1,False,False,False,val,datasets/Kvasir-Capsule/kvasir-capsule-labeled-videos/labelled_videos/d626f4f4a5ac4785.mp4,gi
Kvasir-Capsule,kvasir-capsule-labeled-videos\labelled_videos\d7a271f233ba4a40.mp4,video,datasets/Kvasir-Capsule/kvasir-capsule-labeled-videos/labelled_videos,-1,False,False,False,train,datasets/Kvasir-Capsule/kvasir-capsule-labeled-videos/labelled_videos/d7a271f233ba4a40.mp4,gi
Kvasir-Capsule,kvasir-capsule-labeled-videos\labelled_videos\dac1e27f7e4d4ef5.mp4,video,datasets/Kvasir-Capsule/kvasir-capsule-labeled-videos/labelled_videos,-1,False,False,False,train,datasets/Kvasir-Capsule/kvasir-capsule-labeled-videos/labelled_videos/dac1e27f7e4d4ef5.mp4,gi
Kvasir-Capsule,kvasir-capsule-labeled-videos\labelled_videos\dc221ccc65d34010.mp4,video,datasets/Kvasir-Capsule/kvasir-capsule-labeled-videos/labelled_videos,-1,False,False,False,train,datasets/Kvasir-Capsule/kvasir-capsule-labeled-videos/labelled_videos/dc221ccc65d34010.mp4,gi
Kvasir-Capsule,kvasir-capsule-labeled-videos\labelled_videos\dca1377dec974312.mp4,video,datasets/Kvasir-Capsule/kvasir-capsule-labeled-videos/labelled_videos,-1,False,False,False,train,datasets/Kvasir-Capsule/kvasir-capsule-labeled-videos/labelled_videos/dca1377dec974312.mp4,gi
Kvasir-Capsule,kvasir-capsule-labeled-videos\labelled_videos\df6b47bafe5143f5.mp4,video,datasets/Kvasir-Capsule/kvasir-capsule-labeled-videos/labelled_videos,-1,False,False,False,val,datasets/Kvasir-Capsule/kvasir-capsule-labeled-videos/labelled_videos/df6b47bafe5143f5.mp4,gi
Kvasir-Capsule,kvasir-capsule-labeled-videos\labelled_videos\eb0203196e284797.mp4,video,datasets/Kvasir-Capsule/kvasir-capsule-labeled-videos/labelled_videos,-1,False,False,False,val,datasets/Kvasir-Capsule/kvasir-capsule-labeled-videos/labelled_videos/eb0203196e284797.mp4,gi
Kvasir-Capsule,kvasir-capsule-labeled-videos\labelled_videos\ed02f27ef36f483e.mp4,video,datasets/Kvasir-Capsule/kvasir-capsule-labeled-videos/labelled_videos,-1,False,False,False,val,datasets/Kvasir-Capsule/kvasir-capsule-labeled-videos/labelled_videos/ed02f27ef36f483e.mp4,gi
Kvasir-Capsule,kvasir-capsule-labeled-videos\labelled_videos\fb86bc87d3874cd7.mp4,video,datasets/Kvasir-Capsule/kvasir-capsule-labeled-videos/labelled_videos,-1,False,False,False,train,datasets/Kvasir-Capsule/kvasir-capsule-labeled-videos/labelled_videos/fb86bc87d3874cd7.mp4,gi
Kvasir-Capsule,kvasir-capsule-labeled-videos\labelled_videos\fc32def0e7194981.mp4,video,datasets/Kvasir-Capsule/kvasir-capsule-labeled-videos/labelled_videos,-1,False,False,False,train,datasets/Kvasir-Capsule/kvasir-capsule-labeled-videos/labelled_videos/fc32def0e7194981.mp4,gi
Kvasir-Capsule,kvasir-capsule-labeled-videos\labelled_videos\fe5d372e43f94f68.mp4,video,datasets/Kvasir-Capsule/kvasir-capsule-labeled-videos/labelled_videos,-1,False,False,False,train,datasets/Kvasir-Capsule/kvasir-capsule-labeled-videos/labelled_videos/fe5d372e43f94f68.mp4,gi
Kvasir-Capsule,kvasir-capsule-unlabeled-videos\kvasir-capsule-unlabeled-videos\055bbbec392b4f3a.mp4,video,datasets/Kvasir-Capsule/kvasir-capsule-unlabeled-videos/kvasir-capsule-unlabeled-videos,-1,False,False,False,train,datasets/Kvasir-Capsule/kvasir-capsule-unlabeled-videos/kvasir-capsule-unlabeled-videos/055bbbec392b4f3a.mp4,gi
Kvasir-Capsule,kvasir-capsule-unlabeled-videos\kvasir-capsule-unlabeled-videos\08d09e4d7aa140f7.mp4,video,datasets/Kvasir-Capsule/kvasir-capsule-unlabeled-videos/kvasir-capsule-unlabeled-videos,-1,False,False,False,train,datasets/Kvasir-Capsule/kvasir-capsule-unlabeled-videos/kvasir-capsule-unlabeled-videos/08d09e4d7aa140f7.mp4,gi
Kvasir-Capsule,kvasir-capsule-unlabeled-videos\kvasir-capsule-unlabeled-videos\1342422630854f70.mp4,video,datasets/Kvasir-Capsule/kvasir-capsule-unlabeled-videos/kvasir-capsule-unlabeled-videos,-1,False,False,False,train,datasets/Kvasir-Capsule/kvasir-capsule-unlabeled-videos/kvasir-capsule-unlabeled-videos/1342422630854f70.mp4,gi
Kvasir-Capsule,kvasir-capsule-unlabeled-videos\kvasir-capsule-unlabeled-videos\199b056fd09f47c9.mp4,video,datasets/Kvasir-Capsule/kvasir-capsule-unlabeled-videos/kvasir-capsule-unlabeled-videos,-1,False,False,False,train,datasets/Kvasir-Capsule/kvasir-capsule-unlabeled-videos/kvasir-capsule-unlabeled-videos/199b056fd09f47c9.mp4,gi
Kvasir-Capsule,kvasir-capsule-unlabeled-videos\kvasir-capsule-unlabeled-videos\1a14ba6768604ae2.mp4,video,datasets/Kvasir-Capsule/kvasir-capsule-unlabeled-videos/kvasir-capsule-unlabeled-videos,-1,False,False,False,train,datasets/Kvasir-Capsule/kvasir-capsule-unlabeled-videos/kvasir-capsule-unlabeled-videos/1a14ba6768604ae2.mp4,gi
Kvasir-Capsule,kvasir-capsule-unlabeled-videos\kvasir-capsule-unlabeled-videos\2213cbc25f124b25.mp4,video,datasets/Kvasir-Capsule/kvasir-capsule-unlabeled-videos/kvasir-capsule-unlabeled-videos,-1,False,False,False,test,datasets/Kvasir-Capsule/kvasir-capsule-unlabeled-videos/kvasir-capsule-unlabeled-videos/2213cbc25f124b25.mp4,gi
Kvasir-Capsule,kvasir-capsule-unlabeled-videos\kvasir-capsule-unlabeled-videos\2317d66500394077.mp4,video,datasets/Kvasir-Capsule/kvasir-capsule-unlabeled-videos/kvasir-capsule-unlabeled-videos,-1,False,False,False,train,datasets/Kvasir-Capsule/kvasir-capsule-unlabeled-videos/kvasir-capsule-unlabeled-videos/2317d66500394077.mp4,gi
Kvasir-Capsule,kvasir-capsule-unlabeled-videos\kvasir-capsule-unlabeled-videos\231eb3a0fae54b98.mp4,video,datasets/Kvasir-Capsule/kvasir-capsule-unlabeled-videos/kvasir-capsule-unlabeled-videos,-1,False,False,False,train,datasets/Kvasir-Capsule/kvasir-capsule-unlabeled-videos/kvasir-capsule-unlabeled-videos/231eb3a0fae54b98.mp4,gi
Kvasir-Capsule,kvasir-capsule-unlabeled-videos\kvasir-capsule-unlabeled-videos\23f4d34a80d44c05.mp4,video,datasets/Kvasir-Capsule/kvasir-capsule-unlabeled-videos/kvasir-capsule-unlabeled-videos,-1,False,False,False,train,datasets/Kvasir-Capsule/kvasir-capsule-unlabeled-videos/kvasir-capsule-unlabeled-videos/23f4d34a80d44c05.mp4,gi
Kvasir-Capsule,kvasir-capsule-unlabeled-videos\kvasir-capsule-unlabeled-videos\23fb85eefa314dc3.mp4,video,datasets/Kvasir-Capsule/kvasir-capsule-unlabeled-videos/kvasir-capsule-unlabeled-videos,-1,False,False,False,train,datasets/Kvasir-Capsule/kvasir-capsule-unlabeled-videos/kvasir-capsule-unlabeled-videos/23fb85eefa314dc3.mp4,gi
Kvasir-Capsule,kvasir-capsule-unlabeled-videos\kvasir-capsule-unlabeled-videos\25551f9c7a3f424a.mp4,video,datasets/Kvasir-Capsule/kvasir-capsule-unlabeled-videos/kvasir-capsule-unlabeled-videos,-1,False,False,False,train,datasets/Kvasir-Capsule/kvasir-capsule-unlabeled-videos/kvasir-capsule-unlabeled-videos/25551f9c7a3f424a.mp4,gi
Kvasir-Capsule,kvasir-capsule-unlabeled-videos\kvasir-capsule-unlabeled-videos\2f513ad4ee5e4630.mp4,video,datasets/Kvasir-Capsule/kvasir-capsule-unlabeled-videos/kvasir-capsule-unlabeled-videos,-1,False,False,False,train,datasets/Kvasir-Capsule/kvasir-capsule-unlabeled-videos/kvasir-capsule-unlabeled-videos/2f513ad4ee5e4630.mp4,gi
Kvasir-Capsule,kvasir-capsule-unlabeled-videos\kvasir-capsule-unlabeled-videos\358f96d770a2410e.mp4,video,datasets/Kvasir-Capsule/kvasir-capsule-unlabeled-videos/kvasir-capsule-unlabeled-videos,-1,False,False,False,train,datasets/Kvasir-Capsule/kvasir-capsule-unlabeled-videos/kvasir-capsule-unlabeled-videos/358f96d770a2410e.mp4,gi
Kvasir-Capsule,kvasir-capsule-unlabeled-videos\kvasir-capsule-unlabeled-videos\3680a149fa3e4b0b.mp4,video,datasets/Kvasir-Capsule/kvasir-capsule-unlabeled-videos/kvasir-capsule-unlabeled-videos,-1,False,False,False,train,datasets/Kvasir-Capsule/kvasir-capsule-unlabeled-videos/kvasir-capsule-unlabeled-videos/3680a149fa3e4b0b.mp4,gi
Kvasir-Capsule,kvasir-capsule-unlabeled-videos\kvasir-capsule-unlabeled-videos\421b968fc5b74af1.mp4,video,datasets/Kvasir-Capsule/kvasir-capsule-unlabeled-videos/kvasir-capsule-unlabeled-videos,-1,False,False,False,val,datasets/Kvasir-Capsule/kvasir-capsule-unlabeled-videos/kvasir-capsule-unlabeled-videos/421b968fc5b74af1.mp4,gi
Kvasir-Capsule,kvasir-capsule-unlabeled-videos\kvasir-capsule-unlabeled-videos\429257154ce94be3.mp4,video,datasets/Kvasir-Capsule/kvasir-capsule-unlabeled-videos/kvasir-capsule-unlabeled-videos,-1,False,False,False,train,datasets/Kvasir-Capsule/kvasir-capsule-unlabeled-videos/kvasir-capsule-unlabeled-videos/429257154ce94be3.mp4,gi
Kvasir-Capsule,kvasir-capsule-unlabeled-videos\kvasir-capsule-unlabeled-videos\492a750169554d64.mp4,video,datasets/Kvasir-Capsule/kvasir-capsule-unlabeled-videos/kvasir-capsule-unlabeled-videos,-1,False,False,False,train,datasets/Kvasir-Capsule/kvasir-capsule-unlabeled-videos/kvasir-capsule-unlabeled-videos/492a750169554d64.mp4,gi
Kvasir-Capsule,kvasir-capsule-unlabeled-videos\kvasir-capsule-unlabeled-videos\4ab482cc46054935.mp4,video,datasets/Kvasir-Capsule/kvasir-capsule-unlabeled-videos/kvasir-capsule-unlabeled-videos,-1,False,False,False,val,datasets/Kvasir-Capsule/kvasir-capsule-unlabeled-videos/kvasir-capsule-unlabeled-videos/4ab482cc46054935.mp4,gi
Kvasir-Capsule,kvasir-capsule-unlabeled-videos\kvasir-capsule-unlabeled-videos\4c059b716bf84ea3.mp4,video,datasets/Kvasir-Capsule/kvasir-capsule-unlabeled-videos/kvasir-capsule-unlabeled-videos,-1,False,False,False,train,datasets/Kvasir-Capsule/kvasir-capsule-unlabeled-videos/kvasir-capsule-unlabeled-videos/4c059b716bf84ea3.mp4,gi
Kvasir-Capsule,kvasir-capsule-unlabeled-videos\kvasir-capsule-unlabeled-videos\4ed494e20fd349ad.mp4,video,datasets/Kvasir-Capsule/kvasir-capsule-unlabeled-videos/kvasir-capsule-unlabeled-videos,-1,False,False,False,train,datasets/Kvasir-Capsule/kvasir-capsule-unlabeled-videos/kvasir-capsule-unlabeled-videos/4ed494e20fd349ad.mp4,gi
Kvasir-Capsule,kvasir-capsule-unlabeled-videos\kvasir-capsule-unlabeled-videos\4fd5d5fabb1f4b47.mp4,video,datasets/Kvasir-Capsule/kvasir-capsule-unlabeled-videos/kvasir-capsule-unlabeled-videos,-1,False,False,False,train,datasets/Kvasir-Capsule/kvasir-capsule-unlabeled-videos/kvasir-capsule-unlabeled-videos/4fd5d5fabb1f4b47.mp4,gi
Kvasir-Capsule,kvasir-capsule-unlabeled-videos\kvasir-capsule-unlabeled-videos\4ff32d8a3768447b.mp4,video,datasets/Kvasir-Capsule/kvasir-capsule-unlabeled-videos/kvasir-capsule-unlabeled-videos,-1,False,False,False,train,datasets/Kvasir-Capsule/kvasir-capsule-unlabeled-videos/kvasir-capsule-unlabeled-videos/4ff32d8a3768447b.mp4,gi
Kvasir-Capsule,kvasir-capsule-unlabeled-videos\kvasir-capsule-unlabeled-videos\52a7ef6b38084c16.mp4,video,datasets/Kvasir-Capsule/kvasir-capsule-unlabeled-videos/kvasir-capsule-unlabeled-videos,-1,False,False,False,train,datasets/Kvasir-Capsule/kvasir-capsule-unlabeled-videos/kvasir-capsule-unlabeled-videos/52a7ef6b38084c16.mp4,gi
Kvasir-Capsule,kvasir-capsule-unlabeled-videos\kvasir-capsule-unlabeled-videos\563e2e69c3e344a5.mp4,video,datasets/Kvasir-Capsule/kvasir-capsule-unlabeled-videos/kvasir-capsule-unlabeled-videos,-1,False,False,False,test,datasets/Kvasir-Capsule/kvasir-capsule-unlabeled-videos/kvasir-capsule-unlabeled-videos/563e2e69c3e344a5.mp4,gi
Kvasir-Capsule,kvasir-capsule-unlabeled-videos\kvasir-capsule-unlabeled-videos\5a51763059e749d8.mp4,video,datasets/Kvasir-Capsule/kvasir-capsule-unlabeled-videos/kvasir-capsule-unlabeled-videos,-1,False,False,False,test,datasets/Kvasir-Capsule/kvasir-capsule-unlabeled-videos/kvasir-capsule-unlabeled-videos/5a51763059e749d8.mp4,gi
Kvasir-Capsule,kvasir-capsule-unlabeled-videos\kvasir-capsule-unlabeled-videos\5d480904787b471d.mp4,video,datasets/Kvasir-Capsule/kvasir-capsule-unlabeled-videos/kvasir-capsule-unlabeled-videos,-1,False,False,False,train,datasets/Kvasir-Capsule/kvasir-capsule-unlabeled-videos/kvasir-capsule-unlabeled-videos/5d480904787b471d.mp4,gi
Kvasir-Capsule,kvasir-capsule-unlabeled-videos\kvasir-capsule-unlabeled-videos\5f98cfbdcefb4b24.mp4,video,datasets/Kvasir-Capsule/kvasir-capsule-unlabeled-videos/kvasir-capsule-unlabeled-videos,-1,False,False,False,train,datasets/Kvasir-Capsule/kvasir-capsule-unlabeled-videos/kvasir-capsule-unlabeled-videos/5f98cfbdcefb4b24.mp4,gi
Kvasir-Capsule,kvasir-capsule-unlabeled-videos\kvasir-capsule-unlabeled-videos\61f06834552f4d09.mp4,video,datasets/Kvasir-Capsule/kvasir-capsule-unlabeled-videos/kvasir-capsule-unlabeled-videos,-1,False,False,False,train,datasets/Kvasir-Capsule/kvasir-capsule-unlabeled-videos/kvasir-capsule-unlabeled-videos/61f06834552f4d09.mp4,gi
Kvasir-Capsule,kvasir-capsule-unlabeled-videos\kvasir-capsule-unlabeled-videos\66939134473e44af.mp4,video,datasets/Kvasir-Capsule/kvasir-capsule-unlabeled-videos/kvasir-capsule-unlabeled-videos,-1,False,False,False,train,datasets/Kvasir-Capsule/kvasir-capsule-unlabeled-videos/kvasir-capsule-unlabeled-videos/66939134473e44af.mp4,gi
Kvasir-Capsule,kvasir-capsule-unlabeled-videos\kvasir-capsule-unlabeled-videos\6e2fb5dfcfe84a55.mp4,video,datasets/Kvasir-Capsule/kvasir-capsule-unlabeled-videos/kvasir-capsule-unlabeled-videos,-1,False,False,False,train,datasets/Kvasir-Capsule/kvasir-capsule-unlabeled-videos/kvasir-capsule-unlabeled-videos/6e2fb5dfcfe84a55.mp4,gi
Kvasir-Capsule,kvasir-capsule-unlabeled-videos\kvasir-capsule-unlabeled-videos\6ee6ca3e686d4d0a.mp4,video,datasets/Kvasir-Capsule/kvasir-capsule-unlabeled-videos/kvasir-capsule-unlabeled-videos,-1,False,False,False,train,datasets/Kvasir-Capsule/kvasir-capsule-unlabeled-videos/kvasir-capsule-unlabeled-videos/6ee6ca3e686d4d0a.mp4,gi
Kvasir-Capsule,kvasir-capsule-unlabeled-videos\kvasir-capsule-unlabeled-videos\747d45c19ad14a8c.mp4,video,datasets/Kvasir-Capsule/kvasir-capsule-unlabeled-videos/kvasir-capsule-unlabeled-videos,-1,False,False,False,train,datasets/Kvasir-Capsule/kvasir-capsule-unlabeled-videos/kvasir-capsule-unlabeled-videos/747d45c19ad14a8c.mp4,gi
Kvasir-Capsule,kvasir-capsule-unlabeled-videos\kvasir-capsule-unlabeled-videos\74aaa0963ec44812.mp4,video,datasets/Kvasir-Capsule/kvasir-capsule-unlabeled-videos/kvasir-capsule-unlabeled-videos,-1,False,False,False,test,datasets/Kvasir-Capsule/kvasir-capsule-unlabeled-videos/kvasir-capsule-unlabeled-videos/74aaa0963ec44812.mp4,gi
Kvasir-Capsule,kvasir-capsule-unlabeled-videos\kvasir-capsule-unlabeled-videos\751de939d2eb4dfc.mp4,video,datasets/Kvasir-Capsule/kvasir-capsule-unlabeled-videos/kvasir-capsule-unlabeled-videos,-1,False,False,False,train,datasets/Kvasir-Capsule/kvasir-capsule-unlabeled-videos/kvasir-capsule-unlabeled-videos/751de939d2eb4dfc.mp4,gi
Kvasir-Capsule,kvasir-capsule-unlabeled-videos\kvasir-capsule-unlabeled-videos\7f2eed29b57d4d69.mp4,video,datasets/Kvasir-Capsule/kvasir-capsule-unlabeled-videos/kvasir-capsule-unlabeled-videos,-1,False,False,False,train,datasets/Kvasir-Capsule/kvasir-capsule-unlabeled-videos/kvasir-capsule-unlabeled-videos/7f2eed29b57d4d69.mp4,gi
Kvasir-Capsule,kvasir-capsule-unlabeled-videos\kvasir-capsule-unlabeled-videos\805c383b48414cbf.mp4,video,datasets/Kvasir-Capsule/kvasir-capsule-unlabeled-videos/kvasir-capsule-unlabeled-videos,-1,False,False,False,train,datasets/Kvasir-Capsule/kvasir-capsule-unlabeled-videos/kvasir-capsule-unlabeled-videos/805c383b48414cbf.mp4,gi
Kvasir-Capsule,kvasir-capsule-unlabeled-videos\kvasir-capsule-unlabeled-videos\81236e118ae2480f.mp4,video,datasets/Kvasir-Capsule/kvasir-capsule-unlabeled-videos/kvasir-capsule-unlabeled-videos,-1,False,False,False,train,datasets/Kvasir-Capsule/kvasir-capsule-unlabeled-videos/kvasir-capsule-unlabeled-videos/81236e118ae2480f.mp4,gi
Kvasir-Capsule,kvasir-capsule-unlabeled-videos\kvasir-capsule-unlabeled-videos\83f180a29f3e40b4.mp4,video,datasets/Kvasir-Capsule/kvasir-capsule-unlabeled-videos/kvasir-capsule-unlabeled-videos,-1,False,False,False,val,datasets/Kvasir-Capsule/kvasir-capsule-unlabeled-videos/kvasir-capsule-unlabeled-videos/83f180a29f3e40b4.mp4,gi
Kvasir-Capsule,kvasir-capsule-unlabeled-videos\kvasir-capsule-unlabeled-videos\8601bf960ea44cae.mp4,video,datasets/Kvasir-Capsule/kvasir-capsule-unlabeled-videos/kvasir-capsule-unlabeled-videos,-1,False,False,False,train,datasets/Kvasir-Capsule/kvasir-capsule-unlabeled-videos/kvasir-capsule-unlabeled-videos/8601bf960ea44cae.mp4,gi
Kvasir-Capsule,kvasir-capsule-unlabeled-videos\kvasir-capsule-unlabeled-videos\8b6903e220784dd9.mp4,video,datasets/Kvasir-Capsule/kvasir-capsule-unlabeled-videos/kvasir-capsule-unlabeled-videos,-1,False,False,False,train,datasets/Kvasir-Capsule/kvasir-capsule-unlabeled-videos/kvasir-capsule-unlabeled-videos/8b6903e220784dd9.mp4,gi
Kvasir-Capsule,kvasir-capsule-unlabeled-videos\kvasir-capsule-unlabeled-videos\8dab1452e7e54550.mp4,video,datasets/Kvasir-Capsule/kvasir-capsule-unlabeled-videos/kvasir-capsule-unlabeled-videos,-1,False,False,False,train,datasets/Kvasir-Capsule/kvasir-capsule-unlabeled-videos/kvasir-capsule-unlabeled-videos/8dab1452e7e54550.mp4,gi
Kvasir-Capsule,kvasir-capsule-unlabeled-videos\kvasir-capsule-unlabeled-videos\8e0117d6d9c84d2b.mp4,video,datasets/Kvasir-Capsule/kvasir-capsule-unlabeled-videos/kvasir-capsule-unlabeled-videos,-1,False,False,False,val,datasets/Kvasir-Capsule/kvasir-capsule-unlabeled-videos/kvasir-capsule-unlabeled-videos/8e0117d6d9c84d2b.mp4,gi
Kvasir-Capsule,kvasir-capsule-unlabeled-videos\kvasir-capsule-unlabeled-videos\8ed53a953994488f.mp4,video,datasets/Kvasir-Capsule/kvasir-capsule-unlabeled-videos/kvasir-capsule-unlabeled-videos,-1,False,False,False,train,datasets/Kvasir-Capsule/kvasir-capsule-unlabeled-videos/kvasir-capsule-unlabeled-videos/8ed53a953994488f.mp4,gi
Kvasir-Capsule,kvasir-capsule-unlabeled-videos\kvasir-capsule-unlabeled-videos\8f263414d3de414d.mp4,video,datasets/Kvasir-Capsule/kvasir-capsule-unlabeled-videos/kvasir-capsule-unlabeled-videos,-1,False,False,False,train,datasets/Kvasir-Capsule/kvasir-capsule-unlabeled-videos/kvasir-capsule-unlabeled-videos/8f263414d3de414d.mp4,gi
Kvasir-Capsule,kvasir-capsule-unlabeled-videos\kvasir-capsule-unlabeled-videos\90440abfba254494.mp4,video,datasets/Kvasir-Capsule/kvasir-capsule-unlabeled-videos/kvasir-capsule-unlabeled-videos,-1,False,False,False,test,datasets/Kvasir-Capsule/kvasir-capsule-unlabeled-videos/kvasir-capsule-unlabeled-videos/90440abfba254494.mp4,gi
Kvasir-Capsule,kvasir-capsule-unlabeled-videos\kvasir-capsule-unlabeled-videos\90cb94b58b484306.mp4,video,datasets/Kvasir-Capsule/kvasir-capsule-unlabeled-videos/kvasir-capsule-unlabeled-videos,-1,False,False,False,val,datasets/Kvasir-Capsule/kvasir-capsule-unlabeled-videos/kvasir-capsule-unlabeled-videos/90cb94b58b484306.mp4,gi
Kvasir-Capsule,kvasir-capsule-unlabeled-videos\kvasir-capsule-unlabeled-videos\90e7cc8c498144b6.mp4,video,datasets/Kvasir-Capsule/kvasir-capsule-unlabeled-videos/kvasir-capsule-unlabeled-videos,-1,False,False,False,test,datasets/Kvasir-Capsule/kvasir-capsule-unlabeled-videos/kvasir-capsule-unlabeled-videos/90e7cc8c498144b6.mp4,gi
Kvasir-Capsule,kvasir-capsule-unlabeled-videos\kvasir-capsule-unlabeled-videos\96cb81a18bb34dcc.mp4,video,datasets/Kvasir-Capsule/kvasir-capsule-unlabeled-videos/kvasir-capsule-unlabeled-videos,-1,False,False,False,train,datasets/Kvasir-Capsule/kvasir-capsule-unlabeled-videos/kvasir-capsule-unlabeled-videos/96cb81a18bb34dcc.mp4,gi
Kvasir-Capsule,kvasir-capsule-unlabeled-videos\kvasir-capsule-unlabeled-videos\98c08c754fba418d.mp4,video,datasets/Kvasir-Capsule/kvasir-capsule-unlabeled-videos/kvasir-capsule-unlabeled-videos,-1,False,False,False,train,datasets/Kvasir-Capsule/kvasir-capsule-unlabeled-videos/kvasir-capsule-unlabeled-videos/98c08c754fba418d.mp4,gi
Kvasir-Capsule,kvasir-capsule-unlabeled-videos\kvasir-capsule-unlabeled-videos\9cfb233f909d46c4.mp4,video,datasets/Kvasir-Capsule/kvasir-capsule-unlabeled-videos/kvasir-capsule-unlabeled-videos,-1,False,False,False,test,datasets/Kvasir-Capsule/kvasir-capsule-unlabeled-videos/kvasir-capsule-unlabeled-videos/9cfb233f909d46c4.mp4,gi
Kvasir-Capsule,kvasir-capsule-unlabeled-videos\kvasir-capsule-unlabeled-videos\9d37bb4f8cc94731.mp4,video,datasets/Kvasir-Capsule/kvasir-capsule-unlabeled-videos/kvasir-capsule-unlabeled-videos,-1,False,False,False,train,datasets/Kvasir-Capsule/kvasir-capsule-unlabeled-videos/kvasir-capsule-unlabeled-videos/9d37bb4f8cc94731.mp4,gi
Kvasir-Capsule,kvasir-capsule-unlabeled-videos\kvasir-capsule-unlabeled-videos\9fa8a9d05c014789.mp4,video,datasets/Kvasir-Capsule/kvasir-capsule-unlabeled-videos/kvasir-capsule-unlabeled-videos,-1,False,False,False,train,datasets/Kvasir-Capsule/kvasir-capsule-unlabeled-videos/kvasir-capsule-unlabeled-videos/9fa8a9d05c014789.mp4,gi
Kvasir-Capsule,kvasir-capsule-unlabeled-videos\kvasir-capsule-unlabeled-videos\9fae4024b2e64a1b.mp4,video,datasets/Kvasir-Capsule/kvasir-capsule-unlabeled-videos/kvasir-capsule-unlabeled-videos,-1,False,False,False,train,datasets/Kvasir-Capsule/kvasir-capsule-unlabeled-videos/kvasir-capsule-unlabeled-videos/9fae4024b2e64a1b.mp4,gi
Kvasir-Capsule,kvasir-capsule-unlabeled-videos\kvasir-capsule-unlabeled-videos\ae546e326e594e64.mp4,video,datasets/Kvasir-Capsule/kvasir-capsule-unlabeled-videos/kvasir-capsule-unlabeled-videos,-1,False,False,False,train,datasets/Kvasir-Capsule/kvasir-capsule-unlabeled-videos/kvasir-capsule-unlabeled-videos/ae546e326e594e64.mp4,gi
Kvasir-Capsule,kvasir-capsule-unlabeled-videos\kvasir-capsule-unlabeled-videos\bc08ec3864244b70.mp4,video,datasets/Kvasir-Capsule/kvasir-capsule-unlabeled-videos/kvasir-capsule-unlabeled-videos,-1,False,False,False,train,datasets/Kvasir-Capsule/kvasir-capsule-unlabeled-videos/kvasir-capsule-unlabeled-videos/bc08ec3864244b70.mp4,gi
Kvasir-Capsule,kvasir-capsule-unlabeled-videos\kvasir-capsule-unlabeled-videos\be12a84047f64b9d.mp4,video,datasets/Kvasir-Capsule/kvasir-capsule-unlabeled-videos/kvasir-capsule-unlabeled-videos,-1,False,False,False,train,datasets/Kvasir-Capsule/kvasir-capsule-unlabeled-videos/kvasir-capsule-unlabeled-videos/be12a84047f64b9d.mp4,gi
Kvasir-Capsule,kvasir-capsule-unlabeled-videos\kvasir-capsule-unlabeled-videos\bf79bb7120234162.mp4,video,datasets/Kvasir-Capsule/kvasir-capsule-unlabeled-videos/kvasir-capsule-unlabeled-videos,-1,False,False,False,train,datasets/Kvasir-Capsule/kvasir-capsule-unlabeled-videos/kvasir-capsule-unlabeled-videos/bf79bb7120234162.mp4,gi
Kvasir-Capsule,kvasir-capsule-unlabeled-videos\kvasir-capsule-unlabeled-videos\c3946cdabade48c6.mp4,video,datasets/Kvasir-Capsule/kvasir-capsule-unlabeled-videos/kvasir-capsule-unlabeled-videos,-1,False,False,False,train,datasets/Kvasir-Capsule/kvasir-capsule-unlabeled-videos/kvasir-capsule-unlabeled-videos/c3946cdabade48c6.mp4,gi
Kvasir-Capsule,kvasir-capsule-unlabeled-videos\kvasir-capsule-unlabeled-videos\c468b4b7d36e4c72.mp4,video,datasets/Kvasir-Capsule/kvasir-capsule-unlabeled-videos/kvasir-capsule-unlabeled-videos,-1,False,False,False,train,datasets/Kvasir-Capsule/kvasir-capsule-unlabeled-videos/kvasir-capsule-unlabeled-videos/c468b4b7d36e4c72.mp4,gi
Kvasir-Capsule,kvasir-capsule-unlabeled-videos\kvasir-capsule-unlabeled-videos\c9b1858f498e4d40.mp4,video,datasets/Kvasir-Capsule/kvasir-capsule-unlabeled-videos/kvasir-capsule-unlabeled-videos,-1,False,False,False,train,datasets/Kvasir-Capsule/kvasir-capsule-unlabeled-videos/kvasir-capsule-unlabeled-videos/c9b1858f498e4d40.mp4,gi
Kvasir-Capsule,kvasir-capsule-unlabeled-videos\kvasir-capsule-unlabeled-videos\cfcc751c6cf44d3b.mp4,video,datasets/Kvasir-Capsule/kvasir-capsule-unlabeled-videos/kvasir-capsule-unlabeled-videos,-1,False,False,False,train,datasets/Kvasir-Capsule/kvasir-capsule-unlabeled-videos/kvasir-capsule-unlabeled-videos/cfcc751c6cf44d3b.mp4,gi
Kvasir-Capsule,kvasir-capsule-unlabeled-videos\kvasir-capsule-unlabeled-videos\d7d0013ac7704eae.mp4,video,datasets/Kvasir-Capsule/kvasir-capsule-unlabeled-videos/kvasir-capsule-unlabeled-videos,-1,False,False,False,train,datasets/Kvasir-Capsule/kvasir-capsule-unlabeled-videos/kvasir-capsule-unlabeled-videos/d7d0013ac7704eae.mp4,gi
Kvasir-Capsule,kvasir-capsule-unlabeled-videos\kvasir-capsule-unlabeled-videos\da002dfca6df48fa.mp4,video,datasets/Kvasir-Capsule/kvasir-capsule-unlabeled-videos/kvasir-capsule-unlabeled-videos,-1,False,False,False,val,datasets/Kvasir-Capsule/kvasir-capsule-unlabeled-videos/kvasir-capsule-unlabeled-videos/da002dfca6df48fa.mp4,gi
Kvasir-Capsule,kvasir-capsule-unlabeled-videos\kvasir-capsule-unlabeled-videos\dd23dc64d0944db0.mp4,video,datasets/Kvasir-Capsule/kvasir-capsule-unlabeled-videos/kvasir-capsule-unlabeled-videos,-1,False,False,False,train,datasets/Kvasir-Capsule/kvasir-capsule-unlabeled-videos/kvasir-capsule-unlabeled-videos/dd23dc64d0944db0.mp4,gi
Kvasir-Capsule,kvasir-capsule-unlabeled-videos\kvasir-capsule-unlabeled-videos\e1b8ab3edc594415.mp4,video,datasets/Kvasir-Capsule/kvasir-capsule-unlabeled-videos/kvasir-capsule-unlabeled-videos,-1,False,False,False,train,datasets/Kvasir-Capsule/kvasir-capsule-unlabeled-videos/kvasir-capsule-unlabeled-videos/e1b8ab3edc594415.mp4,gi
Kvasir-Capsule,kvasir-capsule-unlabeled-videos\kvasir-capsule-unlabeled-videos\e2ec9bac087f4573.mp4,video,datasets/Kvasir-Capsule/kvasir-capsule-unlabeled-videos/kvasir-capsule-unlabeled-videos,-1,False,False,False,train,datasets/Kvasir-Capsule/kvasir-capsule-unlabeled-videos/kvasir-capsule-unlabeled-videos/e2ec9bac087f4573.mp4,gi
Kvasir-Capsule,kvasir-capsule-unlabeled-videos\kvasir-capsule-unlabeled-videos\e3651eae6cd14d0d.mp4,video,datasets/Kvasir-Capsule/kvasir-capsule-unlabeled-videos/kvasir-capsule-unlabeled-videos,-1,False,False,False,train,datasets/Kvasir-Capsule/kvasir-capsule-unlabeled-videos/kvasir-capsule-unlabeled-videos/e3651eae6cd14d0d.mp4,gi
Kvasir-Capsule,kvasir-capsule-unlabeled-videos\kvasir-capsule-unlabeled-videos\e4da9040be064e2f.mp4,video,datasets/Kvasir-Capsule/kvasir-capsule-unlabeled-videos/kvasir-capsule-unlabeled-videos,-1,False,False,False,train,datasets/Kvasir-Capsule/kvasir-capsule-unlabeled-videos/kvasir-capsule-unlabeled-videos/e4da9040be064e2f.mp4,gi
Kvasir-Capsule,kvasir-capsule-unlabeled-videos\kvasir-capsule-unlabeled-videos\e65ce34d64094ded.mp4,video,datasets/Kvasir-Capsule/kvasir-capsule-unlabeled-videos/kvasir-capsule-unlabeled-videos,-1,False,False,False,train,datasets/Kvasir-Capsule/kvasir-capsule-unlabeled-videos/kvasir-capsule-unlabeled-videos/e65ce34d64094ded.mp4,gi
Kvasir-Capsule,kvasir-capsule-unlabeled-videos\kvasir-capsule-unlabeled-videos\eb29cc736838444d.mp4,video,datasets/Kvasir-Capsule/kvasir-capsule-unlabeled-videos/kvasir-capsule-unlabeled-videos,-1,False,False,False,test,datasets/Kvasir-Capsule/kvasir-capsule-unlabeled-videos/kvasir-capsule-unlabeled-videos/eb29cc736838444d.mp4,gi
Kvasir-Capsule,kvasir-capsule-unlabeled-videos\kvasir-capsule-unlabeled-videos\f693f1b3c60e4065.mp4,video,datasets/Kvasir-Capsule/kvasir-capsule-unlabeled-videos/kvasir-capsule-unlabeled-videos,-1,False,False,False,train,datasets/Kvasir-Capsule/kvasir-capsule-unlabeled-videos/kvasir-capsule-unlabeled-videos/f693f1b3c60e4065.mp4,gi
Kvasir-Capsule,kvasir-capsule-unlabeled-videos\kvasir-capsule-unlabeled-videos\f6a42c6e3f804539.mp4,video,datasets/Kvasir-Capsule/kvasir-capsule-unlabeled-videos/kvasir-capsule-unlabeled-videos,-1,False,False,False,train,datasets/Kvasir-Capsule/kvasir-capsule-unlabeled-videos/kvasir-capsule-unlabeled-videos/f6a42c6e3f804539.mp4,gi
Kvasir-Capsule,kvasir-capsule-unlabeled-videos\kvasir-capsule-unlabeled-videos\f7acef9e901f405c.mp4,video,datasets/Kvasir-Capsule/kvasir-capsule-unlabeled-videos/kvasir-capsule-unlabeled-videos,-1,False,False,False,train,datasets/Kvasir-Capsule/kvasir-capsule-unlabeled-videos/kvasir-capsule-unlabeled-videos/f7acef9e901f405c.mp4,gi
Kvasir-Capsule,kvasir-capsule-unlabeled-videos\kvasir-capsule-unlabeled-videos\f89e276571ce4538.mp4,video,datasets/Kvasir-Capsule/kvasir-capsule-unlabeled-videos/kvasir-capsule-unlabeled-videos,-1,False,False,False,train,datasets/Kvasir-Capsule/kvasir-capsule-unlabeled-videos/kvasir-capsule-unlabeled-videos/f89e276571ce4538.mp4,gi
Kvasir-Capsule,kvasir-capsule-labeled-videos\labelled_videos\04a78ef00c5245e0_frames,rgb,datasets/Kvasir-Capsule/kvasir-capsule-labeled-videos/labelled_videos/04a78ef00c5245e0_frames,3400,False,False,False,train,datasets/Kvasir-Capsule/kvasir-capsule-labeled-videos/labelled_videos/04a78ef00c5245e0_frames/frame_000000.jpg,gi
Kvasir-Capsule,kvasir-capsule-labeled-videos\labelled_videos\0531325b64674948_frames,rgb,datasets/Kvasir-Capsule/kvasir-capsule-labeled-videos/labelled_videos/0531325b64674948_frames,1077,False,False,False,train,datasets/Kvasir-Capsule/kvasir-capsule-labeled-videos/labelled_videos/0531325b64674948_frames/frame_000000.jpg,gi
Kvasir-Capsule,kvasir-capsule-labeled-videos\labelled_videos\0728084c8da942d9_frames,rgb,datasets/Kvasir-Capsule/kvasir-capsule-labeled-videos/labelled_videos/0728084c8da942d9_frames,3264,False,False,False,train,datasets/Kvasir-Capsule/kvasir-capsule-labeled-videos/labelled_videos/0728084c8da942d9_frames/frame_000000.jpg,gi
Kvasir-Capsule,kvasir-capsule-labeled-videos\labelled_videos\07c1fa15a20a4398_frames,rgb,datasets/Kvasir-Capsule/kvasir-capsule-labeled-videos/labelled_videos/07c1fa15a20a4398_frames,2575,False,False,False,train,datasets/Kvasir-Capsule/kvasir-capsule-labeled-videos/labelled_videos/07c1fa15a20a4398_frames/frame_000000.jpg,gi
Kvasir-Capsule,kvasir-capsule-labeled-videos\labelled_videos\131368cc17e44240_frames,rgb,datasets/Kvasir-Capsule/kvasir-capsule-labeled-videos/labelled_videos/131368cc17e44240_frames,2115,False,False,False,train,datasets/Kvasir-Capsule/kvasir-capsule-labeled-videos/labelled_videos/131368cc17e44240_frames/frame_000000.jpg,gi
Kvasir-Capsule,kvasir-capsule-labeled-videos\labelled_videos\2fc3db471f9d44c0_frames,rgb,datasets/Kvasir-Capsule/kvasir-capsule-labeled-videos/labelled_videos/2fc3db471f9d44c0_frames,5124,False,False,False,train,datasets/Kvasir-Capsule/kvasir-capsule-labeled-videos/labelled_videos/2fc3db471f9d44c0_frames/frame_000000.jpg,gi
Kvasir-Capsule,kvasir-capsule-labeled-videos\labelled_videos\39960e5e099a45ca_frames,rgb,datasets/Kvasir-Capsule/kvasir-capsule-labeled-videos/labelled_videos/39960e5e099a45ca_frames,2197,False,False,False,train,datasets/Kvasir-Capsule/kvasir-capsule-labeled-videos/labelled_videos/39960e5e099a45ca_frames/frame_000000.jpg,gi
Kvasir-Capsule,kvasir-capsule-labeled-videos\labelled_videos\3ada4222967f421d_frames,rgb,datasets/Kvasir-Capsule/kvasir-capsule-labeled-videos/labelled_videos/3ada4222967f421d_frames,2702,False,False,False,val,datasets/Kvasir-Capsule/kvasir-capsule-labeled-videos/labelled_videos/3ada4222967f421d_frames/frame_000000.jpg,gi
Kvasir-Capsule,kvasir-capsule-labeled-videos\labelled_videos\3c8d5f0b90d7475d_frames,rgb,datasets/Kvasir-Capsule/kvasir-capsule-labeled-videos/labelled_videos/3c8d5f0b90d7475d_frames,3003,False,False,False,train,datasets/Kvasir-Capsule/kvasir-capsule-labeled-videos/labelled_videos/3c8d5f0b90d7475d_frames/frame_000000.jpg,gi
Kvasir-Capsule,kvasir-capsule-labeled-videos\labelled_videos\4560e83f9afc4685_frames,rgb,datasets/Kvasir-Capsule/kvasir-capsule-labeled-videos/labelled_videos/4560e83f9afc4685_frames,2335,False,False,False,train,datasets/Kvasir-Capsule/kvasir-capsule-labeled-videos/labelled_videos/4560e83f9afc4685_frames/frame_000000.jpg,gi
Kvasir-Capsule,kvasir-capsule-labeled-videos\labelled_videos\48579eec79784294_frames,rgb,datasets/Kvasir-Capsule/kvasir-capsule-labeled-videos/labelled_videos/48579eec79784294_frames,2292,False,False,False,train,datasets/Kvasir-Capsule/kvasir-capsule-labeled-videos/labelled_videos/48579eec79784294_frames/frame_000000.jpg,gi
Kvasir-Capsule,kvasir-capsule-labeled-videos\labelled_videos\495f16498db34d3c_frames,rgb,datasets/Kvasir-Capsule/kvasir-capsule-labeled-videos/labelled_videos/495f16498db34d3c_frames,2193,False,False,False,test,datasets/Kvasir-Capsule/kvasir-capsule-labeled-videos/labelled_videos/495f16498db34d3c_frames/frame_000000.jpg,gi
Kvasir-Capsule,kvasir-capsule-labeled-videos\labelled_videos\4aebc5cb2d4847aa_frames,rgb,datasets/Kvasir-Capsule/kvasir-capsule-labeled-videos/labelled_videos/4aebc5cb2d4847aa_frames,1904,False,False,False,val,datasets/Kvasir-Capsule/kvasir-capsule-labeled-videos/labelled_videos/4aebc5cb2d4847aa_frames/frame_000000.jpg,gi
Kvasir-Capsule,kvasir-capsule-labeled-videos\labelled_videos\5bb1d3cc7dc64cec_frames,rgb,datasets/Kvasir-Capsule/kvasir-capsule-labeled-videos/labelled_videos/5bb1d3cc7dc64cec_frames,2279,False,False,False,train,datasets/Kvasir-Capsule/kvasir-capsule-labeled-videos/labelled_videos/5bb1d3cc7dc64cec_frames/frame_000000.jpg,gi
Kvasir-Capsule,kvasir-capsule-labeled-videos\labelled_videos\5e59c7fdb16c4228_frames,rgb,datasets/Kvasir-Capsule/kvasir-capsule-labeled-videos/labelled_videos/5e59c7fdb16c4228_frames,3199,False,False,False,train,datasets/Kvasir-Capsule/kvasir-capsule-labeled-videos/labelled_videos/5e59c7fdb16c4228_frames/frame_000000.jpg,gi
Kvasir-Capsule,kvasir-capsule-labeled-videos\labelled_videos\5e9beaf4e66142c8_frames,rgb,datasets/Kvasir-Capsule/kvasir-capsule-labeled-videos/labelled_videos/5e9beaf4e66142c8_frames,3290,False,False,False,train,datasets/Kvasir-Capsule/kvasir-capsule-labeled-videos/labelled_videos/5e9beaf4e66142c8_frames/frame_000000.jpg,gi
Kvasir-Capsule,kvasir-capsule-labeled-videos\labelled_videos\64440803f87b4843_frames,rgb,datasets/Kvasir-Capsule/kvasir-capsule-labeled-videos/labelled_videos/64440803f87b4843_frames,2205,False,False,False,train,datasets/Kvasir-Capsule/kvasir-capsule-labeled-videos/labelled_videos/64440803f87b4843_frames/frame_000000.jpg,gi
Kvasir-Capsule,kvasir-capsule-labeled-videos\labelled_videos\6cb700585c4f4070_frames,rgb,datasets/Kvasir-Capsule/kvasir-capsule-labeled-videos/labelled_videos/6cb700585c4f4070_frames,1773,False,False,False,train,datasets/Kvasir-Capsule/kvasir-capsule-labeled-videos/labelled_videos/6cb700585c4f4070_frames/frame_000000.jpg,gi
Kvasir-Capsule,kvasir-capsule-labeled-videos\labelled_videos\7a47e8eacea04e64_frames,rgb,datasets/Kvasir-Capsule/kvasir-capsule-labeled-videos/labelled_videos/7a47e8eacea04e64_frames,4391,False,False,False,train,datasets/Kvasir-Capsule/kvasir-capsule-labeled-videos/labelled_videos/7a47e8eacea04e64_frames/frame_000000.jpg,gi
Kvasir-Capsule,kvasir-capsule-labeled-videos\labelled_videos\7ad22d50ebaf4596_frames,rgb,datasets/Kvasir-Capsule/kvasir-capsule-labeled-videos/labelled_videos/7ad22d50ebaf4596_frames,2252,False,False,False,train,datasets/Kvasir-Capsule/kvasir-capsule-labeled-videos/labelled_videos/7ad22d50ebaf4596_frames/frame_000000.jpg,gi
Kvasir-Capsule,kvasir-capsule-labeled-videos\labelled_videos\8885668afb844852_frames,rgb,datasets/Kvasir-Capsule/kvasir-capsule-labeled-videos/labelled_videos/8885668afb844852_frames,2587,False,False,False,train,datasets/Kvasir-Capsule/kvasir-capsule-labeled-videos/labelled_videos/8885668afb844852_frames/frame_000000.jpg,gi
Kvasir-Capsule,kvasir-capsule-labeled-videos\labelled_videos\89cdd41258c542c5_frames,rgb,datasets/Kvasir-Capsule/kvasir-capsule-labeled-videos/labelled_videos/89cdd41258c542c5_frames,1987,False,False,False,train,datasets/Kvasir-Capsule/kvasir-capsule-labeled-videos/labelled_videos/89cdd41258c542c5_frames/frame_000000.jpg,gi
Kvasir-Capsule,kvasir-capsule-labeled-videos\labelled_videos\8a00709108cd4e2b_frames,rgb,datasets/Kvasir-Capsule/kvasir-capsule-labeled-videos/labelled_videos/8a00709108cd4e2b_frames,1176,False,False,False,train,datasets/Kvasir-Capsule/kvasir-capsule-labeled-videos/labelled_videos/8a00709108cd4e2b_frames/frame_000000.jpg,gi
Kvasir-Capsule,kvasir-capsule-labeled-videos\labelled_videos\8ebf0e483cac48d6_frames,rgb,datasets/Kvasir-Capsule/kvasir-capsule-labeled-videos/labelled_videos/8ebf0e483cac48d6_frames,1997,False,False,False,train,datasets/Kvasir-Capsule/kvasir-capsule-labeled-videos/labelled_videos/8ebf0e483cac48d6_frames/frame_000000.jpg,gi
Kvasir-Capsule,kvasir-capsule-labeled-videos\labelled_videos\ad91cf7ca91440aa_frames,rgb,datasets/Kvasir-Capsule/kvasir-capsule-labeled-videos/labelled_videos/ad91cf7ca91440aa_frames,2173,False,False,False,train,datasets/Kvasir-Capsule/kvasir-capsule-labeled-videos/labelled_videos/ad91cf7ca91440aa_frames/frame_000000.jpg,gi
Kvasir-Capsule,kvasir-capsule-labeled-videos\labelled_videos\af9bd7d0e43741e3_frames,rgb,datasets/Kvasir-Capsule/kvasir-capsule-labeled-videos/labelled_videos/af9bd7d0e43741e3_frames,2390,False,False,False,train,datasets/Kvasir-Capsule/kvasir-capsule-labeled-videos/labelled_videos/af9bd7d0e43741e3_frames/frame_000000.jpg,gi
Kvasir-Capsule,kvasir-capsule-labeled-videos\labelled_videos\b2134f4a6f864613_frames,rgb,datasets/Kvasir-Capsule/kvasir-capsule-labeled-videos/labelled_videos/b2134f4a6f864613_frames,1963,False,False,False,train,datasets/Kvasir-Capsule/kvasir-capsule-labeled-videos/labelled_videos/b2134f4a6f864613_frames/frame_000000.jpg,gi
Kvasir-Capsule,kvasir-capsule-labeled-videos\labelled_videos\bc84479c66fe4da6_frames,rgb,datasets/Kvasir-Capsule/kvasir-capsule-labeled-videos/labelled_videos/bc84479c66fe4da6_frames,4847,False,False,False,test,datasets/Kvasir-Capsule/kvasir-capsule-labeled-videos/labelled_videos/bc84479c66fe4da6_frames/frame_000000.jpg,gi
Kvasir-Capsule,kvasir-capsule-labeled-videos\labelled_videos\bca26705313a4644_frames,rgb,datasets/Kvasir-Capsule/kvasir-capsule-labeled-videos/labelled_videos/bca26705313a4644_frames,3228,False,False,False,train,datasets/Kvasir-Capsule/kvasir-capsule-labeled-videos/labelled_videos/bca26705313a4644_frames/frame_000000.jpg,gi
Kvasir-Capsule,kvasir-capsule-labeled-videos\labelled_videos\c11b28a8b2344716_frames,rgb,datasets/Kvasir-Capsule/kvasir-capsule-labeled-videos/labelled_videos/c11b28a8b2344716_frames,6781,False,False,False,train,datasets/Kvasir-Capsule/kvasir-capsule-labeled-videos/labelled_videos/c11b28a8b2344716_frames/frame_000000.jpg,gi
Kvasir-Capsule,kvasir-capsule-labeled-videos\labelled_videos\c7084b3556e34619_frames,rgb,datasets/Kvasir-Capsule/kvasir-capsule-labeled-videos/labelled_videos/c7084b3556e34619_frames,5622,False,False,False,train,datasets/Kvasir-Capsule/kvasir-capsule-labeled-videos/labelled_videos/c7084b3556e34619_frames/frame_000000.jpg,gi
Kvasir-Capsule,kvasir-capsule-labeled-videos\labelled_videos\d369e4f163df4aba_frames,rgb,datasets/Kvasir-Capsule/kvasir-capsule-labeled-videos/labelled_videos/d369e4f163df4aba_frames,5824,False,False,False,test,datasets/Kvasir-Capsule/kvasir-capsule-labeled-videos/labelled_videos/d369e4f163df4aba_frames/frame_000000.jpg,gi
Kvasir-Capsule,kvasir-capsule-labeled-videos\labelled_videos\d626f4f4a5ac4785_frames,rgb,datasets/Kvasir-Capsule/kvasir-capsule-labeled-videos/labelled_videos/d626f4f4a5ac4785_frames,3486,False,False,False,train,datasets/Kvasir-Capsule/kvasir-capsule-labeled-videos/labelled_videos/d626f4f4a5ac4785_frames/frame_000000.jpg,gi
Kvasir-Capsule,kvasir-capsule-labeled-videos\labelled_videos\d7a271f233ba4a40_frames,rgb,datasets/Kvasir-Capsule/kvasir-capsule-labeled-videos/labelled_videos/d7a271f233ba4a40_frames,2329,False,False,False,train,datasets/Kvasir-Capsule/kvasir-capsule-labeled-videos/labelled_videos/d7a271f233ba4a40_frames/frame_000000.jpg,gi
Kvasir-Capsule,kvasir-capsule-labeled-videos\labelled_videos\dac1e27f7e4d4ef5_frames,rgb,datasets/Kvasir-Capsule/kvasir-capsule-labeled-videos/labelled_videos/dac1e27f7e4d4ef5_frames,2080,False,False,False,val,datasets/Kvasir-Capsule/kvasir-capsule-labeled-videos/labelled_videos/dac1e27f7e4d4ef5_frames/frame_000000.jpg,gi
Kvasir-Capsule,kvasir-capsule-labeled-videos\labelled_videos\dc221ccc65d34010_frames,rgb,datasets/Kvasir-Capsule/kvasir-capsule-labeled-videos/labelled_videos/dc221ccc65d34010_frames,5623,False,False,False,train,datasets/Kvasir-Capsule/kvasir-capsule-labeled-videos/labelled_videos/dc221ccc65d34010_frames/frame_000000.jpg,gi
Kvasir-Capsule,kvasir-capsule-labeled-videos\labelled_videos\dca1377dec974312_frames,rgb,datasets/Kvasir-Capsule/kvasir-capsule-labeled-videos/labelled_videos/dca1377dec974312_frames,4959,False,False,False,train,datasets/Kvasir-Capsule/kvasir-capsule-labeled-videos/labelled_videos/dca1377dec974312_frames/frame_000000.jpg,gi
Kvasir-Capsule,kvasir-capsule-labeled-videos\labelled_videos\df6b47bafe5143f5_frames,rgb,datasets/Kvasir-Capsule/kvasir-capsule-labeled-videos/labelled_videos/df6b47bafe5143f5_frames,1283,False,False,False,test,datasets/Kvasir-Capsule/kvasir-capsule-labeled-videos/labelled_videos/df6b47bafe5143f5_frames/frame_000000.jpg,gi
Kvasir-Capsule,kvasir-capsule-labeled-videos\labelled_videos\eb0203196e284797_frames,rgb,datasets/Kvasir-Capsule/kvasir-capsule-labeled-videos/labelled_videos/eb0203196e284797_frames,1893,False,False,False,train,datasets/Kvasir-Capsule/kvasir-capsule-labeled-videos/labelled_videos/eb0203196e284797_frames/frame_000000.jpg,gi
Kvasir-Capsule,kvasir-capsule-labeled-videos\labelled_videos\ed02f27ef36f483e_frames,rgb,datasets/Kvasir-Capsule/kvasir-capsule-labeled-videos/labelled_videos/ed02f27ef36f483e_frames,3953,False,False,False,train,datasets/Kvasir-Capsule/kvasir-capsule-labeled-videos/labelled_videos/ed02f27ef36f483e_frames/frame_000000.jpg,gi
Kvasir-Capsule,kvasir-capsule-labeled-videos\labelled_videos\fb86bc87d3874cd7_frames,rgb,datasets/Kvasir-Capsule/kvasir-capsule-labeled-videos/labelled_videos/fb86bc87d3874cd7_frames,4494,False,False,False,val,datasets/Kvasir-Capsule/kvasir-capsule-labeled-videos/labelled_videos/fb86bc87d3874cd7_frames/frame_000000.jpg,gi
Kvasir-Capsule,kvasir-capsule-labeled-videos\labelled_videos\fc32def0e7194981_frames,rgb,datasets/Kvasir-Capsule/kvasir-capsule-labeled-videos/labelled_videos/fc32def0e7194981_frames,5940,False,False,False,train,datasets/Kvasir-Capsule/kvasir-capsule-labeled-videos/labelled_videos/fc32def0e7194981_frames/frame_000000.jpg,gi
Kvasir-Capsule,kvasir-capsule-labeled-videos\labelled_videos\fe5d372e43f94f68_frames,rgb,datasets/Kvasir-Capsule/kvasir-capsule-labeled-videos/labelled_videos/fe5d372e43f94f68_frames,1786,False,False,False,train,datasets/Kvasir-Capsule/kvasir-capsule-labeled-videos/labelled_videos/fe5d372e43f94f68_frames/frame_000000.jpg,gi
Kvasir-Capsule,kvasir-capsule-unlabeled-videos\kvasir-capsule-unlabeled-videos\055bbbec392b4f3a_frames,rgb,datasets/Kvasir-Capsule/kvasir-capsule-unlabeled-videos/kvasir-capsule-unlabeled-videos/055bbbec392b4f3a_frames,2436,False,False,False,train,datasets/Kvasir-Capsule/kvasir-capsule-unlabeled-videos/kvasir-capsule-unlabeled-videos/055bbbec392b4f3a_frames/frame_000000.jpg,gi
Kvasir-Capsule,kvasir-capsule-unlabeled-videos\kvasir-capsule-unlabeled-videos\08d09e4d7aa140f7_frames,rgb,datasets/Kvasir-Capsule/kvasir-capsule-unlabeled-videos/kvasir-capsule-unlabeled-videos/08d09e4d7aa140f7_frames,2600,False,False,False,train,datasets/Kvasir-Capsule/kvasir-capsule-unlabeled-videos/kvasir-capsule-unlabeled-videos/08d09e4d7aa140f7_frames/frame_000000.jpg,gi
Kvasir-Capsule,kvasir-capsule-unlabeled-videos\kvasir-capsule-unlabeled-videos\1342422630854f70_frames,rgb,datasets/Kvasir-Capsule/kvasir-capsule-unlabeled-videos/kvasir-capsule-unlabeled-videos/1342422630854f70_frames,3932,False,False,False,test,datasets/Kvasir-Capsule/kvasir-capsule-unlabeled-videos/kvasir-capsule-unlabeled-videos/1342422630854f70_frames/frame_000000.jpg,gi
Kvasir-Capsule,kvasir-capsule-unlabeled-videos\kvasir-capsule-unlabeled-videos\199b056fd09f47c9_frames,rgb,datasets/Kvasir-Capsule/kvasir-capsule-unlabeled-videos/kvasir-capsule-unlabeled-videos/199b056fd09f47c9_frames,1724,False,False,False,train,datasets/Kvasir-Capsule/kvasir-capsule-unlabeled-videos/kvasir-capsule-unlabeled-videos/199b056fd09f47c9_frames/frame_000000.jpg,gi
Kvasir-Capsule,kvasir-capsule-unlabeled-videos\kvasir-capsule-unlabeled-videos\1a14ba6768604ae2_frames,rgb,datasets/Kvasir-Capsule/kvasir-capsule-unlabeled-videos/kvasir-capsule-unlabeled-videos/1a14ba6768604ae2_frames,1505,False,False,False,train,datasets/Kvasir-Capsule/kvasir-capsule-unlabeled-videos/kvasir-capsule-unlabeled-videos/1a14ba6768604ae2_frames/frame_000000.jpg,gi
Kvasir-Capsule,kvasir-capsule-unlabeled-videos\kvasir-capsule-unlabeled-videos\2213cbc25f124b25_frames,rgb,datasets/Kvasir-Capsule/kvasir-capsule-unlabeled-videos/kvasir-capsule-unlabeled-videos/2213cbc25f124b25_frames,1967,False,False,False,train,datasets/Kvasir-Capsule/kvasir-capsule-unlabeled-videos/kvasir-capsule-unlabeled-videos/2213cbc25f124b25_frames/frame_000000.jpg,gi
Kvasir-Capsule,kvasir-capsule-unlabeled-videos\kvasir-capsule-unlabeled-videos\2317d66500394077_frames,rgb,datasets/Kvasir-Capsule/kvasir-capsule-unlabeled-videos/kvasir-capsule-unlabeled-videos/2317d66500394077_frames,5860,False,False,False,train,datasets/Kvasir-Capsule/kvasir-capsule-unlabeled-videos/kvasir-capsule-unlabeled-videos/2317d66500394077_frames/frame_000000.jpg,gi
Kvasir-Capsule,kvasir-capsule-unlabeled-videos\kvasir-capsule-unlabeled-videos\231eb3a0fae54b98_frames,rgb,datasets/Kvasir-Capsule/kvasir-capsule-unlabeled-videos/kvasir-capsule-unlabeled-videos/231eb3a0fae54b98_frames,1573,False,False,False,val,datasets/Kvasir-Capsule/kvasir-capsule-unlabeled-videos/kvasir-capsule-unlabeled-videos/231eb3a0fae54b98_frames/frame_000000.jpg,gi
Kvasir-Capsule,kvasir-capsule-unlabeled-videos\kvasir-capsule-unlabeled-videos\23f4d34a80d44c05_frames,rgb,datasets/Kvasir-Capsule/kvasir-capsule-unlabeled-videos/kvasir-capsule-unlabeled-videos/23f4d34a80d44c05_frames,1516,False,False,False,train,datasets/Kvasir-Capsule/kvasir-capsule-unlabeled-videos/kvasir-capsule-unlabeled-videos/23f4d34a80d44c05_frames/frame_000000.jpg,gi
Kvasir-Capsule,kvasir-capsule-unlabeled-videos\kvasir-capsule-unlabeled-videos\23fb85eefa314dc3_frames,rgb,datasets/Kvasir-Capsule/kvasir-capsule-unlabeled-videos/kvasir-capsule-unlabeled-videos/23fb85eefa314dc3_frames,3523,False,False,False,val,datasets/Kvasir-Capsule/kvasir-capsule-unlabeled-videos/kvasir-capsule-unlabeled-videos/23fb85eefa314dc3_frames/frame_000000.jpg,gi
Kvasir-Capsule,kvasir-capsule-unlabeled-videos\kvasir-capsule-unlabeled-videos\25551f9c7a3f424a_frames,rgb,datasets/Kvasir-Capsule/kvasir-capsule-unlabeled-videos/kvasir-capsule-unlabeled-videos/25551f9c7a3f424a_frames,5690,False,False,False,train,datasets/Kvasir-Capsule/kvasir-capsule-unlabeled-videos/kvasir-capsule-unlabeled-videos/25551f9c7a3f424a_frames/frame_000000.jpg,gi
Kvasir-Capsule,kvasir-capsule-unlabeled-videos\kvasir-capsule-unlabeled-videos\2f513ad4ee5e4630_frames,rgb,datasets/Kvasir-Capsule/kvasir-capsule-unlabeled-videos/kvasir-capsule-unlabeled-videos/2f513ad4ee5e4630_frames,2701,False,False,False,train,datasets/Kvasir-Capsule/kvasir-capsule-unlabeled-videos/kvasir-capsule-unlabeled-videos/2f513ad4ee5e4630_frames/frame_000000.jpg,gi
Kvasir-Capsule,kvasir-capsule-unlabeled-videos\kvasir-capsule-unlabeled-videos\358f96d770a2410e_frames,rgb,datasets/Kvasir-Capsule/kvasir-capsule-unlabeled-videos/kvasir-capsule-unlabeled-videos/358f96d770a2410e_frames,2278,False,False,False,train,datasets/Kvasir-Capsule/kvasir-capsule-unlabeled-videos/kvasir-capsule-unlabeled-videos/358f96d770a2410e_frames/frame_000000.jpg,gi
Kvasir-Capsule,kvasir-capsule-unlabeled-videos\kvasir-capsule-unlabeled-videos\3680a149fa3e4b0b_frames,rgb,datasets/Kvasir-Capsule/kvasir-capsule-unlabeled-videos/kvasir-capsule-unlabeled-videos/3680a149fa3e4b0b_frames,2743,False,False,False,train,datasets/Kvasir-Capsule/kvasir-capsule-unlabeled-videos/kvasir-capsule-unlabeled-videos/3680a149fa3e4b0b_frames/frame_000000.jpg,gi
Kvasir-Capsule,kvasir-capsule-unlabeled-videos\kvasir-capsule-unlabeled-videos\421b968fc5b74af1_frames,rgb,datasets/Kvasir-Capsule/kvasir-capsule-unlabeled-videos/kvasir-capsule-unlabeled-videos/421b968fc5b74af1_frames,2033,False,False,False,train,datasets/Kvasir-Capsule/kvasir-capsule-unlabeled-videos/kvasir-capsule-unlabeled-videos/421b968fc5b74af1_frames/frame_000000.jpg,gi
Kvasir-Capsule,kvasir-capsule-unlabeled-videos\kvasir-capsule-unlabeled-videos\429257154ce94be3_frames,rgb,datasets/Kvasir-Capsule/kvasir-capsule-unlabeled-videos/kvasir-capsule-unlabeled-videos/429257154ce94be3_frames,1503,False,False,False,test,datasets/Kvasir-Capsule/kvasir-capsule-unlabeled-videos/kvasir-capsule-unlabeled-videos/429257154ce94be3_frames/frame_000000.jpg,gi
Kvasir-Capsule,kvasir-capsule-unlabeled-videos\kvasir-capsule-unlabeled-videos\492a750169554d64_frames,rgb,datasets/Kvasir-Capsule/kvasir-capsule-unlabeled-videos/kvasir-capsule-unlabeled-videos/492a750169554d64_frames,2108,False,False,False,val,datasets/Kvasir-Capsule/kvasir-capsule-unlabeled-videos/kvasir-capsule-unlabeled-videos/492a750169554d64_frames/frame_000000.jpg,gi
Kvasir-Capsule,kvasir-capsule-unlabeled-videos\kvasir-capsule-unlabeled-videos\4ab482cc46054935_frames,rgb,datasets/Kvasir-Capsule/kvasir-capsule-unlabeled-videos/kvasir-capsule-unlabeled-videos/4ab482cc46054935_frames,1880,False,False,False,train,datasets/Kvasir-Capsule/kvasir-capsule-unlabeled-videos/kvasir-capsule-unlabeled-videos/4ab482cc46054935_frames/frame_000000.jpg,gi
Kvasir-Capsule,kvasir-capsule-unlabeled-videos\kvasir-capsule-unlabeled-videos\4c059b716bf84ea3_frames,rgb,datasets/Kvasir-Capsule/kvasir-capsule-unlabeled-videos/kvasir-capsule-unlabeled-videos/4c059b716bf84ea3_frames,1520,False,False,False,train,datasets/Kvasir-Capsule/kvasir-capsule-unlabeled-videos/kvasir-capsule-unlabeled-videos/4c059b716bf84ea3_frames/frame_000000.jpg,gi
Kvasir-Capsule,kvasir-capsule-unlabeled-videos\kvasir-capsule-unlabeled-videos\4ed494e20fd349ad_frames,rgb,datasets/Kvasir-Capsule/kvasir-capsule-unlabeled-videos/kvasir-capsule-unlabeled-videos/4ed494e20fd349ad_frames,1761,False,False,False,train,datasets/Kvasir-Capsule/kvasir-capsule-unlabeled-videos/kvasir-capsule-unlabeled-videos/4ed494e20fd349ad_frames/frame_000000.jpg,gi
Kvasir-Capsule,kvasir-capsule-unlabeled-videos\kvasir-capsule-unlabeled-videos\4fd5d5fabb1f4b47_frames,rgb,datasets/Kvasir-Capsule/kvasir-capsule-unlabeled-videos/kvasir-capsule-unlabeled-videos/4fd5d5fabb1f4b47_frames,1889,False,False,False,train,datasets/Kvasir-Capsule/kvasir-capsule-unlabeled-videos/kvasir-capsule-unlabeled-videos/4fd5d5fabb1f4b47_frames/frame_000000.jpg,gi
Kvasir-Capsule,kvasir-capsule-unlabeled-videos\kvasir-capsule-unlabeled-videos\4ff32d8a3768447b_frames,rgb,datasets/Kvasir-Capsule/kvasir-capsule-unlabeled-videos/kvasir-capsule-unlabeled-videos/4ff32d8a3768447b_frames,2309,False,False,False,train,datasets/Kvasir-Capsule/kvasir-capsule-unlabeled-videos/kvasir-capsule-unlabeled-videos/4ff32d8a3768447b_frames/frame_000000.jpg,gi
Kvasir-Capsule,kvasir-capsule-unlabeled-videos\kvasir-capsule-unlabeled-videos\52a7ef6b38084c16_frames,rgb,datasets/Kvasir-Capsule/kvasir-capsule-unlabeled-videos/kvasir-capsule-unlabeled-videos/52a7ef6b38084c16_frames,2398,False,False,False,val,datasets/Kvasir-Capsule/kvasir-capsule-unlabeled-videos/kvasir-capsule-unlabeled-videos/52a7ef6b38084c16_frames/frame_000000.jpg,gi
Kvasir-Capsule,kvasir-capsule-unlabeled-videos\kvasir-capsule-unlabeled-videos\563e2e69c3e344a5_frames,rgb,datasets/Kvasir-Capsule/kvasir-capsule-unlabeled-videos/kvasir-capsule-unlabeled-videos/563e2e69c3e344a5_frames,2358,False,False,False,val,datasets/Kvasir-Capsule/kvasir-capsule-unlabeled-videos/kvasir-capsule-unlabeled-videos/563e2e69c3e344a5_frames/frame_000000.jpg,gi
Kvasir-Capsule,kvasir-capsule-unlabeled-videos\kvasir-capsule-unlabeled-videos\5a51763059e749d8_frames,rgb,datasets/Kvasir-Capsule/kvasir-capsule-unlabeled-videos/kvasir-capsule-unlabeled-videos/5a51763059e749d8_frames,2082,False,False,False,train,datasets/Kvasir-Capsule/kvasir-capsule-unlabeled-videos/kvasir-capsule-unlabeled-videos/5a51763059e749d8_frames/frame_000000.jpg,gi
Kvasir-Capsule,kvasir-capsule-unlabeled-videos\kvasir-capsule-unlabeled-videos\5d480904787b471d_frames,rgb,datasets/Kvasir-Capsule/kvasir-capsule-unlabeled-videos/kvasir-capsule-unlabeled-videos/5d480904787b471d_frames,1813,False,False,False,val,datasets/Kvasir-Capsule/kvasir-capsule-unlabeled-videos/kvasir-capsule-unlabeled-videos/5d480904787b471d_frames/frame_000000.jpg,gi
Kvasir-Capsule,kvasir-capsule-unlabeled-videos\kvasir-capsule-unlabeled-videos\5f98cfbdcefb4b24_frames,rgb,datasets/Kvasir-Capsule/kvasir-capsule-unlabeled-videos/kvasir-capsule-unlabeled-videos/5f98cfbdcefb4b24_frames,1459,False,False,False,train,datasets/Kvasir-Capsule/kvasir-capsule-unlabeled-videos/kvasir-capsule-unlabeled-videos/5f98cfbdcefb4b24_frames/frame_000000.jpg,gi
Kvasir-Capsule,kvasir-capsule-unlabeled-videos\kvasir-capsule-unlabeled-videos\61f06834552f4d09_frames,rgb,datasets/Kvasir-Capsule/kvasir-capsule-unlabeled-videos/kvasir-capsule-unlabeled-videos/61f06834552f4d09_frames,2853,False,False,False,train,datasets/Kvasir-Capsule/kvasir-capsule-unlabeled-videos/kvasir-capsule-unlabeled-videos/61f06834552f4d09_frames/frame_000000.jpg,gi
Kvasir-Capsule,kvasir-capsule-unlabeled-videos\kvasir-capsule-unlabeled-videos\66939134473e44af_frames,rgb,datasets/Kvasir-Capsule/kvasir-capsule-unlabeled-videos/kvasir-capsule-unlabeled-videos/66939134473e44af_frames,3808,False,False,False,train,datasets/Kvasir-Capsule/kvasir-capsule-unlabeled-videos/kvasir-capsule-unlabeled-videos/66939134473e44af_frames/frame_000000.jpg,gi
Kvasir-Capsule,kvasir-capsule-unlabeled-videos\kvasir-capsule-unlabeled-videos\6e2fb5dfcfe84a55_frames,rgb,datasets/Kvasir-Capsule/kvasir-capsule-unlabeled-videos/kvasir-capsule-unlabeled-videos/6e2fb5dfcfe84a55_frames,1543,False,False,False,train,datasets/Kvasir-Capsule/kvasir-capsule-unlabeled-videos/kvasir-capsule-unlabeled-videos/6e2fb5dfcfe84a55_frames/frame_000000.jpg,gi
Kvasir-Capsule,kvasir-capsule-unlabeled-videos\kvasir-capsule-unlabeled-videos\6ee6ca3e686d4d0a_frames,rgb,datasets/Kvasir-Capsule/kvasir-capsule-unlabeled-videos/kvasir-capsule-unlabeled-videos/6ee6ca3e686d4d0a_frames,3279,False,False,False,train,datasets/Kvasir-Capsule/kvasir-capsule-unlabeled-videos/kvasir-capsule-unlabeled-videos/6ee6ca3e686d4d0a_frames/frame_000000.jpg,gi
Kvasir-Capsule,kvasir-capsule-unlabeled-videos\kvasir-capsule-unlabeled-videos\747d45c19ad14a8c_frames,rgb,datasets/Kvasir-Capsule/kvasir-capsule-unlabeled-videos/kvasir-capsule-unlabeled-videos/747d45c19ad14a8c_frames,6334,False,False,False,test,datasets/Kvasir-Capsule/kvasir-capsule-unlabeled-videos/kvasir-capsule-unlabeled-videos/747d45c19ad14a8c_frames/frame_000000.jpg,gi
Kvasir-Capsule,kvasir-capsule-unlabeled-videos\kvasir-capsule-unlabeled-videos\74aaa0963ec44812_frames,rgb,datasets/Kvasir-Capsule/kvasir-capsule-unlabeled-videos/kvasir-capsule-unlabeled-videos/74aaa0963ec44812_frames,1353,False,False,False,val,datasets/Kvasir-Capsule/kvasir-capsule-unlabeled-videos/kvasir-capsule-unlabeled-videos/74aaa0963ec44812_frames/frame_000000.jpg,gi
Kvasir-Capsule,kvasir-capsule-unlabeled-videos\kvasir-capsule-unlabeled-videos\751de939d2eb4dfc_frames,rgb,datasets/Kvasir-Capsule/kvasir-capsule-unlabeled-videos/kvasir-capsule-unlabeled-videos/751de939d2eb4dfc_frames,2000,False,False,False,train,datasets/Kvasir-Capsule/kvasir-capsule-unlabeled-videos/kvasir-capsule-unlabeled-videos/751de939d2eb4dfc_frames/frame_000000.jpg,gi
Kvasir-Capsule,kvasir-capsule-unlabeled-videos\kvasir-capsule-unlabeled-videos\7f2eed29b57d4d69_frames,rgb,datasets/Kvasir-Capsule/kvasir-capsule-unlabeled-videos/kvasir-capsule-unlabeled-videos/7f2eed29b57d4d69_frames,3653,False,False,False,train,datasets/Kvasir-Capsule/kvasir-capsule-unlabeled-videos/kvasir-capsule-unlabeled-videos/7f2eed29b57d4d69_frames/frame_000000.jpg,gi
Kvasir-Capsule,kvasir-capsule-unlabeled-videos\kvasir-capsule-unlabeled-videos\805c383b48414cbf_frames,rgb,datasets/Kvasir-Capsule/kvasir-capsule-unlabeled-videos/kvasir-capsule-unlabeled-videos/805c383b48414cbf_frames,1987,False,False,False,train,datasets/Kvasir-Capsule/kvasir-capsule-unlabeled-videos/kvasir-capsule-unlabeled-videos/805c383b48414cbf_frames/frame_000000.jpg,gi
Kvasir-Capsule,kvasir-capsule-unlabeled-videos\kvasir-capsule-unlabeled-videos\81236e118ae2480f_frames,rgb,datasets/Kvasir-Capsule/kvasir-capsule-unlabeled-videos/kvasir-capsule-unlabeled-videos/81236e118ae2480f_frames,2752,False,False,False,train,datasets/Kvasir-Capsule/kvasir-capsule-unlabeled-videos/kvasir-capsule-unlabeled-videos/81236e118ae2480f_frames/frame_000000.jpg,gi
Kvasir-Capsule,kvasir-capsule-unlabeled-videos\kvasir-capsule-unlabeled-videos\83f180a29f3e40b4_frames,rgb,datasets/Kvasir-Capsule/kvasir-capsule-unlabeled-videos/kvasir-capsule-unlabeled-videos/83f180a29f3e40b4_frames,2795,False,False,False,test,datasets/Kvasir-Capsule/kvasir-capsule-unlabeled-videos/kvasir-capsule-unlabeled-videos/83f180a29f3e40b4_frames/frame_000000.jpg,gi
Kvasir-Capsule,kvasir-capsule-unlabeled-videos\kvasir-capsule-unlabeled-videos\8601bf960ea44cae_frames,rgb,datasets/Kvasir-Capsule/kvasir-capsule-unlabeled-videos/kvasir-capsule-unlabeled-videos/8601bf960ea44cae_frames,2271,False,False,False,train,datasets/Kvasir-Capsule/kvasir-capsule-unlabeled-videos/kvasir-capsule-unlabeled-videos/8601bf960ea44cae_frames/frame_000000.jpg,gi
Kvasir-Capsule,kvasir-capsule-unlabeled-videos\kvasir-capsule-unlabeled-videos\8b6903e220784dd9_frames,rgb,datasets/Kvasir-Capsule/kvasir-capsule-unlabeled-videos/kvasir-capsule-unlabeled-videos/8b6903e220784dd9_frames,1943,False,False,False,train,datasets/Kvasir-Capsule/kvasir-capsule-unlabeled-videos/kvasir-capsule-unlabeled-videos/8b6903e220784dd9_frames/frame_000000.jpg,gi
Kvasir-Capsule,kvasir-capsule-unlabeled-videos\kvasir-capsule-unlabeled-videos\8dab1452e7e54550_frames,rgb,datasets/Kvasir-Capsule/kvasir-capsule-unlabeled-videos/kvasir-capsule-unlabeled-videos/8dab1452e7e54550_frames,1923,False,False,False,train,datasets/Kvasir-Capsule/kvasir-capsule-unlabeled-videos/kvasir-capsule-unlabeled-videos/8dab1452e7e54550_frames/frame_000000.jpg,gi
Kvasir-Capsule,kvasir-capsule-unlabeled-videos\kvasir-capsule-unlabeled-videos\8e0117d6d9c84d2b_frames,rgb,datasets/Kvasir-Capsule/kvasir-capsule-unlabeled-videos/kvasir-capsule-unlabeled-videos/8e0117d6d9c84d2b_frames,2274,False,False,False,train,datasets/Kvasir-Capsule/kvasir-capsule-unlabeled-videos/kvasir-capsule-unlabeled-videos/8e0117d6d9c84d2b_frames/frame_000000.jpg,gi
Kvasir-Capsule,kvasir-capsule-unlabeled-videos\kvasir-capsule-unlabeled-videos\8ed53a953994488f_frames,rgb,datasets/Kvasir-Capsule/kvasir-capsule-unlabeled-videos/kvasir-capsule-unlabeled-videos/8ed53a953994488f_frames,1873,False,False,False,test,datasets/Kvasir-Capsule/kvasir-capsule-unlabeled-videos/kvasir-capsule-unlabeled-videos/8ed53a953994488f_frames/frame_000000.jpg,gi
Kvasir-Capsule,kvasir-capsule-unlabeled-videos\kvasir-capsule-unlabeled-videos\8f263414d3de414d_frames,rgb,datasets/Kvasir-Capsule/kvasir-capsule-unlabeled-videos/kvasir-capsule-unlabeled-videos/8f263414d3de414d_frames,1085,False,False,False,val,datasets/Kvasir-Capsule/kvasir-capsule-unlabeled-videos/kvasir-capsule-unlabeled-videos/8f263414d3de414d_frames/frame_000000.jpg,gi
Kvasir-Capsule,kvasir-capsule-unlabeled-videos\kvasir-capsule-unlabeled-videos\90440abfba254494_frames,rgb,datasets/Kvasir-Capsule/kvasir-capsule-unlabeled-videos/kvasir-capsule-unlabeled-videos/90440abfba254494_frames,1838,False,False,False,train,datasets/Kvasir-Capsule/kvasir-capsule-unlabeled-videos/kvasir-capsule-unlabeled-videos/90440abfba254494_frames/frame_000000.jpg,gi
Kvasir-Capsule,kvasir-capsule-unlabeled-videos\kvasir-capsule-unlabeled-videos\90cb94b58b484306_frames,rgb,datasets/Kvasir-Capsule/kvasir-capsule-unlabeled-videos/kvasir-capsule-unlabeled-videos/90cb94b58b484306_frames,1892,False,False,False,train,datasets/Kvasir-Capsule/kvasir-capsule-unlabeled-videos/kvasir-capsule-unlabeled-videos/90cb94b58b484306_frames/frame_000000.jpg,gi
Kvasir-Capsule,kvasir-capsule-unlabeled-videos\kvasir-capsule-unlabeled-videos\90e7cc8c498144b6_frames,rgb,datasets/Kvasir-Capsule/kvasir-capsule-unlabeled-videos/kvasir-capsule-unlabeled-videos/90e7cc8c498144b6_frames,2798,False,False,False,train,datasets/Kvasir-Capsule/kvasir-capsule-unlabeled-videos/kvasir-capsule-unlabeled-videos/90e7cc8c498144b6_frames/frame_000000.jpg,gi
Kvasir-Capsule,kvasir-capsule-unlabeled-videos\kvasir-capsule-unlabeled-videos\96cb81a18bb34dcc_frames,rgb,datasets/Kvasir-Capsule/kvasir-capsule-unlabeled-videos/kvasir-capsule-unlabeled-videos/96cb81a18bb34dcc_frames,1996,False,False,False,train,datasets/Kvasir-Capsule/kvasir-capsule-unlabeled-videos/kvasir-capsule-unlabeled-videos/96cb81a18bb34dcc_frames/frame_000000.jpg,gi
Kvasir-Capsule,kvasir-capsule-unlabeled-videos\kvasir-capsule-unlabeled-videos\98c08c754fba418d_frames,rgb,datasets/Kvasir-Capsule/kvasir-capsule-unlabeled-videos/kvasir-capsule-unlabeled-videos/98c08c754fba418d_frames,2098,False,False,False,train,datasets/Kvasir-Capsule/kvasir-capsule-unlabeled-videos/kvasir-capsule-unlabeled-videos/98c08c754fba418d_frames/frame_000000.jpg,gi
Kvasir-Capsule,kvasir-capsule-unlabeled-videos\kvasir-capsule-unlabeled-videos\9cfb233f909d46c4_frames,rgb,datasets/Kvasir-Capsule/kvasir-capsule-unlabeled-videos/kvasir-capsule-unlabeled-videos/9cfb233f909d46c4_frames,1538,False,False,False,train,datasets/Kvasir-Capsule/kvasir-capsule-unlabeled-videos/kvasir-capsule-unlabeled-videos/9cfb233f909d46c4_frames/frame_000000.jpg,gi
Kvasir-Capsule,kvasir-capsule-unlabeled-videos\kvasir-capsule-unlabeled-videos\9d37bb4f8cc94731_frames,rgb,datasets/Kvasir-Capsule/kvasir-capsule-unlabeled-videos/kvasir-capsule-unlabeled-videos/9d37bb4f8cc94731_frames,2850,False,False,False,train,datasets/Kvasir-Capsule/kvasir-capsule-unlabeled-videos/kvasir-capsule-unlabeled-videos/9d37bb4f8cc94731_frames/frame_000000.jpg,gi
Kvasir-Capsule,kvasir-capsule-unlabeled-videos\kvasir-capsule-unlabeled-videos\9fa8a9d05c014789_frames,rgb,datasets/Kvasir-Capsule/kvasir-capsule-unlabeled-videos/kvasir-capsule-unlabeled-videos/9fa8a9d05c014789_frames,3730,False,False,False,train,datasets/Kvasir-Capsule/kvasir-capsule-unlabeled-videos/kvasir-capsule-unlabeled-videos/9fa8a9d05c014789_frames/frame_000000.jpg,gi
Kvasir-Capsule,kvasir-capsule-unlabeled-videos\kvasir-capsule-unlabeled-videos\9fae4024b2e64a1b_frames,rgb,datasets/Kvasir-Capsule/kvasir-capsule-unlabeled-videos/kvasir-capsule-unlabeled-videos/9fae4024b2e64a1b_frames,2041,False,False,False,train,datasets/Kvasir-Capsule/kvasir-capsule-unlabeled-videos/kvasir-capsule-unlabeled-videos/9fae4024b2e64a1b_frames/frame_000000.jpg,gi
Kvasir-Capsule,kvasir-capsule-unlabeled-videos\kvasir-capsule-unlabeled-videos\ae546e326e594e64_frames,rgb,datasets/Kvasir-Capsule/kvasir-capsule-unlabeled-videos/kvasir-capsule-unlabeled-videos/ae546e326e594e64_frames,2662,False,False,False,val,datasets/Kvasir-Capsule/kvasir-capsule-unlabeled-videos/kvasir-capsule-unlabeled-videos/ae546e326e594e64_frames/frame_000000.jpg,gi
Kvasir-Capsule,kvasir-capsule-unlabeled-videos\kvasir-capsule-unlabeled-videos\bc08ec3864244b70_frames,rgb,datasets/Kvasir-Capsule/kvasir-capsule-unlabeled-videos/kvasir-capsule-unlabeled-videos/bc08ec3864244b70_frames,1731,False,False,False,train,datasets/Kvasir-Capsule/kvasir-capsule-unlabeled-videos/kvasir-capsule-unlabeled-videos/bc08ec3864244b70_frames/frame_000000.jpg,gi
Kvasir-Capsule,kvasir-capsule-unlabeled-videos\kvasir-capsule-unlabeled-videos\be12a84047f64b9d_frames,rgb,datasets/Kvasir-Capsule/kvasir-capsule-unlabeled-videos/kvasir-capsule-unlabeled-videos/be12a84047f64b9d_frames,784,False,False,False,train,datasets/Kvasir-Capsule/kvasir-capsule-unlabeled-videos/kvasir-capsule-unlabeled-videos/be12a84047f64b9d_frames/frame_000000.jpg,gi
Kvasir-Capsule,kvasir-capsule-unlabeled-videos\kvasir-capsule-unlabeled-videos\bf79bb7120234162_frames,rgb,datasets/Kvasir-Capsule/kvasir-capsule-unlabeled-videos/kvasir-capsule-unlabeled-videos/bf79bb7120234162_frames,1920,False,False,False,train,datasets/Kvasir-Capsule/kvasir-capsule-unlabeled-videos/kvasir-capsule-unlabeled-videos/bf79bb7120234162_frames/frame_000000.jpg,gi
Kvasir-Capsule,kvasir-capsule-unlabeled-videos\kvasir-capsule-unlabeled-videos\c3946cdabade48c6_frames,rgb,datasets/Kvasir-Capsule/kvasir-capsule-unlabeled-videos/kvasir-capsule-unlabeled-videos/c3946cdabade48c6_frames,1994,False,False,False,train,datasets/Kvasir-Capsule/kvasir-capsule-unlabeled-videos/kvasir-capsule-unlabeled-videos/c3946cdabade48c6_frames/frame_000000.jpg,gi
Kvasir-Capsule,kvasir-capsule-unlabeled-videos\kvasir-capsule-unlabeled-videos\c468b4b7d36e4c72_frames,rgb,datasets/Kvasir-Capsule/kvasir-capsule-unlabeled-videos/kvasir-capsule-unlabeled-videos/c468b4b7d36e4c72_frames,2586,False,False,False,train,datasets/Kvasir-Capsule/kvasir-capsule-unlabeled-videos/kvasir-capsule-unlabeled-videos/c468b4b7d36e4c72_frames/frame_000000.jpg,gi
Kvasir-Capsule,kvasir-capsule-unlabeled-videos\kvasir-capsule-unlabeled-videos\c9b1858f498e4d40_frames,rgb,datasets/Kvasir-Capsule/kvasir-capsule-unlabeled-videos/kvasir-capsule-unlabeled-videos/c9b1858f498e4d40_frames,1150,False,False,False,test,datasets/Kvasir-Capsule/kvasir-capsule-unlabeled-videos/kvasir-capsule-unlabeled-videos/c9b1858f498e4d40_frames/frame_000000.jpg,gi
Kvasir-Capsule,kvasir-capsule-unlabeled-videos\kvasir-capsule-unlabeled-videos\cfcc751c6cf44d3b_frames,rgb,datasets/Kvasir-Capsule/kvasir-capsule-unlabeled-videos/kvasir-capsule-unlabeled-videos/cfcc751c6cf44d3b_frames,2466,False,False,False,train,datasets/Kvasir-Capsule/kvasir-capsule-unlabeled-videos/kvasir-capsule-unlabeled-videos/cfcc751c6cf44d3b_frames/frame_000000.jpg,gi
Kvasir-Capsule,kvasir-capsule-unlabeled-videos\kvasir-capsule-unlabeled-videos\d7d0013ac7704eae_frames,rgb,datasets/Kvasir-Capsule/kvasir-capsule-unlabeled-videos/kvasir-capsule-unlabeled-videos/d7d0013ac7704eae_frames,4036,False,False,False,test,datasets/Kvasir-Capsule/kvasir-capsule-unlabeled-videos/kvasir-capsule-unlabeled-videos/d7d0013ac7704eae_frames/frame_000000.jpg,gi
Kvasir-Capsule,kvasir-capsule-unlabeled-videos\kvasir-capsule-unlabeled-videos\da002dfca6df48fa_frames,rgb,datasets/Kvasir-Capsule/kvasir-capsule-unlabeled-videos/kvasir-capsule-unlabeled-videos/da002dfca6df48fa_frames,1935,False,False,False,train,datasets/Kvasir-Capsule/kvasir-capsule-unlabeled-videos/kvasir-capsule-unlabeled-videos/da002dfca6df48fa_frames/frame_000000.jpg,gi
Kvasir-Capsule,kvasir-capsule-unlabeled-videos\kvasir-capsule-unlabeled-videos\dd23dc64d0944db0_frames,rgb,datasets/Kvasir-Capsule/kvasir-capsule-unlabeled-videos/kvasir-capsule-unlabeled-videos/dd23dc64d0944db0_frames,2460,False,False,False,train,datasets/Kvasir-Capsule/kvasir-capsule-unlabeled-videos/kvasir-capsule-unlabeled-videos/dd23dc64d0944db0_frames/frame_000000.jpg,gi
Kvasir-Capsule,kvasir-capsule-unlabeled-videos\kvasir-capsule-unlabeled-videos\e1b8ab3edc594415_frames,rgb,datasets/Kvasir-Capsule/kvasir-capsule-unlabeled-videos/kvasir-capsule-unlabeled-videos/e1b8ab3edc594415_frames,3574,False,False,False,train,datasets/Kvasir-Capsule/kvasir-capsule-unlabeled-videos/kvasir-capsule-unlabeled-videos/e1b8ab3edc594415_frames/frame_000000.jpg,gi
Kvasir-Capsule,kvasir-capsule-unlabeled-videos\kvasir-capsule-unlabeled-videos\e2ec9bac087f4573_frames,rgb,datasets/Kvasir-Capsule/kvasir-capsule-unlabeled-videos/kvasir-capsule-unlabeled-videos/e2ec9bac087f4573_frames,4712,False,False,False,train,datasets/Kvasir-Capsule/kvasir-capsule-unlabeled-videos/kvasir-capsule-unlabeled-videos/e2ec9bac087f4573_frames/frame_000000.jpg,gi
Kvasir-Capsule,kvasir-capsule-unlabeled-videos\kvasir-capsule-unlabeled-videos\e3651eae6cd14d0d_frames,rgb,datasets/Kvasir-Capsule/kvasir-capsule-unlabeled-videos/kvasir-capsule-unlabeled-videos/e3651eae6cd14d0d_frames,5521,False,False,False,train,datasets/Kvasir-Capsule/kvasir-capsule-unlabeled-videos/kvasir-capsule-unlabeled-videos/e3651eae6cd14d0d_frames/frame_000000.jpg,gi
Kvasir-Capsule,kvasir-capsule-unlabeled-videos\kvasir-capsule-unlabeled-videos\e4da9040be064e2f_frames,rgb,datasets/Kvasir-Capsule/kvasir-capsule-unlabeled-videos/kvasir-capsule-unlabeled-videos/e4da9040be064e2f_frames,4868,False,False,False,test,datasets/Kvasir-Capsule/kvasir-capsule-unlabeled-videos/kvasir-capsule-unlabeled-videos/e4da9040be064e2f_frames/frame_000000.jpg,gi
Kvasir-Capsule,kvasir-capsule-unlabeled-videos\kvasir-capsule-unlabeled-videos\e65ce34d64094ded_frames,rgb,datasets/Kvasir-Capsule/kvasir-capsule-unlabeled-videos/kvasir-capsule-unlabeled-videos/e65ce34d64094ded_frames,2179,False,False,False,train,datasets/Kvasir-Capsule/kvasir-capsule-unlabeled-videos/kvasir-capsule-unlabeled-videos/e65ce34d64094ded_frames/frame_000000.jpg,gi
Kvasir-Capsule,kvasir-capsule-unlabeled-videos\kvasir-capsule-unlabeled-videos\eb29cc736838444d_frames,rgb,datasets/Kvasir-Capsule/kvasir-capsule-unlabeled-videos/kvasir-capsule-unlabeled-videos/eb29cc736838444d_frames,1147,False,False,False,train,datasets/Kvasir-Capsule/kvasir-capsule-unlabeled-videos/kvasir-capsule-unlabeled-videos/eb29cc736838444d_frames/frame_000000.jpg,gi
Kvasir-Capsule,kvasir-capsule-unlabeled-videos\kvasir-capsule-unlabeled-videos\f693f1b3c60e4065_frames,rgb,datasets/Kvasir-Capsule/kvasir-capsule-unlabeled-videos/kvasir-capsule-unlabeled-videos/f693f1b3c60e4065_frames,4558,False,False,False,val,datasets/Kvasir-Capsule/kvasir-capsule-unlabeled-videos/kvasir-capsule-unlabeled-videos/f693f1b3c60e4065_frames/frame_000000.jpg,gi
Kvasir-Capsule,kvasir-capsule-unlabeled-videos\kvasir-capsule-unlabeled-videos\f6a42c6e3f804539_frames,rgb,datasets/Kvasir-Capsule/kvasir-capsule-unlabeled-videos/kvasir-capsule-unlabeled-videos/f6a42c6e3f804539_frames,2630,False,False,False,train,datasets/Kvasir-Capsule/kvasir-capsule-unlabeled-videos/kvasir-capsule-unlabeled-videos/f6a42c6e3f804539_frames/frame_000000.jpg,gi
Kvasir-Capsule,kvasir-capsule-unlabeled-videos\kvasir-capsule-unlabeled-videos\f7acef9e901f405c_frames,rgb,datasets/Kvasir-Capsule/kvasir-capsule-unlabeled-videos/kvasir-capsule-unlabeled-videos/f7acef9e901f405c_frames,1671,False,False,False,train,datasets/Kvasir-Capsule/kvasir-capsule-unlabeled-videos/kvasir-capsule-unlabeled-videos/f7acef9e901f405c_frames/frame_000000.jpg,gi
Kvasir-Capsule,kvasir-capsule-unlabeled-videos\kvasir-capsule-unlabeled-videos\f89e276571ce4538_frames,rgb,datasets/Kvasir-Capsule/kvasir-capsule-unlabeled-videos/kvasir-capsule-unlabeled-videos/f89e276571ce4538_frames,1503,False,False,False,train,datasets/Kvasir-Capsule/kvasir-capsule-unlabeled-videos/kvasir-capsule-unlabeled-videos/f89e276571ce4538_frames/frame_000000.jpg,gi
CholecT50,CholecT50\videos\VID01,rgb,datasets/CholecT50/CholecT50/videos/VID01,1734,False,False,False,train,datasets/CholecT50/CholecT50/videos/VID01/000000.png,laparo
CholecT50,CholecT50\videos\VID02,rgb,datasets/CholecT50/CholecT50/videos/VID02,2840,False,False,False,train,datasets/CholecT50/CholecT50/videos/VID02/000000.png,laparo
CholecT50,CholecT50\videos\VID04,rgb,datasets/CholecT50/CholecT50/videos/VID04,1523,False,False,False,val,datasets/CholecT50/CholecT50/videos/VID04/000000.png,laparo
CholecT50,CholecT50\videos\VID05,rgb,datasets/CholecT50/CholecT50/videos/VID05,2345,False,False,False,train,datasets/CholecT50/CholecT50/videos/VID05/000000.png,laparo
CholecT50,CholecT50\videos\VID06,rgb,datasets/CholecT50/CholecT50/videos/VID06,2154,False,False,False,train,datasets/CholecT50/CholecT50/videos/VID06/000000.png,laparo
CholecT50,CholecT50\videos\VID08,rgb,datasets/CholecT50/CholecT50/videos/VID08,1520,False,False,False,train,datasets/CholecT50/CholecT50/videos/VID08/000000.png,laparo
CholecT50,CholecT50\videos\VID10,rgb,datasets/CholecT50/CholecT50/videos/VID10,1750,False,False,False,val,datasets/CholecT50/CholecT50/videos/VID10/000000.png,laparo
CholecT50,CholecT50\videos\VID103,rgb,datasets/CholecT50/CholecT50/videos/VID103,2220,False,False,False,train,datasets/CholecT50/CholecT50/videos/VID103/000000.png,laparo
CholecT50,CholecT50\videos\VID110,rgb,datasets/CholecT50/CholecT50/videos/VID110,2177,False,False,False,train,datasets/CholecT50/CholecT50/videos/VID110/000000.png,laparo
CholecT50,CholecT50\videos\VID111,rgb,datasets/CholecT50/CholecT50/videos/VID111,2146,False,False,False,test,datasets/CholecT50/CholecT50/videos/VID111/000000.png,laparo
CholecT50,CholecT50\videos\VID12,rgb,datasets/CholecT50/CholecT50/videos/VID12,1091,False,False,False,train,datasets/CholecT50/CholecT50/videos/VID12/000000.png,laparo
CholecT50,CholecT50\videos\VID13,rgb,datasets/CholecT50/CholecT50/videos/VID13,982,False,False,False,train,datasets/CholecT50/CholecT50/videos/VID13/000000.png,laparo
CholecT50,CholecT50\videos\VID14,rgb,datasets/CholecT50/CholecT50/videos/VID14,1709,False,False,False,train,datasets/CholecT50/CholecT50/videos/VID14/000000.png,laparo
CholecT50,CholecT50\videos\VID15,rgb,datasets/CholecT50/CholecT50/videos/VID15,2059,False,False,False,train,datasets/CholecT50/CholecT50/videos/VID15/000000.png,laparo
CholecT50,CholecT50\videos\VID18,rgb,datasets/CholecT50/CholecT50/videos/VID18,1943,False,False,False,train,datasets/CholecT50/CholecT50/videos/VID18/000000.png,laparo
CholecT50,CholecT50\videos\VID22,rgb,datasets/CholecT50/CholecT50/videos/VID22,1533,False,False,False,train,datasets/CholecT50/CholecT50/videos/VID22/000000.png,laparo
CholecT50,CholecT50\videos\VID23,rgb,datasets/CholecT50/CholecT50/videos/VID23,1636,False,False,False,test,datasets/CholecT50/CholecT50/videos/VID23/000000.png,laparo
CholecT50,CholecT50\videos\VID25,rgb,datasets/CholecT50/CholecT50/videos/VID25,2130,False,False,False,train,datasets/CholecT50/CholecT50/videos/VID25/000000.png,laparo
CholecT50,CholecT50\videos\VID26,rgb,datasets/CholecT50/CholecT50/videos/VID26,1774,False,False,False,train,datasets/CholecT50/CholecT50/videos/VID26/000000.png,laparo
CholecT50,CholecT50\videos\VID27,rgb,datasets/CholecT50/CholecT50/videos/VID27,2085,False,False,False,val,datasets/CholecT50/CholecT50/videos/VID27/000000.png,laparo
CholecT50,CholecT50\videos\VID29,rgb,datasets/CholecT50/CholecT50/videos/VID29,2351,False,False,False,train,datasets/CholecT50/CholecT50/videos/VID29/000000.png,laparo
CholecT50,CholecT50\videos\VID31,rgb,datasets/CholecT50/CholecT50/videos/VID31,3946,False,False,False,train,datasets/CholecT50/CholecT50/videos/VID31/000000.png,laparo
CholecT50,CholecT50\videos\VID32,rgb,datasets/CholecT50/CholecT50/videos/VID32,2117,False,False,False,train,datasets/CholecT50/CholecT50/videos/VID32/000000.png,laparo
CholecT50,CholecT50\videos\VID35,rgb,datasets/CholecT50/CholecT50/videos/VID35,2107,False,False,False,train,datasets/CholecT50/CholecT50/videos/VID35/000000.png,laparo
CholecT50,CholecT50\videos\VID36,rgb,datasets/CholecT50/CholecT50/videos/VID36,2388,False,False,False,train,datasets/CholecT50/CholecT50/videos/VID36/000000.png,laparo
CholecT50,CholecT50\videos\VID40,rgb,datasets/CholecT50/CholecT50/videos/VID40,2223,False,False,False,train,datasets/CholecT50/CholecT50/videos/VID40/000000.png,laparo
CholecT50,CholecT50\videos\VID42,rgb,datasets/CholecT50/CholecT50/videos/VID42,3713,False,False,False,train,datasets/CholecT50/CholecT50/videos/VID42/000000.png,laparo
CholecT50,CholecT50\videos\VID43,rgb,datasets/CholecT50/CholecT50/videos/VID43,2363,False,False,False,train,datasets/CholecT50/CholecT50/videos/VID43/000000.png,laparo
CholecT50,CholecT50\videos\VID47,rgb,datasets/CholecT50/CholecT50/videos/VID47,2260,False,False,False,train,datasets/CholecT50/CholecT50/videos/VID47/000000.png,laparo
CholecT50,CholecT50\videos\VID48,rgb,datasets/CholecT50/CholecT50/videos/VID48,1835,False,False,False,val,datasets/CholecT50/CholecT50/videos/VID48/000000.png,laparo
CholecT50,CholecT50\videos\VID49,rgb,datasets/CholecT50/CholecT50/videos/VID49,1672,False,False,False,train,datasets/CholecT50/CholecT50/videos/VID49/000000.png,laparo
CholecT50,CholecT50\videos\VID50,rgb,datasets/CholecT50/CholecT50/videos/VID50,1095,False,False,False,train,datasets/CholecT50/CholecT50/videos/VID50/000000.png,laparo
CholecT50,CholecT50\videos\VID51,rgb,datasets/CholecT50/CholecT50/videos/VID51,2945,False,False,False,train,datasets/CholecT50/CholecT50/videos/VID51/000000.png,laparo
CholecT50,CholecT50\videos\VID52,rgb,datasets/CholecT50/CholecT50/videos/VID52,1967,False,False,False,train,datasets/CholecT50/CholecT50/videos/VID52/000000.png,laparo
CholecT50,CholecT50\videos\VID56,rgb,datasets/CholecT50/CholecT50/videos/VID56,1837,False,False,False,train,datasets/CholecT50/CholecT50/videos/VID56/000000.png,laparo
CholecT50,CholecT50\videos\VID57,rgb,datasets/CholecT50/CholecT50/videos/VID57,2633,False,False,False,train,datasets/CholecT50/CholecT50/videos/VID57/000000.png,laparo
CholecT50,CholecT50\videos\VID60,rgb,datasets/CholecT50/CholecT50/videos/VID60,2533,False,False,False,train,datasets/CholecT50/CholecT50/videos/VID60/000000.png,laparo
CholecT50,CholecT50\videos\VID62,rgb,datasets/CholecT50/CholecT50/videos/VID62,2033,False,False,False,val,datasets/CholecT50/CholecT50/videos/VID62/000000.png,laparo
CholecT50,CholecT50\videos\VID65,rgb,datasets/CholecT50/CholecT50/videos/VID65,1874,False,False,False,train,datasets/CholecT50/CholecT50/videos/VID65/000000.png,laparo
CholecT50,CholecT50\videos\VID66,rgb,datasets/CholecT50/CholecT50/videos/VID66,1825,False,False,False,train,datasets/CholecT50/CholecT50/videos/VID66/000000.png,laparo
CholecT50,CholecT50\videos\VID68,rgb,datasets/CholecT50/CholecT50/videos/VID68,1973,False,False,False,train,datasets/CholecT50/CholecT50/videos/VID68/000000.png,laparo
CholecT50,CholecT50\videos\VID70,rgb,datasets/CholecT50/CholecT50/videos/VID70,1195,False,False,False,train,datasets/CholecT50/CholecT50/videos/VID70/000000.png,laparo
CholecT50,CholecT50\videos\VID73,rgb,datasets/CholecT50/CholecT50/videos/VID73,1357,False,False,False,train,datasets/CholecT50/CholecT50/videos/VID73/000000.png,laparo
CholecT50,CholecT50\videos\VID74,rgb,datasets/CholecT50/CholecT50/videos/VID74,1635,False,False,False,train,datasets/CholecT50/CholecT50/videos/VID74/000000.png,laparo
CholecT50,CholecT50\videos\VID75,rgb,datasets/CholecT50/CholecT50/videos/VID75,1924,False,False,False,train,datasets/CholecT50/CholecT50/videos/VID75/000000.png,laparo
CholecT50,CholecT50\videos\VID78,rgb,datasets/CholecT50/CholecT50/videos/VID78,740,False,False,False,train,datasets/CholecT50/CholecT50/videos/VID78/000000.png,laparo
CholecT50,CholecT50\videos\VID79,rgb,datasets/CholecT50/CholecT50/videos/VID79,3415,False,False,False,val,datasets/CholecT50/CholecT50/videos/VID79/000000.png,laparo
CholecT50,CholecT50\videos\VID80,rgb,datasets/CholecT50/CholecT50/videos/VID80,1725,False,False,False,train,datasets/CholecT50/CholecT50/videos/VID80/000000.png,laparo
CholecT50,CholecT50\videos\VID92,rgb,datasets/CholecT50/CholecT50/videos/VID92,2124,False,False,False,train,datasets/CholecT50/CholecT50/videos/VID92/000000.png,laparo
CholecT50,CholecT50\videos\VID96,rgb,datasets/CholecT50/CholecT50/videos/VID96,1707,False,False,False,val,datasets/CholecT50/CholecT50/videos/VID96/000000.png,laparo
